res_9,Health Care Systems,Food Access Systems,Emergency Systems,Education Systems,Financial Systems,Public Transport,Green Spaces Systems,Food and beverages,Other Systems,gross_amenity_score
8919582302bffff,,,,,,,,6,1,1.3
89194221467ffff,,,,,,,,,1,0.1
891940723b3ffff,,,,,,,,,2,0.2
89182a56157ffff,,,,,1,,,,,0.6
89182c10543ffff,,,,,1,,,1,,0.8
89194210cc3ffff,,,,,1,,,1,2,1
891942b5387ffff,,,,,1,,,,2,0.8
89194a4a60fffff,,,,,1,,,,,0.6
89194a9a3d3ffff,,,,,1,,,,,0.6
89194accbabffff,,,,1,2,,,1,1,2.3
89194ad0e5bffff,1,,,,2,,,8,1,3.9
89194ad32d7ffff,1,2,,,3,1,,7,1,6.85
89194adb547ffff,,,,,1,,,,,0.6
8919586b58bffff,,,,,1,,,1,,0.8
891959614c3ffff,,1,,,2,,,,,2.1
891959aa403ffff,1,2,,,1,,,,,3.4
891959aa573ffff,,1,,,1,,,,,1.5
891959ab053ffff,,,,,1,,,,,0.6
89195ac5527ffff,,1,,,3,,,2,2,3.3
8919723961bffff,,,,1,1,,,1,,1.6
891973358c3ffff,,,,,1,,,,2,0.8
89182844107ffff,,1,,,1,,,,,1.5
891828c00cfffff,2,4,,,1,,,10,2,8.4
891942525cbffff,,3,,,1,,,1,2,3.7
89194665033ffff,,,,,1,,,,,0.6
891948ccc8fffff,,,,1,1,,,2,3,2.1
89194adaedbffff,,,,,1,,,,2,0.8
891951b542bffff,,1,,,1,,,1,1,1.8
891951b7427ffff,,4,,,3,,,6,1,6.7
8919581830fffff,1,,,,1,,2,7,9,5.46
89195860aafffff,,,,,1,,,1,1,0.9
89195d2e08bffff,,,,,1,,,3,,1.2
89195d3822fffff,2,,,,2,,,2,,3.6
89197665a0fffff,3,3,,,1,,,5,1,7.4
891909ad277ffff,,,,,,,,1,,0.2
8919407242fffff,,,,,,,,2,1,0.5
8919420c953ffff,,,,,,,,1,,0.2
891942546cfffff,,2,,,,,,5,,2.8
891942cd0c7ffff,1,3,,,,,,8,1,5.4
891943b28cbffff,,,,,,,,1,,0.2
89194ad338fffff,,5,,,,,,3,,5.1
891958855cbffff,,,,,,,,10,1,2.1
89195c05b17ffff,,,,,,,,5,,1
89195da499bffff,,1,,1,,,,10,1,3.8
8919733532bffff,,,,,,,,3,1,0.7
89182c78bb7ffff,1,,,,,,1,1,1,2.08
8919518017bffff,,,,,,,2,,,1.56
89195a16e57ffff,,,,,,,3,,,2.34
89195c46667ffff,,,,,,,1,,,0.78
891952d452bffff,,,,,,,,,1,0.1
89182e59113ffff,,,,,,,,,3,0.3
89195da1b13ffff,,,,,,,,,1,0.1
89180182e57ffff,,1,,,,,,1,,1.1
891801a732bffff,,,,,,,,1,,0.2
89180cc067bffff,,,,,,,,1,,0.2
89182545c8fffff,,,,,,,,1,,0.2
891828964dbffff,,,,,,,,1,,0.2
89182a3a4a7ffff,2,,,,,,1,5,1,3.88
89182c8f2a7ffff,,1,,,,,,1,,1.1
89182d20d23ffff,,,,,,,,1,,0.2
89182e5a3d3ffff,,,,,,,,1,,0.2
8918746c567ffff,,2,,1,,,,3,1,3.3
8918746ed67ffff,,,,,,,,1,1,0.3
89190d564a3ffff,,,,,,,,1,1,0.3
89192a649c7ffff,,,,,,,,1,,0.2
89194100573ffff,,,,,,,,1,,0.2
89194105abbffff,,1,,,,,,1,,1.1
8919426202fffff,,,,,,,,2,,0.4
8919427424bffff,,,,,,,,1,,0.2
8919429a927ffff,,,,,,,,2,,0.4
89194305a27ffff,,,,,,,,1,,0.2
89194305d27ffff,,,,,,,,1,,0.2
891943d023bffff,,,,,,,,1,,0.2
89194854503ffff,,,,,,,,1,,0.2
89194a55583ffff,,,,,,,,1,,0.2
89194a721c7ffff,,1,,,,,2,3,,3.06
89194a8817bffff,,,,,,,,1,,0.2
89194ad118bffff,,,,,,,,2,,0.4
89194ad19abffff,,,,,,,,3,,0.6
89194ad1dabffff,,,,,,,,1,,0.2
89194ad2173ffff,2,1,,,,,,4,2,3.9
89194ad226bffff,,,,1,,,,2,,1.2
89194ad2423ffff,,,,,,,,1,,0.2
89194ad32b3ffff,,,,,,,,3,,0.6
89194ad9cd3ffff,1,,,,,,,2,1,1.5
89194ada487ffff,1,4,,,,,,5,1,5.7
89194e6594fffff,,,,,,,,1,,0.2
89194e6cb63ffff,,,,,,,,1,,0.2
89194e8652fffff,,,,,,,,1,,0.2
89194eb35abffff,,,,,,,,2,,0.4
89194ed41c3ffff,,,,,,,,1,,0.2
89194edb373ffff,,1,,,,,,2,,1.3
8919512f047ffff,,,,,,,,1,,0.2
89195189d93ffff,,,,,,,,1,,0.2
8919519a92fffff,,,,,,,,2,,0.4
891951a0377ffff,,,,,,,,2,,0.4
891951a2997ffff,,,,,,,,1,,0.2
891954acc53ffff,,3,,,,,,1,,2.9
89195810ea7ffff,,,,,,,,1,1,0.3
8919586b5abffff,,,,,,,,1,,0.2
8919588e80bffff,,1,,,,,,2,1,1.4
89195906ebbffff,,,,,,,,1,,0.2
89195970653ffff,1,4,,,,,,3,,5.2
89195986867ffff,,,,,,,,1,,0.2
8919598d24bffff,,,,,,,,1,,0.2
891959951c7ffff,,,,,,,,1,,0.2
891959b409bffff,1,,,,,,,1,,1.2
89195a11877ffff,,,,,,,,1,,0.2
89195a8ee87ffff,,,,,,,,1,,0.2
89195b46b03ffff,1,,,,,,,3,,1.6
89195b68033ffff,,1,,,,,,3,1,1.6
89195c06b37ffff,,,,,,,,1,,0.2
89195c3a50fffff,,,,,,,,1,,0.2
89195d09327ffff,,,,,,,,2,,0.4
89195d0932fffff,2,2,,,,,,9,1,5.7
89195d09b1bffff,,,,,,,,1,,0.2
89195d2b167ffff,,,,,,,,1,,0.2
89195da412bffff,1,,,,,,,1,,1.2
89195da4bc3ffff,,,,,,,,2,,0.4
89195da4dabffff,,,,,,,,3,1,0.7
89195da6d77ffff,1,,,,,,,7,,2.4
89195daf1a3ffff,,,,,,,,1,,0.2
891972455b7ffff,,,,,,,,1,,0.2
8919724f20bffff,,,,,,,,1,,0.2
8919727630bffff,,,,,,,,2,,0.4
89197276e8fffff,1,,,,,,,3,,1.6
8919728c68fffff,,,,,,,,1,,0.2
891972d49a7ffff,,,,,,,,1,,0.2
8919733522bffff,,,,,,,,1,,0.2
89197335a8fffff,,2,,,,,,1,1,2.1
8919733661bffff,1,2,,,,,,5,,3.8
891973adbabffff,1,,,,,,,1,,1.2
891973d707bffff,,,,,,,,4,,0.8
8919598886fffff,,,,,,,,2,1,0.5
8919728a587ffff,,,,,,,,,1,0.1
89182c12223ffff,,,,,,,,,1,0.1
89194adb537ffff,1,,,,,,,2,2,1.6
89195815cc7ffff,,,,,,,,,1,0.1
89182880b1bffff,,,,,,,,,1,0.1
8919423b603ffff,,,,,,,,,1,0.1
8919423b6bbffff,,,,,,,,,1,0.1
89194acc847ffff,,,,,,,,,1,0.1
8919518e83bffff,,,,,,,,,1,0.1
8919580c8d7ffff,,,,,,,,,1,0.1
89195565da7ffff,,,,,,,,,2,0.2
89195dad00fffff,,,,,,,,,1,0.1
891828b855bffff,1,,,,,,,,,1
89194041817ffff,1,,,,,,,,,1
89194ada1c7ffff,1,,,,,,,1,,1.2
89182e6a0d3ffff,,,,,,,,,1,0.1
891942c42cfffff,,,,,,,,,1,0.1
8919584e587ffff,,,,,,,,,2,0.2
89195198adbffff,1,,,,,,,1,,1.2
89195dbadbbffff,1,,,,,,,,1,1.1
89197335303ffff,1,,,,,,,,,1
891976296c7ffff,1,,,,,,,,1,1.1
89187471a1bffff,1,,,,,,,,,1
89195cc29dbffff,1,,,,,,,,,1
89195d24437ffff,1,,,,,,,,,1
891973358d7ffff,1,,,,,,,,,1
89195da4b67ffff,,,,,,,,2,1,0.5
891973d357bffff,,,,,,,,,1,0.1
89182e6c20fffff,1,2,,,,,,,,2.8
89187431ed7ffff,,1,,,,,,1,,1.1
891874accabffff,,1,,,,,,,,0.9
8919090412fffff,,1,,,,,,,,0.9
89190932dcbffff,,1,,,,,,1,,1.1
891909aead7ffff,,1,,,,,,2,,1.3
8919296c32bffff,,1,,,,,,,,0.9
891940726afffff,,4,,,,,,,1,3.7
891942433a7ffff,,1,,,,,,,,0.9
89194326997ffff,,1,,,,,,,,0.9
89194360c27ffff,,2,,,,,,,,1.8
891948c026fffff,,1,,,,,,,1,1
89194a103b3ffff,,1,,,,,,,,0.9
89194a72293ffff,,1,,1,,,,,1,1.8
89194a72537ffff,1,1,,,,,,,1,2
89194ad24a3ffff,,1,,,,,,,,0.9
89194ad31a3ffff,,1,,,,,,2,,1.3
89194ad3617ffff,,1,,,,,,,,0.9
89194adac6bffff,,1,,,,,,,,0.9
89194e2f513ffff,,2,,,,,,,,1.8
89194e65267ffff,,1,,,,,,,,0.9
89194e6d667ffff,,1,,,,,,1,1,1.2
8919518b34bffff,,1,,,,,,,,0.9
891951b408bffff,,1,,,,,,,,0.9
891951b5bbbffff,,1,,,,,,,,0.9
891953b6c6bffff,,1,,,,,,,,0.9
891955b4d3bffff,,1,,,,,,,,0.9
8919580c993ffff,,1,,,,,,,,0.9
89195839d03ffff,,1,,,,,,,,0.9
89195880923ffff,,1,,,,,,,1,1
8919588c06fffff,,1,,,,,,,1,1
89195912867ffff,,1,,,,,,1,1,1.2
891959a349bffff,1,1,,,,,,,,1.9
89195bc4517ffff,,1,,,,,,,,0.9
89195c0eba3ffff,,1,,,,,,,1,1
89195c14d33ffff,,1,,,,,,,,0.9
89195c64dd3ffff,,1,,,,,,,,0.9
89195c75b77ffff,,1,,,,,,,,0.9
89195cd024bffff,,1,,,,,,,,0.9
89195d284d7ffff,,2,,,,,,1,1,2.1
89195d2c5b7ffff,1,2,,,,,,,,2.8
89195d30883ffff,,1,,,,,,,,0.9
89195da4a73ffff,,2,,,,,,,,1.8
89195db5b37ffff,,1,,,,,,,,0.9
89197201427ffff,,2,,,,,,,1,1.9
8919727636bffff,,1,,,,,,,,0.9
89197337357ffff,1,1,,,,,,,,1.9
891973375b3ffff,,1,,1,,,,,1,1.8
89197388207ffff,,1,,,,,,1,2,1.3
891976bb25bffff,1,1,,,,,,2,,2.3
891805b4027ffff,,,,,,,,,1,0.1
89182c3a12fffff,,,,,,,,,1,0.1
8919432f423ffff,,,,,,,,,1,0.1
89195b73143ffff,,,,,,,,,1,0.1
89195d7b163ffff,,,,,,,,,1,0.1
89197276e17ffff,,,,,,,,1,1,0.3
8919587a287ffff,,,,1,,,,,,0.8
891972b9403ffff,,,,1,,,,,,0.8
89197322993ffff,,,,1,,,,,,0.8
891821cd63bffff,,1,,,,,,,,0.9
89194ac3303ffff,,,,1,,,,,,0.8
89194a0d2cfffff,,,,,,,2,1,2,1.96
89194a72577ffff,,,,,,,1,1,,0.98
89190d809b7ffff,,,,,,,,,1,0.1
891874acec3ffff,,,,,,,,1,1,0.3
891943bb24fffff,,,,,,,,,1,0.1
891948530a7ffff,,,,,,,,,1,0.1
891948533d3ffff,,,,,,,,,1,0.1
8919485b09bffff,,,,,,,,,1,0.1
89194e68a27ffff,,,,,,,,,1,0.1
89195910e33ffff,,,,,,,,,1,0.1
89195a11667ffff,,,,,,,,,1,0.1
89195c0ea23ffff,,,,,,,,,1,0.1
89195c3b683ffff,,,,,,,,,2,0.2
89195d8116bffff,,,,,,,,,1,0.1
89197290193ffff,,,,,,,,,2,0.2
8919731637bffff,1,,,,,,,,1,1.1
89197335a97ffff,,,,,,,,,1,0.1
8919557a217ffff,,,,,,,1,,,0.78
89194046a73ffff,1,,,,,,,,,1
89194ac5c37ffff,1,,,,,,,,,1
89194ace3d7ffff,1,,,,,,,,,1
89194e6a337ffff,1,,,,,,,,,1
89195837377ffff,1,,,,,,,,,1
8919597a10fffff,1,,,,,,,,,1
891959b44a3ffff,1,,,,,,,,,1
89195d422cfffff,1,,,,,,,,,1
89195dba097ffff,1,,,,,,,,,1
89197239347ffff,1,,,,,,,,,1
89197276ad3ffff,1,,,,,,,,1,1.1
8919422cb7bffff,,,,,,,,,1,0.1
89195d2ac07ffff,,,,,,,,,1,0.1
89182526e67ffff,,,,,,,,,1,0.1
891825b0b8bffff,,,,,,,,,1,0.1
891828c0023ffff,,,,,,,,,1,0.1
891875d1527ffff,,,,,,,,1,1,0.3
8919082d1afffff,,,,,,,,,1,0.1
89190e863afffff,,,,,,,,,1,0.1
8919292a867ffff,,,,,,,,,1,0.1
89194105d0fffff,,,,,,,,,1,0.1
891942ac3d7ffff,,,,,,,,,1,0.1
8919432637bffff,,,,,,,,,1,0.1
891948515cfffff,,,,,,,,,1,0.1
89194854443ffff,,,,,,,,,1,0.1
89194a4c503ffff,,,,,,,,,1,0.1
89194a4c8a3ffff,,,,,,,,2,1,0.5
89194a784dbffff,,,,,,,,,1,0.1
89194ac0147ffff,,,,,,,,,1,0.1
89194e81617ffff,,,,,,,,,1,0.1
89194e90d47ffff,,,,,,,,,1,0.1
89195115c0fffff,,,,,,,,,1,0.1
89195165d57ffff,,,,,,,,,1,0.1
8919520a0cfffff,,,,,,,,,1,0.1
891952468b7ffff,,,,,,,,,1,0.1
8919528d877ffff,,,,,,,,,1,0.1
891952d0063ffff,,,,,,,,,1,0.1
891952d6cbbffff,,,,,,,,,1,0.1
89195501527ffff,,,,,,,,,1,0.1
89195547173ffff,,,,,,,,,1,0.1
8919554b37bffff,,,,,,,,,1,0.1
89195842b83ffff,,,,,,,,,2,0.2
89195898027ffff,,,,,,,,,1,0.1
8919590c69bffff,,,,,,,,,1,0.1
89195912c0fffff,,,,,,,,,1,0.1
8919594d947ffff,,,,,,,,,1,0.1
8919597a313ffff,,,,,,,,,1,0.1
89195a1a34bffff,,,,,,,,,1,0.1
89195ab9623ffff,,,,,,,,,1,0.1
89195b6902bffff,,,,,,,,,1,0.1
89195b97333ffff,,,,,,,,,1,0.1
89195bab087ffff,,,,,,,,,1,0.1
89195c08187ffff,,,,,,,,,1,0.1
89195c0ca1bffff,,,,,,,,,1,0.1
89195c0e97bffff,,,,,,,,,1,0.1
89195c0ed33ffff,,,,,,,,,1,0.1
89195c3a67bffff,,,,,,,,,1,0.1
89195c4f617ffff,,,,,,,,,1,0.1
89195cad1d3ffff,,,,,,,,,1,0.1
89195cc2253ffff,,,,,,,,,1,0.1
89195d36177ffff,,,,,,,,,1,0.1
89195d86b43ffff,,,,,,,,,1,0.1
89195dc1453ffff,,,,,,,,,1,0.1
89195e1160bffff,,,,,,,,,1,0.1
89195ea5013ffff,,,,,,,,,1,0.1
8919733245bffff,,,,,,,,,1,0.1
89197335633ffff,,,,,,,,,1,0.1
89197608403ffff,,,,,,,,,1,0.1
89182a8ee33ffff,,,,,,,,1,,0.2
89182c17463ffff,,,,,,,,1,1,0.3
89182e2cd23ffff,,,,,,,,2,,0.4
891870d764fffff,,,,,,,,3,1,0.7
8919429050bffff,,,,,,,,1,,0.2
89194ad0d8fffff,,,,,,,,1,,0.2
89194ad14bbffff,,,,,,,,1,,0.2
89194ad310fffff,,,,,,,,4,,0.8
89194ec863bffff,,,,,,,,1,,0.2
891951b25d3ffff,,,,,,,,1,,0.2
89195520013ffff,,,,,,,,1,,0.2
8919584e3afffff,,,,,,,,1,,0.2
8919586b6dbffff,,,,,,,,1,,0.2
891959b364fffff,,,,,,,,1,,0.2
89195c875a3ffff,,,,,,,,1,,0.2
89195d2add7ffff,,,,,,,,2,,0.4
89195d2ca17ffff,,,,,,,,1,,0.2
89195d46693ffff,,,,,,,,1,,0.2
89195da68c3ffff,,,,,,,,1,,0.2
89195da6b33ffff,,,,,,,,1,,0.2
8919402a5c7ffff,,,,,,,,,2,0.2
8919542cab3ffff,,,,,,,,,1,0.1
89195da6cd7ffff,,,,,,,,,1,0.1
89197272237ffff,,,,,,,,,1,0.1
8918280d6a3ffff,,,,,,,,1,,0.2
89182a32213ffff,,,,,,,,1,,0.2
89182c0aac7ffff,,,,,,,,1,,0.2
89182c1012fffff,,,,,,,,1,,0.2
89190945d5bffff,,,,,,,,1,,0.2
89190dad31bffff,,,,,,,,1,,0.2
8919402c2a7ffff,,,,,,,,1,,0.2
8919413b41bffff,,,,,,,,1,,0.2
89194ad1093ffff,,,,,,,,2,,0.4
89194ad1e0bffff,,,,,,,,1,,0.2
89194e6b15bffff,,,,,,,,2,,0.4
89195475b1bffff,,,,,,,,1,,0.2
89195ab6667ffff,,,,,,,,1,,0.2
89197272a73ffff,,,,,,,,1,,0.2
891943d1c13ffff,,,,,,,,,1,0.1
89194214d43ffff,,,,,,,,,1,0.1
8919518c43bffff,,,,,,,,,1,0.1
89195c05b0fffff,,,,,,,,,1,0.1
89195c5b317ffff,,,,,,,,,1,0.1
891951d6d1bffff,,,,,,,,,1,0.1
89195d68edbffff,,,,,,,,,1,0.1
89194254897ffff,,,,,,,,,1,0.1
89194ad8407ffff,1,,,,,,,,,1
891951aad77ffff,1,,,,,,,,,1
89182c12927ffff,,,,,,,,4,1,0.9
891909af013ffff,,,,,1,,,1,,0.8
8919416c637ffff,,,,,1,,,,,0.6
89194a5181bffff,,1,,,1,,,,,1.5
89194ad9103ffff,,,,,1,,,2,,1
89195490157ffff,,1,,,3,,,5,1,3.8
89195871657ffff,,4,,,1,,,11,2,6.6
8919587a19bffff,,1,,,1,,,,,1.5
891959b99a7ffff,1,1,,,1,,,,,2.5
89195ab0113ffff,,,,,1,,,1,1,0.9
89195c046afffff,,1,,,1,,,,1,1.6
89195cc23afffff,,,,,1,,,,,0.6
89195d34223ffff,,,,,1,,,1,1,0.9
89195d34a8bffff,,,,,1,,,,,0.6
8919726f48fffff,,,,,1,,,,,0.6
89197278e6fffff,,,,,1,,,,,0.6
89182c1720bffff,1,1,,,2,,,,1,3.2
89194a72523ffff,,,,,1,,,5,2,1.8
89194a881b3ffff,,1,,,2,,,5,,3.1
89194e8e88fffff,,1,,,1,,,,1,1.6
89195123467ffff,,,,,2,,,5,,2.2
891959cce43ffff,,,,,1,,,2,,1
89195b46e9bffff,,,,,1,,,,,0.6
89195b6136fffff,,1,,,1,,,2,,1.9
89195d24bc3ffff,,1,,,1,,,4,,2.3
89195d2b1cbffff,,6,,,1,,,11,2,8.4
89195d2b1cfffff,,7,,,1,,,11,2,9.3
89197336613ffff,,,,1,1,,,2,,1.8
8918258580fffff,,,,,,,,2,,0.4
891909ac5a3ffff,,2,,,,,1,7,,3.98
89194a72077ffff,,,,,,,7,1,,5.66
89194ad152bffff,,3,,,,,,4,2,3.7
89194ad3253ffff,1,2,,,,,1,9,,5.38
89194ad3393ffff,,,,,,,,2,,0.4
89194e65d47ffff,,3,,,,,,10,5,5.2
89194ec9a73ffff,,,,1,,,,4,,1.6
89195a2d533ffff,,,,,,,,1,,0.2
89195b7a9b3ffff,2,,,,,,,4,,2.8
89195c384cfffff,1,6,,,,,,14,,9.2
89195c934a7ffff,,,,,,,,1,,0.2
89195da4837ffff,1,1,,,,,,14,,4.7
89195da4d37ffff,,,,,,,,8,1,1.7
89197329233ffff,,,,,,,,1,,0.2
89182e5954fffff,,,,,,,1,,,0.78
89194aaa36fffff,,,,,,,1,1,3,1.28
89195180317ffff,,,,,,,2,,,1.56
89195db482fffff,,,,,,,1,,,0.78
89197322c2bffff,,1,,,,,1,3,,2.28
89182ec0657ffff,1,,,,,,,,1,1.1
8919768eb23ffff,,,,1,,,,,1,0.9
89195bc6e0bffff,,3,,1,1,,,2,1,4.6
891805b4edbffff,,,,,,,,1,,0.2
89182189087ffff,,,,,,,,2,,0.4
89182c16c47ffff,2,4,,,,,,1,1,5.9
89182c8d383ffff,1,1,,,,,,1,,2.1
89182cab017ffff,,1,,,,,,1,,1.1
89182d49443ffff,,,,,,,,1,,0.2
8918746ea07ffff,,1,,,,,,1,1,1.2
891874ae327ffff,1,1,,,,,,1,,2.1
891874aeaabffff,,,,,,,,2,,0.4
891909ac177ffff,2,,,,,,,4,,2.8
891909ac1d3ffff,,,,,,,,1,,0.2
891909acb0bffff,,1,,,,,,1,,1.1
891909acddbffff,1,,,,,,,1,,1.2
891909aceb3ffff,,,,,,,,2,,0.4
89190b06ebbffff,,,,,,,,1,,0.2
89190e84363ffff,,,,,,,,1,,0.2
8919407353bffff,,2,,,,,,1,,2
891942cab9bffff,,1,,,,,,6,1,2.2
891943608afffff,,3,,,,,,2,,3.1
89194373687ffff,,,,,,,,1,,0.2
8919484296fffff,,,,,,,,1,,0.2
8919484a56bffff,,1,,,,,,1,,1.1
89194a0d6b3ffff,,,,,,,,1,1,0.3
89194ad3607ffff,,,,,,,,2,1,0.5
89194ad4b2fffff,,,,,,,,1,,0.2
89194ad8e5bffff,,,,,,,,1,,0.2
89194adb597ffff,,,,,,,,1,,0.2
89194e0d31bffff,,,,,,,,1,,0.2
89194e0e407ffff,1,1,,,,,,2,,2.3
89194e4943bffff,,,,,,,,1,,0.2
89194e505d7ffff,,,,,,,,1,,0.2
89194e8c953ffff,,,,,,,,1,,0.2
89194ed6a7bffff,,1,,,,,,9,,2.7
8919518019bffff,,,,,,,,1,,0.2
8919528f18fffff,,,,,,,,1,,0.2
891954998dbffff,1,,,,,,,2,,1.4
89195546967ffff,,1,,,,,,5,,1.9
89195578b07ffff,,,,,,,,1,,0.2
891955a1cc3ffff,,,,,,,,1,,0.2
891955a3043ffff,1,,,,,,,1,,1.2
89195822d0fffff,,1,,,,,,4,,1.7
89195844913ffff,1,,,1,,,,3,2,2.6
8919586e01bffff,,,,,,,,1,,0.2
89195879863ffff,,,,,,,,1,1,0.3
8919588e12bffff,,,,,,,,2,,0.4
89195970643ffff,,1,,,,,,2,,1.3
891959d4e2bffff,,,,,,,,1,,0.2
89195aa1aafffff,,,,,,,,1,1,0.3
89195ad756bffff,,,,,,,,1,,0.2
89195b8508fffff,,,,,,,,1,,0.2
89195c04b4fffff,1,,,,,,,1,,1.2
89195c2f433ffff,,,,,,,,1,,0.2
89195c340afffff,1,,,,,,,3,,1.6
89195c870cbffff,1,,,,,,,1,,1.2
89195ca01c3ffff,1,,,,,,,1,,1.2
89195ca1a13ffff,,,,,,,,2,,0.4
89195caa1cfffff,1,1,,,,,,3,1,2.6
89195d09ac7ffff,,,,1,,,,4,,1.6
89195d24a63ffff,,,,,,,,1,,0.2
89195d2abb7ffff,,,,1,,,,1,,1
89195d6e1a3ffff,,,,,,,,1,,0.2
89195d77317ffff,,,,,,,,1,,0.2
89195d80863ffff,,,,,,,,1,,0.2
89195d86d17ffff,,,,,,,,1,1,0.3
89195da4aafffff,,,,,,,,1,,0.2
89195da4d13ffff,,,,,,,,3,,0.6
89195dad25bffff,,1,,,,,,1,,1.1
89197215407ffff,,,,,,,,1,,0.2
8919722b0c3ffff,,,,,,,,1,,0.2
89197231697ffff,,,,,,,,1,,0.2
89197276193ffff,,,,,,,,2,,0.4
891972761a3ffff,3,1,,,,,,3,,4.5
8919728b1d7ffff,,,,,,,,1,,0.2
89197322c07ffff,,,,,,,,1,,0.2
89194e8732bffff,,,,,,,,,1,0.1
89190924257ffff,,,,,,,,,1,0.1
891940726bbffff,1,,,,,,,,1,1.1
8919422d057ffff,,,,,,,,,1,0.1
891959715d7ffff,,2,,,,,,2,2,2.4
89180cd0d6bffff,,,,,,,,,1,0.1
8919417146fffff,,,,,,,,,1,0.1
8919464dac3ffff,,,,,,,,,1,0.1
89195915417ffff,,,,,,,,,1,0.1
89195d294abffff,,,,,,,,,1,0.1
89195dc4bd7ffff,,,,,,,,,5,0.5
8919550d663ffff,5,2,,,,,,1,1,7.1
89195da5dc3ffff,1,,,,,,,,,1
89194ec9e43ffff,,,,,,,,,2,0.2
891951b70d7ffff,,,,,,,,,1,0.1
8919529a027ffff,,,,,,,,,1,0.1
89195da6e83ffff,,,,,,,,,1,0.1
89194adac93ffff,1,,,,,,,2,,1.4
891955d8123ffff,1,,,,,,,,,1
89195882e53ffff,2,,,,,,,,,2
89195d4691bffff,2,2,,,,,,1,1,4.1
89195da4b93ffff,1,1,,,,,,2,,2.3
891972002d3ffff,2,,,,,,,,,2
89197201933ffff,1,,,,,,,,,1
891972744b3ffff,1,,,,,,,,,1
89182501343ffff,1,,,,,,,,,1
89182c1a907ffff,1,,,1,,,,,,1.8
89194ad2363ffff,1,,,,,,,,,1
89195104043ffff,1,,,,,,,,,1
8919518b30bffff,1,,,,,,,,,1
891951b432fffff,1,,,,,,,,,1
891951b601bffff,1,,,1,,,,,,1.8
89195d36cb7ffff,1,1,,,,,,,1,2
89195da5b73ffff,1,,,,,,,,,1
8919762968bffff,1,,,,,,,,,1
8919768c9abffff,2,,,,,,,,,2
89182c2ca6bffff,,1,,,,,,1,,1.1
89182ec060bffff,,1,,,,,,,,0.9
891909a64dbffff,,1,,,,,,,,0.9
8919421a803ffff,,1,,,,,,,,0.9
8919421b38bffff,,1,,,,,,,,0.9
8919422a433ffff,,1,,,,,,,1,1
89194254b97ffff,,1,,,,,,1,,1.1
891942583cbffff,,1,,,,,,,,0.9
8919425a5dbffff,,1,,,,,,,,0.9
89194304a37ffff,,1,,,,,,,,0.9
89194325e1bffff,,1,,,,,,,,0.9
8919434db23ffff,,1,,,,,,2,,1.3
89194a796b3ffff,,2,,,,,,,,1.8
89194a82083ffff,,1,,,,,,,,0.9
89194ad22bbffff,,1,,,,,,1,,1.1
89194ad323bffff,,1,,,,,,1,,1.1
89194e61e0fffff,,2,,,,,,1,,2
89194e65d4bffff,,1,,,,,,,1,1
89194ec1527ffff,,1,,,,,,,,0.9
891951046cfffff,,2,,,,,,,,1.8
89195185edbffff,,2,,,,,,,1,1.9
891951aaca3ffff,,1,,,,,,1,,1.1
891951b33c7ffff,,1,,,,,,,,0.9
891951b595bffff,,1,,,,,,4,,1.7
891951b71cfffff,,1,,,,,,,,0.9
891951b7333ffff,,1,,,,,,1,,1.1
891951d6a97ffff,,1,,,,,,,,0.9
891959b5a4bffff,,1,,,,,,,1,1
89195c06b0fffff,,1,,,,,,,,0.9
89195c3aa47ffff,,1,,,,,,1,1,1.2
89195d2a0bbffff,,1,,,,,,,,0.9
89195d726c7ffff,,1,,,,,,,,0.9
89195d86dd7ffff,,1,,,,,,,1,1
89195da06c7ffff,,1,,,,,,,,0.9
89195da4eabffff,,1,,,,,,,,0.9
891972396a3ffff,,1,,,,,,,1,1
891972793cbffff,1,1,,,,,,,,1.9
89197290183ffff,,1,,,,,,1,,1.1
891973352cfffff,,2,,,,,,,,1.8
8919733626fffff,,1,,,,,,,,0.9
8918238dc4fffff,,,,,,,,,1,0.1
89182c16c6fffff,,,,,,,,,1,0.1
891909ac1abffff,,,,,,,,,1,0.1
891942cd527ffff,,,,,,,,,1,0.1
89195194e67ffff,,,,,,,,,1,0.1
8919566e867ffff,,,,,,,,,1,0.1
891959a9837ffff,,,,,,,,,1,0.1
89195daed4bffff,,,,,,,,,1,0.1
8919587a3dbffff,,,,1,,,,,,0.8
89182a6f49bffff,,,,1,,,,1,,1
891942082c3ffff,,,,1,,,,,,0.8
891948c18bbffff,,,,1,,,,,,0.8
89194ad8b27ffff,,,,1,,,,,,0.8
8919510633bffff,,,,1,,,,,,0.8
891951b29a7ffff,,,,1,,,,,,0.8
89195822167ffff,,,,1,,,,,,0.8
89195b5248fffff,1,,,1,,,,,,1.8
89195d09e87ffff,,,,1,,,,,,0.8
8919732718bffff,,,,1,,,,,1,0.9
89194a0d2c3ffff,,,,,,,1,,,0.78
89194a72397ffff,,,,,,,4,,,3.12
891874accafffff,,,,,,,,,1,0.1
8919410ed87ffff,,,,,,,,,1,0.1
89194305ccfffff,,,,,,,,,1,0.1
89194305d1bffff,,,,,,,,,1,0.1
89194e4952fffff,,,,,,,,,1,0.1
8919516b69bffff,,,,,,,,,1,0.1
891951d49c7ffff,,,,,,,,,1,0.1
8919581034bffff,,,,,,,,,1,0.1
89194ad16d3ffff,,,,,,,1,2,,1.18
89182ac130bffff,1,,,,,,,,,1
89182c17353ffff,1,,,,,,,,1,1.1
891942b9a6bffff,1,,,,,,,,1,1.1
89194362117ffff,1,,,,,,,,,1
89194a004c3ffff,1,,,,,,,,,1
89194a90267ffff,1,,,,,,,,,1
89194ac34b3ffff,1,,,,,,,,,1
89194e6cd27ffff,1,,,,,,,,1,1.1
89194e74307ffff,1,,,,,,,,,1
891951805c7ffff,1,,,,,,,,,1
8919518b32bffff,1,,,,,,,,,1
891951b2897ffff,1,,,,,,,,,1
89195d2f063ffff,1,,,,,,,,,1
89195dcd06bffff,1,,,,,,,,,1
89195ea0493ffff,1,,,,,,,,,1
891972386bbffff,1,,,,,,,,1,1.1
891972cc607ffff,1,,,,,,,,,1
8919732401bffff,1,,,,,,,,,1
8919422cda3ffff,,,,,,,,,1,0.1
8919435816bffff,,,,,,,,,1,0.1
89194ad0317ffff,,,,,,,,1,1,0.3
891821d5e0fffff,,,,,,,,,1,0.1
8918250ad13ffff,,,,,,,,,1,0.1
89182522c07ffff,,,,,,,,,1,0.1
89182c1040fffff,,,,,,,,,1,0.1
891870d241bffff,,,,,,,,,1,0.1
891870d75c3ffff,,,,,,,,,1,0.1
891875d3337ffff,,,,,,,,,1,0.1
891940416b3ffff,,,,,,,,,1,0.1
8919404939bffff,,,,,,,,,1,0.1
89194205bcbffff,,,,,,,,,1,0.1
89194208613ffff,,,,,,,,,1,0.1
8919420e01bffff,,,,,,,,,1,0.1
89194220a47ffff,,,,,,,,,1,0.1
8919423100fffff,,,,,,,,,1,0.1
8919423139bffff,,,,,,,,,1,0.1
8919424f61bffff,,,,,,,,,1,0.1
891942cce13ffff,,,,,,,,,1,0.1
89194624817ffff,,,,,,,,,1,0.1
89194675aabffff,,,,,,,,,1,0.1
891946ad667ffff,,,,,,,,,1,0.1
89194aa8487ffff,,,,,,,,,1,0.1
89194e68d4fffff,,,,,,,,,1,0.1
89194e68e33ffff,,,,,,,,,1,0.1
89194e7b1abffff,,,,,,,,,1,0.1
89194ed6c1bffff,,,,,,,,,1,0.1
891951020c3ffff,,,,,,,,,1,0.1
89195139d33ffff,,,,,,,,,1,0.1
891951b840fffff,,,,,,,,,1,0.1
89195241297ffff,,,,,,,,,1,0.1
89195246cbbffff,,,,,,,,,1,0.1
89195252c2bffff,,,,,,,,,1,0.1
89195254b53ffff,,,,,,,,,1,0.1
89195298133ffff,,,,,,,,,1,0.1
891952c93dbffff,,,,,,,,,1,0.1
891952cc64bffff,,,,,,,,,1,0.1
891952cc683ffff,,,,,,,,,1,0.1
8919540680bffff,,,,,,,,,1,0.1
8919550c9c3ffff,,,,,,,,,1,0.1
891955cb0b3ffff,,,,,,,,,1,0.1
8919566d2abffff,,,,,,,,,1,0.1
8919587646fffff,,,,,,,,,1,0.1
891958cab4bffff,,,,,,,,,1,0.1
89195948c33ffff,,,,,,,,,1,0.1
891959964b3ffff,,,,,,,,,1,0.1
891959b1873ffff,,,,,,,,,1,0.1
89195b15c3bffff,,,,,,,,,1,0.1
89195b44533ffff,,,,,,,,,1,0.1
89195b71103ffff,,,,,,,,,1,0.1
89195c04317ffff,,,,,,,,,1,0.1
89195c0697bffff,,,,,,,,,1,0.1
89195c0a9a3ffff,,,,,,,,,1,0.1
89195c336a7ffff,,,,,,,,,1,0.1
89195c3806fffff,,,,,,,,,1,0.1
89195c3a68bffff,,,,,,,,,1,0.1
89195c774b7ffff,,,,,,,,,2,0.2
89195caa1abffff,,,,,,,,,1,0.1
89195cac937ffff,,,,,,,,,1,0.1
89195cb9c57ffff,,,,,,,,,1,0.1
89195d2c05bffff,,,,,,,,,1,0.1
89195d2ea17ffff,,,,,,,,2,1,0.5
89195d44327ffff,,,,,,,,,1,0.1
89195d7423bffff,,,,,,,,,1,0.1
89195d78cabffff,,,,,,,,,1,0.1
89195dda22bffff,,,,,,,,1,1,0.3
89195e2104fffff,,,,,,,,,1,0.1
89195e699cfffff,,,,,,,,,1,0.1
89195e94297ffff,,,,,,,,,1,0.1
89197321133ffff,,,,,,,,,1,0.1
89195d80993ffff,,,,1,,,,,,0.8
89182c023dbffff,,,,,,,,3,,0.6
89182c1a3bbffff,,,,,,,,1,,0.2
891940cd0bbffff,,,,,,,,2,,0.4
89194262b3bffff,,,,,,,,1,,0.2
891943054d7ffff,,,,,,,,1,,0.2
89194321dc3ffff,,,,,,,,1,,0.2
89194a95b0fffff,,,,,,,,1,,0.2
89194ad06dbffff,,,,,,,,1,,0.2
89195840013ffff,,,,,,,,1,,0.2
891958475bbffff,,,,,,,,1,,0.2
8919584e8c3ffff,,,,,,,,1,,0.2
89195906d6bffff,,,,,,,,1,,0.2
89195a109bbffff,,,,,,,,1,,0.2
89195aa0ea7ffff,,,,,,,,1,,0.2
89195da6ec3ffff,,,,,,,,1,,0.2
89197216e4fffff,,,,,,,,1,,0.2
8919721631bffff,,,,,,,,1,,0.2
89180115467ffff,,,,,,,,,1,0.1
8919402c293ffff,,,,,,,,,1,0.1
8919583733bffff,,,,,,,,,1,0.1
89195906843ffff,,,,,,,,,1,0.1
8919591097bffff,,,,,,,,,1,0.1
89195c329a7ffff,,,,,,,,,1,0.1
89195d2e10fffff,,,,,,,,,1,0.1
891821b4ca3ffff,,,,,,,,1,,0.2
891828d4e07ffff,,,,,,,,1,,0.2
89182c8da2bffff,,,,,,,,1,,0.2
89182cd497bffff,,,,,,,,1,,0.2
8918746ea8fffff,,,,,,,,1,,0.2
89194269163ffff,,,,,,,,1,,0.2
891942c4347ffff,,,,,,,,1,,0.2
89194359cd3ffff,,,,,,,,1,,0.2
89194ad1103ffff,,,,,,,,2,,0.4
89194ad8853ffff,,,,,,,,3,,0.6
89194e144abffff,,,,,,,,1,,0.2
89194e38a6bffff,,,,,,,,1,,0.2
89194e69d77ffff,,,,,,,,1,,0.2
89194e80097ffff,,,,,,,,1,,0.2
8919513106fffff,,,,,,,,1,,0.2
891954486a7ffff,,,,,,,,1,,0.2
8919552daa3ffff,,,,,,,,1,,0.2
8919588557bffff,,,,,,,,1,,0.2
89195c688c7ffff,,,,,,,,1,,0.2
89195d2b34bffff,,,,,,,,1,,0.2
89195d36183ffff,,,,,,,,1,,0.2
89195da584fffff,,,,,,,,1,,0.2
89197324627ffff,,,,,,,,1,,0.2
8919012d90bffff,,,,,,,,,1,0.1
891951a92cbffff,,,,,,,,,1,0.1
89195bc5e37ffff,,,,,,,,,2,0.2
8919424533bffff,,,,,,,,,1,0.1
891943ce18fffff,,,,,,,,,1,0.1
89194ad4ab7ffff,,,,,,,,,1,0.1
89195a28b53ffff,,,,,,,,,1,0.1
89182c8f1b3ffff,,,,,,,,,1,0.1
89194e13007ffff,,,,,,,,,1,0.1
891952d6e43ffff,,,,,,,,,1,0.1
89195459397ffff,,,,1,,,,,,0.8
891909af02bffff,,,,,,,,,1,0.1
89182e30a03ffff,1,,,,,,,,,1
89195873233ffff,1,,,,,,,,,1
891951a196fffff,,,,,,,,,1,0.1
891946cd973ffff,,,,,,,,1,2,0.4
89180521163ffff,,1,,,1,,,,,1.5
89182a58e33ffff,1,,,,1,,,,,1.6
891909aee03ffff,1,,,,1,,,1,,1.8
891942c6bdbffff,,,,,1,,,,1,0.7
89194ad1517ffff,,,,,1,,,,,0.6
89194ad3013ffff,,3,,,1,,,7,1,4.8
89194ada657ffff,,,,,1,,,2,,1
89195180e6fffff,,,,,1,,,,2,0.8
8919586b1d3ffff,,,,,1,,,,5,1.1
89195991137ffff,1,3,,,1,,,,,4.3
89195daeb6fffff,,,,,2,,,,,1.2
8919726ac43ffff,,,,,1,,,,,0.6
89197274453ffff,,,,,1,,,,1,0.7
891972745c3ffff,,,,,1,,,,,0.6
891805ba8a3ffff,,,,,1,,,,1,0.7
8918216c67bffff,1,,,,1,,,1,,1.8
891828cd483ffff,1,,,,1,,,,,1.6
891909ac507ffff,1,6,,,4,,,20,,12.8
8919429665bffff,,,,,1,,,,1,0.7
89194a88babffff,1,1,,,1,,,3,,3.1
89194ad2293ffff,1,,,,1,,1,6,3,3.88
8919519ac6bffff,4,3,,,3,,1,13,3,12.18
891951b6967ffff,1,,,,1,,,,,1.6
89195b00e23ffff,2,2,,,1,,,5,1,5.5
89195b8c30bffff,1,,,,1,,,,1,1.7
89195daeccbffff,,2,,,1,,,,,2.4
89195db4867ffff,,1,,1,1,,,1,,2.5
89195e712c7ffff,1,2,,,1,,,4,1,4.3
8919720332fffff,2,1,,,4,,,1,1,5.6
89182c172b7ffff,,2,,,,,,5,,2.8
8918740f34bffff,,,,,,,,1,,0.2
8919429a9d3ffff,,2,,,,,,11,,4
89194ad3233ffff,1,,,,,,,1,,1.2
89194ad346fffff,,3,,,,,,9,,4.5
89194e0d32fffff,1,,,,,,,2,,1.4
89194ed41b7ffff,,1,,,,,,4,,1.7
89195b6ad93ffff,,,,,,,,4,1,0.9
8919720c867ffff,,,,,,,,1,,0.2
891973366cfffff,1,,,,,,,4,,1.8
89182e586cfffff,,,,,,,3,,,2.34
89194ad313bffff,,,,,,,1,,,0.78
89195180337ffff,,,,,,,3,,,2.34
891952d4597ffff,1,,,,,,,,1,1.1
89182c10aabffff,,,,,,,,,1,0.1
89195da4223ffff,,,,,,,,,1,0.1
89182585977ffff,,,,,,,,1,,0.2
891828c00dbffff,,1,,,,,,1,1,1.2
89182c1742fffff,1,2,,,,,,4,1,3.7
89182c176a3ffff,2,,,,,,,2,1,2.5
89182e6e033ffff,,,,,,,,1,,0.2
89182e6f3b3ffff,,,,,,,,2,1,0.5
891870d1653ffff,,,,,,,,1,,0.2
89187290573ffff,,,,,,,,1,1,0.3
891874124d7ffff,,,,,,,,1,,0.2
891909ac067ffff,,,,,,,,1,,0.2
89190dadc2bffff,,,,,,,,1,,0.2
89190dc551bffff,,,,,,,,1,,0.2
8919410eba3ffff,,,,,,,,1,3,0.5
8919420161bffff,,1,,,,,,1,,1.1
8919420910bffff,,,,,,,,1,,0.2
8919420c1cfffff,,,,,,,,1,,0.2
8919421a657ffff,,,,,,,,1,,0.2
8919426d00bffff,,,,,,,,1,,0.2
89194279843ffff,,,,,,,,2,1,0.5
8919428f113ffff,,,,,,,,1,,0.2
8919429a973ffff,,,,,,,,1,,0.2
891942c522bffff,1,1,,,,,,5,,2.9
891942c58c3ffff,,,,,,,,1,,0.2
891942c58cbffff,,,,,,,,2,,0.4
891942d5213ffff,,,,,,,,1,,0.2
8919433492fffff,1,,,,,,,2,,1.4
89194359957ffff,1,,,,,,,1,,1.2
89194361c57ffff,,2,,,,,,1,,2
89194a0d257ffff,,,,,,,4,2,,3.52
89194a0d273ffff,,,,,,,4,3,1,3.82
89194a5702fffff,,,,,,,,1,,0.2
89194a92a87ffff,,1,,,,,,1,,1.1
89194ac1147ffff,,,,,,,,2,,0.4
89194ac89cbffff,,,,,,,,1,,0.2
89194ac966bffff,,,,1,,,,2,,1.2
89194ad0ad3ffff,,,,,,,,1,1,0.3
89194ad15abffff,3,1,,,,,,6,,5.1
89194ad2ecfffff,1,1,,,,,,8,2,3.7
89194ad344fffff,,,,1,,,,2,1,1.3
89194ad5b4bffff,,,,,,,,1,,0.2
89194ada88bffff,,,,,,,,1,,0.2
89194adabd7ffff,,,,,,,,1,,0.2
89194adad1bffff,,,,,,,,2,3,0.7
89194e0d333ffff,,1,,,,,,8,2,2.7
89194e24ad3ffff,,1,,,,,,1,,1.1
89194e69343ffff,,,,,,,,1,,0.2
89194e69a03ffff,,,,,,,,1,,0.2
89194e6ebbbffff,,,,,,,,1,,0.2
89194e7b0bbffff,1,1,,,,,,1,,2.1
89194e816cbffff,,,,,,,,1,,0.2
89194ec9ad7ffff,,,,,,,,4,,0.8
89195106bd3ffff,1,,,,,,,1,,1.2
89195110437ffff,,,,,,,,1,,0.2
891951b68c7ffff,,,,,,,,1,,0.2
891952448b3ffff,,,,,,,,1,,0.2
891952d6ed3ffff,,,,,,,,1,1,0.3
891958391d3ffff,,1,,,,,,1,,1.1
8919587a5b3ffff,,1,,,,,,6,,2.1
891958a766bffff,,,,,,,,1,,0.2
89195902513ffff,,1,,,,,,3,,1.5
8919590d60fffff,,,,1,,,,1,,1
891959aa0b3ffff,,4,,,,,,4,2,4.6
891959ab463ffff,,,,,,,,1,,0.2
891959b55afffff,1,,,,,,,1,1,1.3
89195a88123ffff,,,,,,,,1,,0.2
89195aa6ecfffff,,1,,,,,,5,,1.9
89195ab6bb7ffff,,,,,,,,1,,0.2
89195b44083ffff,,2,,,,,,4,1,2.7
89195b46a93ffff,,,,,,,,1,1,0.3
89195b78e77ffff,,,,,,,,1,,0.2
89195bc6e03ffff,,,,,,,,1,,0.2
89195c0ce2fffff,1,1,,,,,,1,1,2.2
89195c4aa2fffff,,,,,,,,1,1,0.3
89195cada63ffff,,,,,,,,4,,0.8
89195cb1027ffff,,,,,,,,1,,0.2
89195cda62bffff,,,,,,,,2,,0.4
89195d09867ffff,,5,,,,,,6,1,5.8
89195d09b13ffff,,,,,,,,1,,0.2
89195d31acfffff,,,,,,,,1,,0.2
89195d358cfffff,,,,,,,,4,,0.8
89195d7069bffff,,1,,,,,,1,,1.1
89195d75c9bffff,,,,,,,,1,,0.2
89195d7769bffff,,,,,,,,1,,0.2
89195d81523ffff,,,,,,,,1,,0.2
89195d8822fffff,,,,,,,,1,,0.2
89195da4163ffff,1,,,,,,,1,,1.2
89195da4b4bffff,,,,,,,,2,,0.4
89195da6c77ffff,,2,,,,,,3,,2.4
89195da6eb3ffff,,1,,,,,,2,1,1.4
89195dae86fffff,,,,,,,,1,,0.2
89195daf60fffff,,,,,,,,2,,0.4
89197203337ffff,,,,,,,,1,,0.2
8919726aa37ffff,,,,,,,,1,,0.2
89197276543ffff,1,1,,,,,,3,,2.5
891972c42c3ffff,,,,,,,,1,,0.2
89197335223ffff,1,1,,,,,,1,,2.1
89197335393ffff,,1,,,,,,3,1,1.6
891976bb2c7ffff,,2,,,,,1,4,,3.38
89194adb523ffff,,,,,,,,,1,0.1
89195d8756fffff,,,,,,,,,1,0.1
89182c0ae47ffff,,,,,,,,,1,0.1
891959b8323ffff,,,,,,,,,1,0.1
89182880b0fffff,1,,,,,,,,1,1.1
8919465a437ffff,,,,,,,,,2,0.2
89194e0dc07ffff,,,,,,,,,2,0.2
89194ecb38bffff,,,,,,,,,1,0.1
89195523597ffff,,,,,,,,,1,0.1
89195aaa80fffff,,,,,,,,,1,0.1
89195d308c3ffff,,,,,,,,,1,0.1
89195d8a36fffff,,,,,,,,,1,0.1
891972cc30fffff,,,,,,,,,5,0.5
89194ad0563ffff,,,,,,,,,1,0.1
89195c48d23ffff,,,,,,,,,1,0.1
89195d2cb13ffff,,,,,,,,,1,0.1
89194ad3387ffff,,1,,,,,,,1,1
89194ada193ffff,1,,,,,,,1,,1.2
8919586b5d7ffff,2,,,,,,,,2,2.2
89195e24acfffff,1,,,,,,,,,1
891951a98dbffff,,,,,,,,,1,0.1
891972900afffff,1,2,,1,,,,1,,3.8
89194072663ffff,1,,,,,,,,,1
8919424c3a7ffff,1,,,,,,,,,1
89194334923ffff,1,,,,,,,1,1,1.3
89194aa12b3ffff,1,,,,,,,,,1
89194ac8bafffff,1,,,,,,,,,1
891951b4013ffff,1,,,,,,,,,1
89195abaa77ffff,1,,,,,,,,,1
89195ca4acbffff,1,,,,,,,,1,1.1
89195d89d13ffff,1,,,,,,,,1,1.1
89182a3a483ffff,2,,,,,,,,1,2.1
8919422e213ffff,1,,,,,,,,,1
89195176043ffff,1,,,,,,,,,1
8919518649bffff,1,,,,,,,,,1
891951b5407ffff,1,,,,,,,,,1
891955d0663ffff,1,,,,,,,,,1
89195d2e08fffff,2,,,,,,,,,2
89195dae9b7ffff,1,,,,,,,,,1
891958391cbffff,,,,,,,,,1,0.1
8918058f267ffff,,1,,,,,,,,0.9
891821105b7ffff,,1,,,,,,,,0.9
8918740ead7ffff,,1,,,,,,,,0.9
8919092f477ffff,,1,,,,,,,,0.9
8919410e94fffff,,1,,,,,,,,0.9
8919421144fffff,,3,,,,,,2,,3.1
89194248617ffff,,1,,,,,,,,0.9
8919424e6abffff,2,2,,,,,,,,3.8
891942520afffff,,1,,,,,,,,0.9
891942c5d77ffff,,2,,,,,,2,1,2.3
891942c5e7bffff,,1,,,,,,,,0.9
89194ad3213ffff,,1,,,,,,,1,1
89194e0d317ffff,,1,,,,,,1,,1.1
89194e6d293ffff,1,1,,,,,,,,1.9
89194edb213ffff,,1,,,,,,,,0.9
8919510400bffff,,1,,,,,,1,,1.1
891951805b3ffff,,1,,,,,,,,0.9
8919518905bffff,,3,,,,,,,,2.7
891951b737bffff,,1,,,,,,,,0.9
89195564693ffff,1,2,,,,,,,,2.8
8919566dac3ffff,,1,,,,,,,,0.9
891958058a7ffff,,1,,,,,,,,0.9
8919583804bffff,,1,,,,,,,,0.9
89195902617ffff,,1,,,,,,,,0.9
891959706c7ffff,,1,,,,,,,,0.9
891959ba39bffff,,3,,,,,,,1,2.8
89195aa06c7ffff,,1,,,,,,,,0.9
89195c3b18bffff,,1,,,,,,1,,1.1
89195d09903ffff,1,1,,,,,,,,1.9
89195d29c97ffff,,1,,,,,,,,0.9
89195d2e04bffff,,1,,,,,,,,0.9
89195d36c57ffff,,1,,,,,,,,0.9
89195d89d33ffff,,1,,,,,,,,0.9
89195da3597ffff,1,2,,,,,,,1,2.9
89195dcd28bffff,,1,,,,,,,,0.9
8919722a097ffff,,1,,,,,,,,0.9
89197239243ffff,,2,,,,,1,,,2.58
89197241a4bffff,,1,,,,,,,,0.9
891972636cfffff,,1,,,,,,,,0.9
8919727693bffff,,1,,,,,,,,0.9
891973242cfffff,,1,,,,,,,1,1
891828794a3ffff,,,,,,,,,1,0.1
89182c1abb7ffff,,,,,,,,,1,0.1
89190127273ffff,,,,,,,,,1,0.1
89194365da7ffff,,,,,,,,,1,0.1
89194e298bbffff,,,,,,,,,1,0.1
89194e74da7ffff,,,,,,,,,1,0.1
89194ec9ba3ffff,,,,,,,,,1,0.1
891954da557ffff,,,,,,,,,1,0.1
8919583b0b7ffff,,,,,,,,,1,0.1
89195d2eb27ffff,,,,,,,,,2,0.2
891972015cbffff,,,,,,,,,1,0.1
891972783cfffff,,,,,,,,,1,0.1
89194ad153bffff,,,,,,,1,,,0.78
89182c8f283ffff,,,,1,,,,,,0.8
891948cc603ffff,,1,,,,,,,,0.9
89194e78527ffff,,1,,,,,,,,0.9
89194a0d203ffff,,,,,,,2,1,,1.76
891909b6e23ffff,,,,,,,,,1,0.1
89194135637ffff,,,,,,,,,1,0.1
89194305527ffff,,,,,,,,,1,0.1
8919430554bffff,,,,,,,,,1,0.1
89194e6897bffff,,,,,,,,,1,0.1
891951b7013ffff,,,,,,,,,1,0.1
8919556ec93ffff,,,,,,,,,1,0.1
89195c0eb5bffff,,,,,,,,,2,0.2
89195d36d37ffff,,,,,,,,1,1,0.3
891909af203ffff,1,,,,,,,,,1
89190b32227ffff,1,,,,,,,1,,1.2
8919420cd8fffff,1,,,,,,,,,1
891942b8403ffff,1,,,,,,,,1,1.1
891942cd427ffff,1,,,,,,,,,1
89194358267ffff,1,,,,,,,,,1
89194655c6fffff,1,,,,,,,,,1
89195abaa73ffff,1,,,,,,,,,1
89195b5a643ffff,1,,,,,,,,,1
89195bc356bffff,1,,,,,,,,,1
89195c45ad7ffff,1,,,,,,,,,1
89195d09b5bffff,1,,,,,,,,,1
89194aca623ffff,,,,,,,,,1,0.1
89194e6c22fffff,,,,,,,,,1,0.1
89194ecb3d7ffff,,,,,,,,,1,0.1
89195871017ffff,,,,,,,,,1,0.1
891801a3217ffff,,,,,,,,,2,0.2
89182113523ffff,,,,,,,,,1,0.1
8918250212bffff,,,,,,,,,1,0.1
89182535e03ffff,,,,,,,,,1,0.1
8918746d827ffff,,,,,,,,,1,0.1
8918746eecbffff,,,,,,,,,1,0.1
891874ae8d3ffff,,,,,,,,,1,0.1
8919405716fffff,,,,,,,,,1,0.1
8919405a983ffff,,,,,,,,,1,0.1
89194111017ffff,,,,,,,,,1,0.1
8919412318fffff,,,,,,,,,1,0.1
89194205907ffff,,,,,,,,,1,0.1
8919420ccb3ffff,,,,,,,,,1,0.1
8919421824fffff,,,,,,,,,1,0.1
8919426640bffff,,,,,,,,,1,0.1
891942a1923ffff,,,,,,,,,1,0.1
891942a35cbffff,,,,,,,,,1,0.1
891943388dbffff,,,,,,,,,1,0.1
891943560afffff,,,,,,,,,1,0.1
8919460b633ffff,,,,,,,,,1,0.1
8919463805bffff,,,,,,,,,1,0.1
891946c9237ffff,,,,,,,,,1,0.1
89194a468afffff,,,,,,,,,1,0.1
89194ac028fffff,,,,,,,,,1,0.1
89194ac76d3ffff,,,,,,,,,1,0.1
89194e50107ffff,,,,,,,,,1,0.1
89194e61a8fffff,,,,,,,,,1,0.1
89194e68877ffff,,,,,,,,,1,0.1
89194ec4a57ffff,,,,,,,,,1,0.1
891950c32c3ffff,,,,,,,,,1,0.1
8919510466bffff,,,,,,,,,1,0.1
89195130677ffff,,,,,,,,,3,0.3
891951a234fffff,,,,,,,,,1,0.1
891951b696fffff,,,,,,,,,1,0.1
89195210d4fffff,,,,,,,,,1,0.1
8919524034bffff,,,,,,,,,1,0.1
89195250e0fffff,,,,,,,,,1,0.1
891952d5b6bffff,,,,,,,,,1,0.1
891952d6bcfffff,,,,,,,,,1,0.1
891952db0c3ffff,,,,,,,,,1,0.1
89195566293ffff,,,,,,,,,1,0.1
891955da93bffff,,,,,,,,,1,0.1
8919581037bffff,,,,,,,,,2,0.2
8919583936fffff,,,,,,,,,1,0.1
8919583b13bffff,,,,,,,,,1,0.1
89195855dcbffff,,,,,,,,,1,0.1
89195895417ffff,,,,,,,,,1,0.1
891958a24a7ffff,,,,,,,,,1,0.1
891958c0d8bffff,,,,,,,,,1,0.1
891958c6e0bffff,,,,,,,,,1,0.1
8919590d4d7ffff,,,,,,,,,1,0.1
89195b0a373ffff,,,,,,,,1,1,0.3
89195ba0a83ffff,,,,,,,,,1,0.1
89195bd6bdbffff,,,,,,,,,1,0.1
89195c01b97ffff,,,,,,,,,1,0.1
89195c0ad6bffff,,,,,,,,,1,0.1
89195c0f06fffff,,,,,,,,,1,0.1
89195c4b5bbffff,,,,,,,,,1,0.1
89195c71b03ffff,,,,,,,,,1,0.1
89195ca5963ffff,,,,,,,,,1,0.1
89195cad197ffff,,,,,,,,,1,0.1
89195cc74d7ffff,,,,,,,,,1,0.1
89195d2b6a7ffff,,,,,,,,,1,0.1
89195d344bbffff,,,,,,,,,1,0.1
89195d47527ffff,,,,,,,,,1,0.1
89195d55eb7ffff,,,,,,,,,1,0.1
89195d7a0afffff,,,,,,,,,1,0.1
89195dae483ffff,,,,,,,,,1,0.1
89195dc800fffff,,,,,,,,,1,0.1
89195e14a4bffff,,,,,,,,,1,0.1
89195e3196bffff,,,,,,,,,1,0.1
89195eca3a7ffff,,,,,,,,,1,0.1
891973368dbffff,,,,,,,,,1,0.1
891976a93dbffff,,,,,,,,,1,0.1
891976bb21bffff,,,,,,,,,1,0.1
89182546453ffff,,,,,,,,1,,0.2
891909a96abffff,,,,,,,,1,,0.2
89190dad343ffff,,,,,,,,1,,0.2
8919429a95bffff,,,,,,,,2,,0.4
89194334a7bffff,,,,,,,,1,,0.2
89194ad16d7ffff,,,,,,,,1,,0.2
89194ad36cbffff,,,,,,,,3,,0.6
89194adb2c7ffff,,,,,,,,2,,0.4
89194e693d3ffff,,,,,,,,1,,0.2
8919588290bffff,,,,,,,,1,,0.2
891959723a7ffff,,,,,,,,1,,0.2
89195a11c33ffff,,,,,,,,1,,0.2
89195a1ab93ffff,,,,,,,,1,,0.2
89195ab6927ffff,,,,,,,,1,,0.2
89195d09bc3ffff,,,,,,,,1,,0.2
89195d2c803ffff,,,,,,,,1,,0.2
89195da3523ffff,,,,,,,,1,,0.2
89195dba06fffff,,,,,,,,1,,0.2
8919422492bffff,,,,,,,,1,,0.2
89195e22673ffff,,,,,,,,1,,0.2
8919012a413ffff,,,,,,,,,1,0.1
891942cde37ffff,,,,,,,,,1,0.1
8919464a0cfffff,,,,,,,,,1,0.1
89194e01217ffff,,,,,,,,,1,0.1
89195844903ffff,,,,,,,,,2,0.2
89195c3ac33ffff,,,,,,,,,1,0.1
89195c8e9b3ffff,,,,,,,,,1,0.1
891828c000bffff,,,,,,,,1,,0.2
89182c1455bffff,,,,,,,,1,,0.2
89187490313ffff,,,,,,,,1,,0.2
891909a522bffff,,,,,,,,1,,0.2
89194239613ffff,,,,,,,,1,,0.2
89194275867ffff,,,,,,,,1,,0.2
89194ad10b3ffff,,,,,,,,1,,0.2
89194ad1663ffff,,,,,,,,1,,0.2
89194ad16dbffff,,,,,,,,2,,0.4
89194ad3667ffff,,,,,,,,2,,0.4
89194e69b07ffff,,,,,,,,1,,0.2
891951ac1bbffff,,,,,,,,1,,0.2
891959010b3ffff,,,,,,,,1,,0.2
89195910b8fffff,,,,,,,,1,,0.2
89195a88a2bffff,,,,,,,,1,,0.2
89195b008dbffff,,,,,,,,1,,0.2
89195b61567ffff,,,,,,,,1,,0.2
89195c62ea3ffff,,,,,,,,1,,0.2
89195dac2b3ffff,,,,,,,,1,1,0.3
89197239213ffff,,,,,,,,1,,0.2
89197359cc3ffff,,,,,,,,1,,0.2
8918236e86bffff,,,,,,,,,1,0.1
89180181937ffff,,,,,,,,,2,0.2
891909c112bffff,,,,,,,,,1,0.1
891874acedbffff,,,,,,,,,1,0.1
89190c33243ffff,,,,,,,,,1,0.1
89194e99d73ffff,,,,,,,,,1,0.1
89195189e03ffff,,,,,,,,,1,0.1
891952d41afffff,,,,,,,,,1,0.1
89195acc383ffff,,,,,,,,,1,0.1
89195da588bffff,,,,,,,,,1,0.1
89197288d63ffff,,,,,,,,,1,0.1
89194a02807ffff,1,,,,,,,,,1
89194ad194fffff,1,,,,,,,,,1
891951b4c8bffff,1,,,,,,,,,1
891942c58b7ffff,,1,,1,,,,4,3,2.8
89194072117ffff,,1,,,1,,,,1,1.6
8919421b103ffff,,,,,1,,,2,,1
89194a90b63ffff,,,,,2,,,,,1.2
89194e6937bffff,,1,,,1,,,2,,1.9
89194e832c7ffff,,,,,1,,,,,0.6
8919584ee4fffff,,1,,,1,,,2,,1.9
8919587a5abffff,2,3,,,5,,,7,3,9.4
891959a9dd3ffff,,,,,1,,,,1,0.7
891959aa073ffff,,1,,,1,,,3,1,2.2
891959b8477ffff,,,,,1,,,,,0.6
89195bd6b97ffff,,,,,1,,,,1,0.7
89195cac073ffff,,,,,1,,,,,0.6
89195d2e14fffff,2,3,,,1,,1,3,12,7.88
89197261e23ffff,,,,,1,,,,,0.6
89187416893ffff,,,,,1,,,1,,0.8
89194105a03ffff,,2,,,1,,1,5,,4.18
89194110667ffff,,1,,,1,,,2,2,2.1
89194a88b37ffff,,,,,1,,,,1,0.7
89194ab030fffff,1,2,,,1,,,3,,4
891951b760fffff,,1,,,1,,,,,1.5
891958446cfffff,,1,1,,1,,,4,2,3.2
891959481d7ffff,,,,,1,,,,1,0.7
89195eccdb3ffff,,,,,1,,,,1,0.7
8919724e867ffff,1,2,,,1,,,,1,3.5
89197276503ffff,,,,,1,,,5,,1.6
891976bb2cbffff,1,2,,,2,2,,7,1,7
891942c5d6fffff,,4,,,1,,,15,1,7.3
89194aa85c7ffff,,,,,,,,4,1,0.9
89194ad322bffff,,2,,,,,,8,1,3.5
89194ad3633ffff,,,,,,,,2,1,0.5
89194adad6bffff,,,,,,,,1,,0.2
89194e24187ffff,1,,,,,,,4,1,1.9
89195185d73ffff,,,,,,,,2,,0.4
891951b754fffff,,5,,,,,,4,,5.3
891951b76a3ffff,,,,,,,,2,,0.4
8919550d647ffff,,,,,,,,2,,0.4
89195d2a24bffff,,,,,,,,1,,0.2
89195e7328fffff,,,,,,,,1,,0.2
89197322897ffff,,2,,,,,,4,,2.6
89182e5b327ffff,,,,,,,4,,,3.12
89194ec9abbffff,1,,,,,,1,2,,2.18
891951808bbffff,1,,,,,,2,1,,2.76
891951b4643ffff,,,,,,,1,,1,0.88
8919736f127ffff,,,,,,,1,,,0.78
89182c10a37ffff,1,,,,,,,1,1,1.3
89192ba63bbffff,,,,,,,,,1,0.1
8919429a82fffff,,2,,,,,,,1,1.9
89195c333b3ffff,,1,,,1,,,,,1.5
89182186d3bffff,,,,,,,,1,,0.2
89182814a03ffff,,,,,,,,1,,0.2
891828cf34bffff,,,,,,,,1,1,0.3
89182a2ac4fffff,2,1,,,,,,12,,5.3
89182a90bb7ffff,,,,,,,,2,,0.4
89182c10ca7ffff,1,,,,,,,2,,1.4
89182c161a3ffff,,1,,2,,,,2,,2.9
89182c161b7ffff,4,1,,,,,,5,2,6.1
89182c1733bffff,,,,,,,,1,,0.2
89182c17587ffff,1,1,,,,,,4,,2.7
89182e6e20bffff,,,,,,,,1,,0.2
8918747096bffff,,,,,,,,1,,0.2
891874add13ffff,,,,,,,,1,,0.2
891909aed57ffff,1,,,,,,,1,,1.2
89190c3828fffff,,,,,,,,1,,0.2
89190d35c47ffff,,,,,,,,2,1,0.5
89190d55d73ffff,,,,,,,,1,,0.2
89190eb6bcfffff,,,,,,,,1,2,0.4
891928c2ccbffff,,,,,,,,1,,0.2
891928c5807ffff,,,,,,,,1,,0.2
89194104e63ffff,,,,,,,,1,1,0.3
89194124c2bffff,,,,,,,,1,,0.2
89194164263ffff,,,,,,,,1,,0.2
8919429166fffff,,1,,,,,,1,,1.1
891942c59d3ffff,1,4,,,,,,5,,5.6
891943451d3ffff,,,,,,,,1,,0.2
891943582b7ffff,,,,,,,,1,,0.2
891943c8ed7ffff,,,,,,,,1,,0.2
891946521cfffff,,,,,,,,1,,0.2
891946cb227ffff,,,,,,,,1,,0.2
8919485142fffff,1,,,,,,,1,,1.2
8919485336bffff,,,,,,,,1,3,0.5
89194a48a4bffff,,,,,,,,1,,0.2
89194a815bbffff,,,,,,,,1,,0.2
89194ad00afffff,1,2,,,,,,1,1,3.1
89194ad09c7ffff,1,,,,,,,2,1,1.5
89194ad3243ffff,,1,,,,,,4,1,1.8
89194e534c3ffff,1,,,,,,,1,,1.2
89194e688b3ffff,,1,,,,,1,2,,2.08
89194e69a53ffff,,,,,,,,2,,0.4
89194e8331bffff,,,,,,,,1,,0.2
89194eb3507ffff,,1,,,,,,1,,1.1
89194ed41b3ffff,,,,,,,,3,1,0.7
89195196ba7ffff,,,,,,,,1,,0.2
891951b8967ffff,,,,,,,,1,,0.2
89195246ddbffff,,,,,,,,1,,0.2
891953adc47ffff,,,,,,,,1,,0.2
89195459ad3ffff,,,,,,,,1,,0.2
891955752d7ffff,,,,,,,,1,,0.2
89195802823ffff,,,,,,,,1,1,0.3
8919580d2c7ffff,,,,1,,,,3,,1.4
89195823567ffff,,,,,,,,4,2,1
891958395d7ffff,,,,,,,,1,,0.2
891958396d3ffff,,,,,,,,1,,0.2
89195845a47ffff,,,,,,,,1,,0.2
89195871643ffff,,1,1,,,,,4,4,2.8
891958854afffff,,,,,,,,3,1,0.7
891959614cfffff,,1,,,,,,2,1,1.4
89195971017ffff,,,,,,,,3,,0.6
891959a366bffff,,,,,,,,1,,0.2
891959a9c83ffff,1,3,,,,,,5,1,4.8
891959aa2cfffff,,,,,,,,4,,0.8
89195a10993ffff,,,,,,,,1,,0.2
89195a140d3ffff,,,,,,,,2,,0.4
89195b16973ffff,1,2,,,,,,9,2,4.8
89195b4c977ffff,,,,,,,,1,1,0.3
89195c2944bffff,,,,,,,,1,,0.2
89195c952a7ffff,,,,,,,,1,,0.2
89195c953abffff,,,,,,,,2,,0.4
89195cb60cfffff,,,,,,,,2,,0.4
89195cd8ec7ffff,,,,,,,,1,,0.2
89195d09a7bffff,,,,,,,,1,,0.2
89195d10297ffff,,,,,,,,1,,0.2
89195d2aa83ffff,,,,,,,,1,,0.2
89195d31a97ffff,,1,,,,,,1,,1.1
89195d86dbbffff,1,,,,,,,3,,1.6
89195da68afffff,,,,,,,,1,,0.2
89195dadbb3ffff,,5,,,,,,1,,4.7
89195db6523ffff,,,,,,,,1,,0.2
8919720ca27ffff,,,,,,,,1,,0.2
8919731664fffff,,,,,,,,1,2,0.4
891973225a3ffff,1,,,,,,,1,,1.2
8919732280bffff,,,,,,,,1,,0.2
89197322a07ffff,,,,,,,,3,2,0.8
891973d73d3ffff,,,,,,,,1,,0.2
89195879803ffff,,,,,,,,,1,0.1
89194e6a2abffff,,,,,,,,,1,0.1
89195db85cbffff,,1,,,,,,,1,1
8919597a437ffff,,1,,,,,,1,3,1.4
8918236884fffff,,,,,,,,,1,0.1
891825b026bffff,,,,,,,,,1,0.1
891828b859bffff,1,,,,,,,,1,1.1
89194044d87ffff,,,,,,,,,1,0.1
89194e61e07ffff,,,,,,,,,1,0.1
89195811c97ffff,,,,,,,,,3,0.3
891958a60cbffff,,,,,,,,,1,0.1
89195da5e37ffff,,1,,,,,,,1,1
89195e94213ffff,,,,,,,,,1,0.1
891959aa0dbffff,,2,,,,,,1,3,2.3
89194aa1647ffff,1,2,,,,,,2,,3.2
89194249e63ffff,,,,,,,,,1,0.1
891952d63bbffff,,,,,,,,,1,0.1
89182c50207ffff,2,,,,,,,,,2
891909ae5cfffff,2,,,,,,,,,2
891951b630fffff,1,,,,,,,,1,1.1
891954d2413ffff,1,,,,,,,,,1
891955d812fffff,1,,,,,,,,,1
891959b40d3ffff,2,2,,,,,,2,,4.2
89195da4457ffff,1,1,,,,,,,,1.9
891942d73bbffff,1,,,,,,,,,1
89194ad228fffff,1,2,,,,,,,,2.8
89195107367ffff,1,,,,,,,,1,1.1
891951b9dabffff,2,,,,,,,,,2
891825c63d3ffff,,1,,,,,,,,0.9
89182ca8edbffff,,1,,,,,,,,0.9
89187485c53ffff,,1,,,,,,,,0.9
8919093b26bffff,,1,,,,,,,,0.9
89194136237ffff,,1,,,,,,,,0.9
89194220b0bffff,,1,,,,,,,,0.9
8919422167bffff,,1,,,,,,,2,1.1
8919422d93bffff,,2,,,,,,,,1.8
891943489b7ffff,,1,,1,,,,,,1.7
891943c8c67ffff,,2,,,,,,,,1.8
891946cd823ffff,,1,,,,,,,,0.9
89194a4b517ffff,,1,,,,,,,,0.9
89194e0d057ffff,,2,,,,,,,,1.8
89194e60263ffff,,1,,,,,,,,0.9
89194e68863ffff,,1,,,,,,,,0.9
89194e94b67ffff,,1,,,,,,,,0.9
89195105e83ffff,,1,,,,,,,,0.9
8919513a56bffff,,1,,,,,,,,0.9
89195189c07ffff,,1,,,,,,,,0.9
891951a13c7ffff,,1,,,,,,1,,1.1
891951a2cb3ffff,1,2,,,,,,,,2.8
891951aac27ffff,,1,,,,,1,,,1.68
891951aae03ffff,,1,,,,,,,,0.9
891952cd383ffff,,1,,,,,,,,0.9
891958a2633ffff,,1,,,,,,,,0.9
891959b0803ffff,,1,,,,,,,1,1
89195ab6b83ffff,,1,,,,,,,,0.9
89195c393a3ffff,1,2,,,,,,,,2.8
89195c9522bffff,1,2,,,,,,1,,3
89195c95ed7ffff,,1,,,,,,,,0.9
89195ca436fffff,,3,,,,,,,,2.7
89195cb1543ffff,,1,,,,,,,,0.9
89195cdaa0bffff,,1,,,,,,,,0.9
89195d2cb1bffff,,1,,,,,,1,,1.1
89195da530fffff,,1,,,,,,,,0.9
89195da6b13ffff,,1,,,,,,,,0.9
89195dae12fffff,,1,,,,,1,1,,1.88
89195db6857ffff,,1,,,,,,,,0.9
89197270ddbffff,,1,,,,,,,,0.9
89197272067ffff,,1,,1,,,,,,1.7
8919728ed87ffff,,1,,,,,,,,0.9
891973276abffff,,1,,,,,,,,0.9
891973366bbffff,1,1,,,,,,,,1.9
89182570133ffff,,,,,,,,,1,0.1
89182e43353ffff,,,,,,,,,1,0.1
89190166cabffff,,,,,,,,,2,0.2
89190898e43ffff,,,,,,,,,2,0.2
89190ca69c7ffff,,,,,,,,,1,0.1
89192b788b7ffff,,,,,,,,,1,0.1
8919420a333ffff,,,,,,,,,1,0.1
89194249997ffff,,,,,,,,,1,0.1
891948403abffff,,,,,,,,,1,0.1
89194a076b3ffff,,,,,,,,,1,0.1
89194e0763bffff,,,,,,,,,1,0.1
891951054c3ffff,,,,,,,,,1,0.1
8919511583bffff,,,,,,,,,1,0.1
891958850cfffff,,,,,,,,,1,0.1
89195c0d5bbffff,,,,,,,,,1,0.1
89195d2b437ffff,,,,,,,,,1,0.1
891976c3283ffff,,,,,,,,,1,0.1
89182c44d4bffff,1,,,1,,,,,1,1.9
8919436215bffff,,,,1,,,,,,0.8
89194a8b41bffff,,,,1,,,,,,0.8
891958a6003ffff,,,,1,,,,,,0.8
89195a02d17ffff,,,,1,,,,,,0.8
89195ab6d53ffff,,,,1,,,,,,0.8
89195cd994fffff,,,,1,,,,,,0.8
89195dd5babffff,,,,1,,,,1,,1
89195dd66d3ffff,,,,1,,,,,,0.8
89195876c73ffff,,1,,,,,,,,0.9
891973353d7ffff,,1,,,,,,,,0.9
89194a0d24bffff,,,,,,,5,1,,4.1
891874ac3c3ffff,,,,,,,,,1,0.1
8919413642bffff,,,,,,,,,2,0.2
89194298dd7ffff,,,,,,,,,1,0.1
891942b0d2fffff,,,,,,,,,1,0.1
89194678237ffff,,,,,,,,,1,0.1
89194e8448fffff,,,,,,,,,1,0.1
8919581034fffff,,,,,,,,,1,0.1
8919404496fffff,,,,,,,1,,,0.78
89182a3b2abffff,1,,,,,,,1,,1.2
89182c170b7ffff,1,,,,,,,,,1
891941acb4bffff,1,,,,,,,,1,1.1
891941ad597ffff,1,,,,,,,,1,1.1
8919429ac4fffff,1,,,,,,,,,1
89194654273ffff,1,,,,,,,,,1
89194ac2313ffff,1,,,,,,,,1,1.1
89194ac70b3ffff,1,,,,,,,1,,1.2
89194e6c3b3ffff,1,,,,,,,,,1
89195887303ffff,1,,,,,,,,,1
8919588e84fffff,1,,,,,,,,,1
8919589809bffff,1,,,,,,,,,1
89195cc7693ffff,1,,,,,,,,,1
89195d280cfffff,1,,,,,,,,,1
89195dae2d7ffff,1,,,,,,,,,1
89197276d03ffff,1,,,,,,,,,1
891941af3c7ffff,,,,,,,,,1,0.1
89194e87187ffff,,,,,,,,,1,0.1
89182191037ffff,,,,,,,,,1,0.1
891825236cfffff,,,,,,,,,1,0.1
891825a75cbffff,,,,,,,,,1,0.1
89182a04b47ffff,,,,,,,,,1,0.1
89190902e77ffff,,,,,,,,,1,0.1
891909aeaabffff,,,,,,,,,1,0.1
8919280368bffff,,,,,,,,,1,0.1
89194040077ffff,,,,,,,,,1,0.1
89194072acbffff,,,,,,,,,1,0.1
89194108bafffff,,,,,,,,,1,0.1
891941ad01bffff,,,,,,,,,1,0.1
89194216307ffff,,,,,,,,,1,0.1
89194228013ffff,,,,,,,,,1,0.1
8919422b1c7ffff,,,,,,,,,1,0.1
89194231b63ffff,,,,,,,,,1,0.1
89194255cabffff,,,,,,,,,1,0.1
8919429a3afffff,,,,,,,,,1,0.1
891942b9877ffff,,,,,,,,,1,0.1
891942cd087ffff,,,,,,,,,1,0.1
891942ce22fffff,,,,,,,,,1,0.1
891943b8c2bffff,,,,,,,,,1,0.1
8919484f627ffff,,,,,,,,,1,0.1
89194a0d2a7ffff,,,,,,,,,1,0.1
89194ad90c7ffff,,,,,,,,,1,0.1
89194e2cc4fffff,,,,,,,,,1,0.1
89194e6a6d7ffff,,,,,,,,,1,0.1
89194e6c27bffff,,,,,,,,,1,0.1
89194ec91b3ffff,,,,,,,,,1,0.1
891952d415bffff,,,,,,,,,1,0.1
89195436d43ffff,,,,,,,,,1,0.1
8919555906bffff,,,,,,,,,1,0.1
891955c2bafffff,,,,,,,,,1,0.1
8919566ca2bffff,,,,,,,,,1,0.1
8919580f467ffff,,,,,,,,,1,0.1
8919584706fffff,,,,,,,,,1,0.1
891958b285bffff,,,,,,,,,1,0.1
891958b5923ffff,,,,,,,,,1,0.1
891959111abffff,,,,,,,,,1,0.1
891959c40dbffff,,,,,,,,,1,0.1
89195a56607ffff,,,,,,,,,1,0.1
89195aaa847ffff,,,,,,,,,2,0.2
89195ab94cfffff,,,,,,,,,1,0.1
89195b86dc7ffff,,,,,,,,,1,0.1
89195bce84bffff,,,,,,,,,1,0.1
89195c0aa03ffff,,,,,,,,,1,0.1
89195c0c3b7ffff,,,,,,,,,1,0.1
89195c0de73ffff,,,,,,,,,1,0.1
89195c0e577ffff,,,,,,,,,1,0.1
89195c31143ffff,,,,,,,,,1,0.1
89195c620cfffff,,,,,,,,,1,0.1
89195c64b07ffff,,,,,,,,,1,0.1
89195c6610fffff,,,,,,,,,1,0.1
89195cc6643ffff,,,,,,,,,1,0.1
89195d09287ffff,,,,,,,,,1,0.1
89195db0437ffff,,,,,,,,,1,0.1
89195dc7163ffff,,,,,,,,,1,0.1
89197203317ffff,,,,,,,,,1,0.1
8919720a8b7ffff,,,,,,,,,1,0.1
89197321c73ffff,,,,,,,,,1,0.1
89197334587ffff,,,,,,,,,1,0.1
89197334d3bffff,,,,,,,,,1,0.1
891973c3113ffff,,,,,,,,,1,0.1
89197610cdbffff,,,,,,,,,1,0.1
89182a04a2fffff,,,,,,,,2,,0.4
891909ac08bffff,,,,,,,,4,,0.8
8919420ce27ffff,,,,,,,,1,,0.2
891942785b3ffff,,,,,,,,1,,0.2
8919463946bffff,,,,,,,,1,,0.2
89194852c3bffff,,,,,,,,1,,0.2
89194ad16abffff,,,,,,,,1,,0.2
89194ad32b7ffff,,,,,,,,1,,0.2
89194e2e9abffff,,,,,,,,1,,0.2
89194e5226fffff,,,,,,,,1,,0.2
8919518b637ffff,,,,,,,,1,,0.2
8919584e933ffff,,,,,,,,1,,0.2
8919587a207ffff,,,,,,,,1,,0.2
8919587b513ffff,,,,,,,,1,,0.2
89195ab604bffff,,,,,,,,1,,0.2
89195b4484bffff,,,,,,,,1,,0.2
89194e2d897ffff,,,,,,,,1,,0.2
8919518e9dbffff,,,,,,,,1,,0.2
89182a7ac27ffff,,,,,,,,,1,0.1
89195114163ffff,,,,,,,,,1,0.1
89195d2b02bffff,,,,,,,,,1,0.1
891801963cfffff,,,,,,,,1,,0.2
8918237a137ffff,,,,,,,,1,,0.2
8918238f40fffff,,,,,,,,1,,0.2
89182e58617ffff,,,,,,,,1,1,0.3
891941365dbffff,,,,,,,,1,,0.2
89194ad06abffff,,,,,,,,1,,0.2
89194ad2017ffff,,,,,,,,1,,0.2
89194ada00bffff,,,,,,,,1,,0.2
89194adb383ffff,,,,,,,,1,,0.2
89194e2a67bffff,,,,,,,,1,1,0.3
89194e602cbffff,,,,,,,,1,,0.2
8919513b06fffff,,,,,,,,1,,0.2
891951b0867ffff,,,,,,,,2,,0.4
8919586b127ffff,,,,,,,,1,,0.2
891959058cbffff,,,,,,,,1,,0.2
891959b985bffff,,,,,,,,1,,0.2
89197279e93ffff,,,,,,,,1,,0.2
89194ad2273ffff,,,,,,,,,1,0.1
89195124eabffff,,,,,,,,,1,0.1
891976580cfffff,,,,,,,,,1,0.1
89182e93397ffff,,,,,,,,,1,0.1
89182c5435bffff,,,,,,,,,1,0.1
89194c598cbffff,,,,,,,,,1,0.1
891909af077ffff,,,,,1,,,,,0.6
89194a92ed7ffff,1,,,,1,,,,,1.6
89194aa85c3ffff,,,,,3,,,,5,2.3
89194ad308fffff,,,,,2,,,10,1,3.3
89194e2cc47ffff,,,,,1,,,,,0.6
891951046cbffff,,,,,2,,,2,,1.6
89195569c37ffff,1,,,,1,,,1,1,1.9
8919584497bffff,,,,,1,,,,,0.6
8919590246bffff,,,,,1,,,,,0.6
8919590d47bffff,1,1,,,1,,,,,2.5
891959aa297ffff,,1,,,1,,,,1,1.6
89195da4d63ffff,1,,,,2,,,1,1,2.5
8919728a283ffff,,,,,1,,,,,0.6
891801a2523ffff,1,,,,1,,,1,,1.8
8918280ad8fffff,2,2,,,1,,,1,1,4.7
891909ac123ffff,1,1,,,1,,,5,1,3.6
891942cec83ffff,2,1,,,1,,,1,,3.7
891942d5293ffff,,3,,,4,,,4,,5.9
89194a8b05bffff,,,,1,1,,,2,,1.8
89194e685b7ffff,,,,,2,,,,,1.2
891951b7547ffff,,,,,1,,,2,,1
891951d491bffff,,,,,1,,,1,,0.8
8919586b4bbffff,1,2,,,1,,,29,3,9.5
89195c0c883ffff,2,1,,1,2,,,3,1,5.6
89195c82dafffff,1,5,,,1,,,1,,6.3
89195da4dcbffff,,,,,1,,,1,,0.8
8919728f127ffff,,1,,,1,,,1,1,1.8
891972a83dbffff,,,,,1,,,,,0.6
8919735b54bffff,1,,,,2,,,1,1,2.5
891976bb66fffff,,3,,,1,3,,3,,6.15
89180194b57ffff,,,,,,,,2,,0.4
89182a3ae53ffff,,,,,,,,1,,0.2
89192b6c187ffff,,2,,,,,,6,,3
891940722dbffff,,,,,,,,2,,0.4
89194100087ffff,1,,,,,,,3,1,1.7
89194209677ffff,,,,,,,,3,,0.6
89194ad15a3ffff,,1,,,,,,9,,2.7
89194adad9bffff,,1,,,,,,6,,2.1
89194e68263ffff,,,,,,,,1,,0.2
89194e69953ffff,,,,,,,,3,,0.6
891954da197ffff,,,,,,,,1,,0.2
89195dba187ffff,,,,,,,,2,,0.4
89197275487ffff,,1,,,2,,,7,2,3.7
89197322ddbffff,,,,,,,,4,,0.8
89194ec9a8fffff,1,,,,,,2,,1,2.66
89195c95b97ffff,1,,,,,,1,,1,1.88
89197689da3ffff,,1,,,,,1,,,1.68
89194ad2037ffff,,1,,,,,,,1,1
891959026bbffff,,,,,,,,,1,0.1
8919768e82fffff,,,,,,,,,1,0.1
891823d6c07ffff,,,,,,,,2,,0.4
8918250acafffff,1,,,,,,,1,,1.2
891825b116fffff,,,,,,,,1,,0.2
891829928abffff,,,,,,,,1,,0.2
89182c162b7ffff,,,,,,,,2,,0.4
89182c1725bffff,,1,,,,,,1,,1.1
89182c17437ffff,,,,,,,,1,,0.2
89182e396d7ffff,1,1,,,,,1,1,,2.88
89187431e1bffff,,1,,,,,,2,1,1.4
8918746f4d7ffff,,,,1,,,,1,1,1.1
891909a590bffff,,,,,,,,1,,0.2
89190a8293bffff,,,,,,,,1,,0.2
89190b9ab0bffff,,,,,,,,1,,0.2
89190d809b3ffff,1,,,,,,,2,3,1.7
8919422c86fffff,,,,,,,,1,,0.2
8919425a28bffff,,,,,,,,1,,0.2
8919427a367ffff,,,,,,,,1,,0.2
891942cedb7ffff,,,,,,,,1,,0.2
89194326983ffff,,,,,,,,1,,0.2
8919435838bffff,,,,,,,,1,,0.2
89194614edbffff,,,,,,,,2,1,0.5
8919484a6abffff,,,,,,,,1,1,0.3
89194a0e557ffff,,,,,,,,1,,0.2
89194a7218bffff,1,,,,,,3,2,,3.74
89194a72223ffff,,,,,,,,1,,0.2
89194ad10d3ffff,,,,,,,,3,,0.6
89194ad2357ffff,,6,,,,,,15,2,8.6
89194ad239bffff,,,,,,,,3,,0.6
89194ad3227ffff,,1,,,,,,2,,1.3
89194ad3367ffff,,2,,,,,,5,1,2.9
89194ad6c6bffff,,,,,,,,1,,0.2
89194ad9917ffff,,,,,,,,1,,0.2
89194ada00fffff,,,,,,,,1,,0.2
89194ada607ffff,,,,,,,,1,,0.2
89194ada613ffff,,,,,,,,2,,0.4
89194e0f5c3ffff,,,,,,,,1,,0.2
89194e68a77ffff,,,,,,,,1,,0.2
89194e696a3ffff,,,,,,,,1,1,0.3
89194e69b2bffff,,1,,,,,,1,,1.1
891951a92c3ffff,,,,,,,,1,,0.2
891951b33abffff,,,,,,,,1,,0.2
891951b5567ffff,,,,,,,,1,,0.2
8919549740bffff,,,,,,,,2,,0.4
8919556400bffff,,,,,,,,1,1,0.3
891955cedcbffff,,1,,,,,,1,2,1.3
891955d80afffff,1,,,,,,,1,,1.2
89195819d8fffff,,,,,,,,1,,0.2
89195839003ffff,,,,,,,,1,,0.2
891958391cfffff,,,,,,,,1,,0.2
8919583923bffff,,,,,,,,1,,0.2
89195841cbbffff,,,,,,,,1,,0.2
891958456d3ffff,,,,,,,,1,1,0.3
89195855023ffff,,,,,,,,2,,0.4
8919586b1cfffff,,,,,,,,1,1,0.3
89195931ad3ffff,,,,,,,,1,,0.2
89195973337ffff,,,,,,,,1,,0.2
891959aa49bffff,,,,,,,,1,,0.2
891959aa683ffff,,1,,,,,,1,,1.1
89195a01237ffff,,,,,,,,1,,0.2
89195b176c7ffff,,,,,,,,1,,0.2
89195c0595bffff,,3,,,,,,6,1,4
89195c05b63ffff,,,,,,,,1,,0.2
89195c2c033ffff,,,,,,,,1,,0.2
89195c33313ffff,,,,,,,,1,,0.2
89195cacc5bffff,,,,,,,,1,,0.2
89195cd1113ffff,,,,,,,,1,,0.2
89195d26c6fffff,,1,,,,,,1,,1.1
89195d78a3bffff,,,,,,,,2,,0.4
89195da4877ffff,,,,,,,,2,,0.4
89195da4a6fffff,,2,,,,,,3,,2.4
89195da4e17ffff,,,,,,,,1,1,0.3
89195da6b9bffff,,2,,,,,,1,1,2.1
89195db6827ffff,,,,,,,,1,,0.2
89195dcc543ffff,,,,,,,,1,,0.2
8919723950fffff,,,,,,,,1,,0.2
89182e0cb27ffff,,,,,,,,,2,0.2
89182e86d8fffff,,,,,,,,,1,0.1
8919580ca8fffff,,,,,,,,,1,0.1
891828c00c3ffff,,,,,,,,,1,0.1
891948c1893ffff,,,,,,,,,4,0.4
891948cf16bffff,,1,,,,,,,1,1
89194ac226bffff,,,,,,,,,2,0.2
89194adb07bffff,,,,,,,,,1,0.1
89195dd4527ffff,,,,,,,,,1,0.1
89194ad2e43ffff,1,,,,,,,,,1
89194ac09a7ffff,,,,,,,,,2,0.2
89194ac5927ffff,,,,,,,,,1,0.1
89195cb405bffff,1,,,,,,,,1,1.1
89194238697ffff,1,,,,,,,,1,1.1
89194a72393ffff,1,,,,,,6,2,,6.08
89194e41e2fffff,1,,,1,,,,,,1.8
8919510545bffff,1,,,,,,,,,1
89195b85083ffff,1,,,,,,,,,1
89195cd11abffff,1,,,,,,,1,,1.2
89197272c83ffff,1,,,,,,,,,1
89197276a9bffff,1,,,,,,,,,1
8919424f423ffff,1,,,,,,,,,1
89194a851cfffff,1,,,,,,,,,1
89195b7b453ffff,1,,,,,,,,,1
89195db2bafffff,1,,,,,,,,,1
89195e681cbffff,1,,,,,,,,,1
8919404055bffff,,,,,,,,,1,0.1
89182e5ac7bffff,,1,,,,,,,,0.9
89194231d97ffff,,1,,,,,,,,0.9
891942394c7ffff,,1,,,,,,,,0.9
89194248b6fffff,,1,,,,,,1,,1.1
891942b09d7ffff,,1,,,,,,,,0.9
891942ce8a7ffff,,1,,,,,,,,0.9
891943b5a1bffff,1,2,,,,,,,,2.8
8919464643bffff,,1,,,,,,3,,1.5
89194a19657ffff,,1,,,,,,,1,1
89194a906d7ffff,,1,,,,,,,,0.9
89194ac364bffff,,1,,,,,,,,0.9
89194ad70abffff,,1,,,,,,,,0.9
89194e286cbffff,,1,,,,,,,,0.9
89194e69c2fffff,,1,,,,,,,,0.9
89195180383ffff,,1,,,,,,,1,1
891951b633bffff,,1,,,,,,,,0.9
891951b6a63ffff,,1,,,,,,,,0.9
8919586b03bffff,,1,,,,,,,,0.9
8919597312fffff,,1,,,,,,,,0.9
891959b9977ffff,,1,,,,,,,,0.9
89195ab5573ffff,,1,,,,,,,,0.9
89195b446a7ffff,,1,,,,,,,,0.9
89195b731afffff,,1,,,,,,,1,1
89195c04ebbffff,,1,,,,,,,1,1
89195d2cd7bffff,1,1,,,,,,,,1.9
89195d3407bffff,,1,,,,,,2,,1.3
89195d59467ffff,,1,,,,,,,,0.9
89195dac9dbffff,,1,,,,,,,,0.9
8919723959bffff,,1,,,,,,,,0.9
89197324623ffff,,1,,,,,,,1,1
89197336357ffff,,1,,,,,,1,,1.1
891976a9397ffff,,1,,,,,,1,,1.1
89182e05cabffff,,,,1,,,,1,1,1.1
891909af3b7ffff,,,,,,,,,1,0.1
8919402c053ffff,,,,,,,,,1,0.1
8919407358bffff,,,,,,,,,1,0.1
89194acc873ffff,,,,,,,,,1,0.1
89195185643ffff,,,,,,,,,1,0.1
891951b75a3ffff,,,,,,,,,1,0.1
8919594480fffff,,,,,,,,,1,0.1
89195ca9a47ffff,,,,,,,,,1,0.1
89190924207ffff,,,,1,,,,,,0.8
891955d9d87ffff,,,,1,,,,,,0.8
89195a1ab13ffff,,,,1,,,,,,0.8
89195ab5507ffff,,,,1,,,,,,0.8
89195ab6a93ffff,,,,1,,,,,,0.8
89195bc31afffff,,,,1,,,,,,0.8
89195caa027ffff,,,,1,,,,1,,1
89195da5d6fffff,,,,1,,,,,,0.8
89195dd6e5bffff,,,,1,,,,,,0.8
89195e69ad3ffff,,,,1,,,,,,0.8
891940c882fffff,,1,,,,,,,,0.9
89195978937ffff,,1,,,,,,,,0.9
89194a0d247ffff,,,,,,,5,1,1,4.2
89194a72097ffff,,,,,,,1,,,0.78
89195c39873ffff,,,,,,,,,1,0.1
89194840167ffff,,,,,,,,,1,0.1
89194ada67bffff,,,,,,,,,2,0.2
89195509857ffff,,,,,,,,,1,0.1
89195da583bffff,,,,,,,,,2,0.2
8919013a877ffff,,,,,,,1,,,0.78
891942cc42bffff,1,,,,,,,,,1
89194e08923ffff,1,,,,,,,,,1
89194e61b0fffff,1,,,,,,,,,1
8919580c99bffff,1,,,,,,,,,1
891958876c7ffff,1,,,,,,,1,,1.2
89195c0750fffff,1,,,,,,,,1,1.1
89195cc0a83ffff,1,,,,,,,,,1
89195d70a57ffff,1,,,,,,,,,1
89195dba683ffff,1,,,,,,,,,1
8919721ab37ffff,1,,,,,,,,,1
8919723a037ffff,1,,,,,,,,,1
8919732c05bffff,1,,,,,,,,,1
891952cd02bffff,,,,,,,,,1,0.1
891943c45c3ffff,,,,,,,,,1,0.1
89195cb73c7ffff,,,,,,,,,1,0.1
89182a056cbffff,,,,,,,,,1,0.1
89182a05a1bffff,1,,,,,,,1,1,1.3
89182d268dbffff,,,,,,,,,1,0.1
891874323b7ffff,,,,,,,,,1,0.1
8918748323bffff,,,,,,,,,1,0.1
891909a893bffff,,,,,,,,,1,0.1
89190b3464bffff,,,,,,,,1,1,0.3
891941350dbffff,,,,,,,,,1,0.1
89194204b17ffff,,,,,,,,,1,0.1
89194205413ffff,,,,,,,,,1,0.1
891942074cfffff,,,,,,,,,1,0.1
8919420c4b3ffff,,,,,,,,,1,0.1
8919423862bffff,,,,,,,,,1,0.1
89194238c7bffff,,,,,,,,,1,0.1
8919429962bffff,,,,,,,,,1,0.1
891942a61d7ffff,,,,,,,,,1,0.1
891943363bbffff,,,,,,,,,1,0.1
8919435b143ffff,,,,,,,,,1,0.1
891943b93dbffff,,,,,,,,,1,0.1
891946c9667ffff,,,,,,,,,1,0.1
891946cb63bffff,,,,,,,,,1,0.1
891948c99b3ffff,,,,,,,,,1,0.1
89194a00dc3ffff,,,,,,,,,1,0.1
89194a79687ffff,,,,,,,,,1,0.1
89194ad11afffff,,,,,,,,1,1,0.3
89194e0319bffff,,,,,,,,,1,0.1
89194e6d253ffff,,,,,,,,,1,0.1
89194e8a8c7ffff,,,,,,,,,1,0.1
89194ed8893ffff,,,,,,,,,1,0.1
8919510eb33ffff,,,,,,,,,1,0.1
89195110143ffff,,,,,,,,,1,0.1
891951aa9d3ffff,,,,,,,,,1,0.1
891951bb17bffff,,,,,,,,,1,0.1
891952912c3ffff,,,,,,,,,1,0.1
891952994b3ffff,,,,,,,,,1,0.1
8919529aaa7ffff,,,,,,,,,1,0.1
891953ae013ffff,,,,,,,,,1,0.1
89195520da7ffff,,,,,,,,,1,0.1
8919556ac73ffff,,,,,,,,,1,0.1
8919557729bffff,,,,,,,,,1,0.1
891955d8557ffff,,,,,,,,,1,0.1
891958036dbffff,,,,,,,,,1,0.1
89195825d9bffff,,,,,,,,,1,0.1
89195845d53ffff,,,,,,,,,1,0.1
8919586ed6bffff,,,,,,,,,1,0.1
89195899417ffff,,,,,,,,,1,0.1
891958a5b67ffff,,,,,,,,,1,0.1
89195931c77ffff,,,,,,,,,1,0.1
89195933573ffff,,,,,,,,,1,0.1
891959b4697ffff,,,,,,,,,1,0.1
89195a85153ffff,,,,,,,,,1,0.1
89195ac201bffff,,,,,,,,,1,0.1
89195ba1277ffff,,,,,,,,,1,0.1
89195ba2cd7ffff,,,,,,,,,1,0.1
89195bb4503ffff,,,,,,,,,1,0.1
89195c06677ffff,,,,,,,,,1,0.1
89195c0e2cbffff,,,,,,,,,1,0.1
89195c3135bffff,,,,,,,,,1,0.1
89195c3adcfffff,,,,,,,,,1,0.1
89195c42b3bffff,,,,,,,,,1,0.1
89195c7502fffff,,,,,,,,2,1,0.5
89195ca1eabffff,,,,,,,,,1,0.1
89195caa58fffff,,,,,,,,,1,0.1
89195cac297ffff,,,,,,,,,1,0.1
89195d0d457ffff,,,,,,,,,1,0.1
89195dd9e07ffff,,,,,,,,,1,0.1
8918203008bffff,,,,,,,,1,,0.2
89194a505cfffff,,,,,,,,1,,0.2
89194ad102bffff,,,,,,,,2,,0.4
89194ad1063ffff,,,,,,,,1,,0.2
89194ad2313ffff,,,,,,,,1,,0.2
89194adb063ffff,,,,,,,,1,,0.2
89194e490b3ffff,,,,,,,,1,,0.2
8919518656fffff,,,,,,,,2,,0.4
8919580abbbffff,,,,,,,,1,,0.2
8919580f23bffff,,,,,,,,1,,0.2
8919584000fffff,,,,,,,,1,,0.2
8919587154fffff,,,,,,,,1,,0.2
89195a4b37bffff,,,,,,,,1,,0.2
89195a86a53ffff,,,,,,,,1,,0.2
89195ab9cc3ffff,,,,,,,,1,,0.2
89195b4e94fffff,,,,,,,,1,,0.2
89195c08837ffff,,,,,,,,1,,0.2
89195d0756bffff,,,,,,,,1,,0.2
8919720cba7ffff,,,,,,,,2,,0.4
891958309b7ffff,,,,,,,,1,,0.2
891958c150bffff,,,,,,,,1,,0.2
891874accd7ffff,,,,,,,,,1,0.1
89195586b83ffff,,,,,,,,,1,0.1
8919588b007ffff,,,,,,,,,2,0.2
89195ba080bffff,,,,,,,,,1,0.1
89195ba081bffff,,,,,,,,,1,0.1
89195d28623ffff,,,,,,,,,1,0.1
89195da6c4bffff,,,,,,,,,5,0.5
8919726ab93ffff,,,,,,,,,1,0.1
8918058343bffff,,,,,,,,1,,0.2
89182a3a2b3ffff,,,,,,,,1,,0.2
89182d2f357ffff,,,,,,,,1,,0.2
8918743ab83ffff,,,,,,,,1,,0.2
891942c1983ffff,,,,,,,,1,,0.2
89194a9331bffff,,,,,,,,1,,0.2
89194ad09abffff,,,,,,,,1,,0.2
89194ad1627ffff,,,,,,,,1,,0.2
89194ad8cb7ffff,,,,,,,,1,,0.2
89194adad0bffff,,,,,,,,2,,0.4
89195104117ffff,,,,,,,,1,,0.2
89195183013ffff,,,,,,,,1,,0.2
8919518eb23ffff,,,,,,,,1,,0.2
891952d1823ffff,,,,,,,,1,,0.2
89195816c63ffff,,,,,,,,1,,0.2
8919582303bffff,,,,,,,,1,,0.2
89195bd8adbffff,,,,,,,,1,,0.2
89195da62d3ffff,,,,,,,,1,,0.2
89195dd1dabffff,,,,,,,,1,,0.2
89197201597ffff,,,,,,,,1,,0.2
8919728b117ffff,,,,,,,,1,,0.2
8919728f173ffff,,,,,,,,1,,0.2
891972cc113ffff,,,,,,,,,1,0.1
8919094554bffff,,,,,,,,,1,0.1
891976d5bafffff,,,,,,,,,1,0.1
891909c9ccbffff,,,,,,,,,1,0.1
891948474dbffff,,,,,,,,,3,0.3
891959a9cafffff,,,,,,,,,1,0.1
89195a162d3ffff,,,,,,,,,1,0.1
89195b6f38bffff,,,,,,,,,1,0.1
89195c76687ffff,,,,,,,,,1,0.1
89195e575cbffff,,,,,,,,,1,0.1
891958a7617ffff,1,,,,,,,,,1
89182a658a3ffff,1,,,,1,,,,1,1.7
89194ad047bffff,,1,,,1,,,2,2,2.1
89194ada3bbffff,,,,,1,,,,,0.6
891951062afffff,,,,,2,,,,,1.2
891958656b7ffff,,,,,1,,,,,0.6
891959108abffff,,,,,1,,,,1,0.7
8919597336fffff,1,,,,1,,,,1,1.7
891959aa40bffff,,3,,,1,,,,1,3.4
891959ba3d7ffff,,,,1,1,,,,,1.4
891959ba637ffff,,,,,1,,,,1,0.7
89195b85093ffff,,,,,4,,,1,,2.6
89195c34153ffff,1,,,,1,,,,,1.6
891973352cbffff,1,3,,,2,,,7,,6.3
89197337127ffff,,,,,1,,,,,0.6
89182a561cfffff,,1,,,1,,,,,1.5
891909ac52bffff,,,,,1,,,,1,0.7
89194146477ffff,,,,,1,,,,1,0.7
891943472afffff,,,,,1,,,,,0.6
8919464e66bffff,,,,,1,,,,,0.6
891946cd96bffff,1,,,,4,,,,1,3.5
89194ad058fffff,2,2,,1,2,,,4,,6.6
89194ad301bffff,,2,,,2,,,5,,4
89194ad32cbffff,,1,,,1,,,9,,3.3
89195195d23ffff,,1,,,2,,,1,,2.3
891954da19bffff,,,,,1,,,,,0.6
8919582e563ffff,,,,,1,,,1,,0.8
89195844b37ffff,,1,,,1,,,2,1,2
89195b4442fffff,1,2,,1,4,,,7,,7.4
89195c0c893ffff,1,,,,1,,,,,1.6
89195d70663ffff,1,,,,2,,,1,,2.4
89197238617ffff,2,,,1,1,,,2,,3.8
89197322d03ffff,1,1,,,1,,,,3,2.8
8919413b163ffff,,,,,,,,2,,0.4
8919420c827ffff,,,,,,,,2,,0.4
89194a7258fffff,,,,,,,,1,1,0.3
89194ad11d7ffff,,,,,,,,3,,0.6
89194ad1e1bffff,,,,,,,,1,,0.2
89194e69973ffff,,,,,,,,2,,0.4
89195942c47ffff,,,,,,,,1,,0.2
89194a7200fffff,,,,,,,3,,1,2.44
89195da682fffff,,,,,,,1,,,0.78
891805b1503ffff,,,,,,,,1,2,0.4
89195930417ffff,,,,,,,,,1,0.1
89194ad04c7ffff,,,,,,,,,1,0.1
89194ada08fffff,,,,,,,,,1,0.1
89194adb3bbffff,,1,,,,,,,1,1
89194e6908fffff,1,,,,1,,,,,1.6
89194accccfffff,,,,,,1,,,,0.75
89182350bd7ffff,,,,,,,,1,,0.2
89182a3168bffff,,,,,,,,1,,0.2
89182aa710fffff,,,,,,,,3,,0.6
89182c89893ffff,,,,,,,,1,,0.2
89182c8d387ffff,1,,,,,,,1,,1.2
891870d0833ffff,,,,,,,,1,,0.2
89187460ac3ffff,,,,,,,,1,,0.2
891909bac43ffff,,,,,,,,1,,0.2
89190b33383ffff,,,,,,,,1,1,0.3
89190b9aa67ffff,,,,,,,,1,,0.2
89190d8ee6fffff,,,,,,,,1,,0.2
89194210693ffff,,,,,,,,1,,0.2
89194248c63ffff,,,,,,,,1,,0.2
8919424a477ffff,,,,,,,,1,,0.2
8919424cb07ffff,,,,,,,,1,,0.2
8919426a613ffff,1,1,,,,,,3,,2.5
891942cddabffff,,2,,,,,,1,,2
8919435829bffff,1,,,,,,,1,,1.2
891943d1cbbffff,,,,,,,,2,,0.4
8919465a467ffff,,,,,,,,1,,0.2
891946c8e5bffff,,,,,,,,1,,0.2
8919484a39bffff,,,,,,,,1,,0.2
891948c1823ffff,1,,,,,,,1,,1.2
89194a795cbffff,,,,,,,,1,,0.2
89194ab99d3ffff,,,,,,,,1,,0.2
89194ad0d17ffff,,,,,,,,2,1,0.5
89194ad11c7ffff,,,,1,,,,3,,1.4
89194ad2373ffff,,,,,,,,5,,1
89194ad355bffff,,,,,,,,1,,0.2
89194ad9e0bffff,,,,,,,,1,,0.2
89194e0d54fffff,2,2,,,,,,1,,4
89194e49333ffff,,,,,,,,1,,0.2
89194e69863ffff,1,1,,,,,,1,1,2.2
89194e69b67ffff,,,,,,,,2,1,0.5
89194e6d0c7ffff,,,,,,,,1,,0.2
89194e8258fffff,,,,,,,,1,,0.2
89194e99423ffff,,,,,,,,1,1,0.3
89194ec9233ffff,,,,,,,,2,,0.4
89194ec9a27ffff,,3,,,,,,5,,3.7
89194ed4527ffff,,,,,,,,2,,0.4
891951105dbffff,1,,,,,,,1,,1.2
891951b7197ffff,,1,,,,,,2,,1.3
891952d6ac7ffff,,1,,,,,,5,,1.9
891955c731bffff,,,,,,,,1,,0.2
89195804a43ffff,,,,,,,,2,,0.4
8919584433bffff,,1,,,,,,2,5,1.8
89195866643ffff,,,,,,,,1,1,0.3
891958714cbffff,,,,,,,,2,,0.4
89195885633ffff,,,,,,,,1,,0.2
89195930317ffff,,,,,,,,3,,0.6
89195988b83ffff,,1,,,,,,3,1,1.6
891959b4627ffff,,,,,,,,6,1,1.3
891959b9d0fffff,1,4,,,,,,2,,5
89195a91e77ffff,,,,2,,,,1,,1.8
89195b1891bffff,,2,,,,,,7,,3.2
89195b44403ffff,,,,,,,,1,,0.2
89195b4694bffff,,,,,,,,1,1,0.3
89195c170bbffff,,,,,,,,1,,0.2
89195c4a98bffff,,,,,,,,1,,0.2
89195c64bc3ffff,,,,,,,,1,,0.2
89195c8ee7bffff,,,,,,,,3,,0.6
89195cadc03ffff,,,,,,,,1,,0.2
89195cb63b7ffff,,,,,,,,1,,0.2
89195d34d8fffff,,,,,,,,1,,0.2
89195d3936fffff,,,,,,,,1,,0.2
89195d4f113ffff,,,,,,,,1,,0.2
89195d88e0bffff,,,,,,,,1,,0.2
89195da352fffff,,2,,,,,,3,1,2.5
89195da6a7bffff,,,,,,,,4,,0.8
89195da6d67ffff,,,,,,,,1,,0.2
89195dac1c7ffff,,,,,,,,1,,0.2
89195db4b93ffff,,,,,,,,1,,0.2
89195db9693ffff,,,,,,,,1,,0.2
8919724dc53ffff,,,,,,,,2,,0.4
8919724f257ffff,,,,1,,,,2,,1.2
8919727638fffff,1,2,,,,,,3,1,3.5
891972835c7ffff,,1,,,,,,2,,1.3
89197334597ffff,,,,,,,,1,,0.2
8919760052fffff,,,,,,,,1,,0.2
89182c16e87ffff,,,,,,,,,1,0.1
89182c1761bffff,,,,,,,,,1,0.1
8919435b2a3ffff,,1,,,,,,,1,1
8919556712bffff,,1,,,,,,,1,1
89195b40d43ffff,,,,,,,,,1,0.1
89182a3a5cbffff,1,,,,,,,,1,1.1
8919410cd23ffff,,,,,,,,,3,0.3
8919432634fffff,,,,,,,,,2,0.2
8919465a407ffff,,,,,,,,,1,0.1
89194a90047ffff,1,,,,,,,,1,1.1
89194ad96cbffff,,,,,,,,,2,0.2
89194e8424bffff,,,,,,,,,1,0.1
891951b0ba3ffff,,,,,,,,,1,0.1
89195531ab7ffff,,,,,,,,,1,0.1
891955a1abbffff,,,,,,,,,1,0.1
89195da5933ffff,,,,,,,,,1,0.1
89182a0e9bbffff,,,,,,,,,1,0.1
89194accb2fffff,1,1,,,,,,,1,2
89182504533ffff,,,,,,,,,4,0.4
891909ac127ffff,,,,1,,,,,1,0.9
89195879d4fffff,,,,,,,,,1,0.1
89195566287ffff,,,,,,,,,1,0.1
89180194483ffff,1,,,,,,,1,,1.2
89182c163b7ffff,1,,,,,,,,,1
891909ae873ffff,3,,,,,,,,,3
89194254957ffff,3,3,,,,,,,1,5.8
89194a17637ffff,1,,,,,,,,,1
89194ac0447ffff,1,,,,,,,,,1
89194e7b037ffff,1,1,,,,,,1,1,2.2
891955d8e93ffff,1,2,,,,,,3,,3.4
89195a52ca3ffff,1,,,,,,,,,1
89197276103ffff,1,,,,,,,1,,1.2
89182c1739bffff,2,,,1,,,,3,,3.4
89194349b03ffff,1,,,,,,,,,1
8919581630bffff,1,1,,,,,,,1,2
8919584c48bffff,1,,,,,,,,,1
891976bb27bffff,1,,,,,,,,,1
8909a470823ffff,,1,,,,,,1,,1.1
89182585957ffff,,1,,,,,,,,0.9
891828d0657ffff,,1,,,,,,,,0.9
891874015a7ffff,,1,,,,,,,,0.9
8919090718bffff,1,2,,,,,,2,,3.2
8919407308fffff,1,1,,,,,,,1,2
89194105a67ffff,1,1,,,,,,,,1.9
8919427848bffff,,1,,,,,,,,0.9
891942832d7ffff,,1,,,,,,,1,1
891942c414bffff,,1,,,,,,2,,1.3
891942cab93ffff,,1,,,,,,,,0.9
891942ce86bffff,,1,,,,,,,,0.9
8919433a663ffff,,1,,,,,,1,,1.1
891943450b3ffff,,1,,,,,,,,0.9
89194348bcfffff,,2,,,,,,1,1,2.1
89194349d2fffff,,1,,,,,,,1,1
8919436cb57ffff,,1,,,,,,,,0.9
89194a56433ffff,,1,,,,,,,1,1
89194a72003ffff,,1,,,,,,1,,1.1
89194a7241bffff,,1,,,,,,,,0.9
89194a931a3ffff,,1,,,,,,,,0.9
89194ad048bffff,1,1,,,,,,,,1.9
89194ad0507ffff,,2,,,,,,1,1,2.1
89194ad8acfffff,,1,,,,,,,,0.9
89194adb077ffff,1,2,,,,,,1,,3
89194e2e647ffff,1,1,,,,,,,1,2
89194e49903ffff,,1,,,,,,,,0.9
89194e69063ffff,,1,,,,,,,,0.9
89194e75d97ffff,,1,,,,,,,,0.9
89194ec9a3bffff,,1,,,,,,,,0.9
891951b4c67ffff,,1,,,,,,,,0.9
891953ad89bffff,,1,,,,,,,,0.9
89195564077ffff,,1,,,,,,,,0.9
8919582429bffff,,1,,,,,,,,0.9
89195841e3bffff,,2,,,,,,1,2,2.2
8919588c063ffff,,1,,,,,,1,,1.1
891959091cbffff,,1,,,,,,1,,1.1
891959aa69bffff,,1,,,,,,,,0.9
891959ab24bffff,,1,,,,,,,,0.9
89195c046dbffff,,2,,,,,,,,1.8
89195c3910fffff,,1,,,,,,1,1,1.2
89195c4629bffff,,1,,,,,,,,0.9
89195c8831bffff,,2,,,,,,,,1.8
89195c96163ffff,,1,,,,,,,2,1.1
89195d04b1bffff,1,1,,,,,,,,1.9
89195d09933ffff,,2,,,,,,1,,2
89195d7358bffff,1,1,,,,,,,1,2
89195ec36a7ffff,,1,,,,,,,,0.9
8919720cb1bffff,,1,,,,,,,,0.9
89197330993ffff,,1,,,,,,,,0.9
89197664bd3ffff,,1,,,,,,,,0.9
89190e8cd07ffff,,,,,,,,,1,0.1
8919424cba7ffff,,,,,,,,,1,0.1
8919424e64bffff,,,,,,,,,1,0.1
8919588c34fffff,,,,,,,,,1,0.1
89195ab26d3ffff,,,,,,,,,1,0.1
89195c17187ffff,,,,,,,,,1,0.1
89195c8097bffff,,,,,,,,,2,0.2
89195d14353ffff,,,,,,,,,1,0.1
89195d45317ffff,,,,,,,,,1,0.1
8919586b69bffff,,,,1,,,,,,0.8
89195917003ffff,,,,1,,,,,,0.8
891943b5a03ffff,,,,1,,,,,,0.8
89194aa86a7ffff,,,,1,,,,,1,0.9
89195dac427ffff,,,,1,,,,2,,1.2
89195e942c7ffff,,1,,,,,,,,0.9
89194a0d233ffff,,,,,,,4,,,3.12
891946cb35bffff,,,,,,,,,1,0.1
89195832d03ffff,,,,,,,,,1,0.1
89182cab68fffff,,,,,,,,,1,0.1
89194241d77ffff,,,,,,,,,1,0.1
891951d4913ffff,,,,,,,,,2,0.2
89195bc6e43ffff,,,,,,,,,1,0.1
89197215233ffff,,,,,,,,,2,0.2
891953ad547ffff,,,,,,,1,,,0.78
89195c1a2a7ffff,1,,,,,,2,,,2.56
89182c16657ffff,2,,,,,,,,,2
89194042a03ffff,1,,,,,,,,,1
89194e6cad3ffff,1,,,,,,,,1,1.1
8919518656bffff,1,,,,,,,,,1
891951b9027ffff,1,,,,,,,,,1
89195406873ffff,1,,,,,,,,,1
8919585503bffff,1,,,,,,,,,1
89195a1092fffff,1,,,,,,,,,1
89195ccb2b7ffff,2,,,,,,,1,,2.2
89195d702c3ffff,1,,,,,,,,,1
89195d70803ffff,1,,,,,,,,,1
8919727503bffff,1,,,,,,,,,1
891942c5d0fffff,,,,,,,,,1,0.1
89194e696bbffff,,,,,,,,,1,0.1
89182181acfffff,,,,,,,,,1,0.1
89182532e4bffff,,,,,,,,,1,0.1
891825a6277ffff,,,,,,,,,1,0.1
8918743ae87ffff,,,,,,,,,1,0.1
8918746a857ffff,,,,,,,,,1,0.1
8918746c02bffff,,,,,,,,,1,0.1
8918746c84fffff,,,,,,,,,1,0.1
89187475e2fffff,,,,,,,,,1,0.1
891874aa827ffff,,,,,,,,,1,0.1
891874af017ffff,,,,,,,,,1,0.1
891875d0123ffff,,,,,,,,,1,0.1
89194040353ffff,,,,,,,,,1,0.1
8919404ae27ffff,,,,,,,,,1,0.1
89194108913ffff,,,,,,,,,1,0.1
891941760d3ffff,,,,,,,,,1,0.1
89194202927ffff,,,,,,,,,1,0.1
89194205d4bffff,,,,,,,,,1,0.1
891942090cfffff,,,,,,,,,1,0.1
89194218dabffff,,,,,,,,,1,0.1
8919422a247ffff,,,,,,,,,1,0.1
8919422c29bffff,,,,,,,,,1,0.1
891942764dbffff,,,,,,,,,1,0.1
891942a949bffff,,,,,,,,,1,0.1
891942c505bffff,,,,,,,,,1,0.1
89194622893ffff,,,,,,,,,1,0.1
89194852117ffff,,,,,,,,,1,0.1
891948c9eb3ffff,,,,,,,,,1,0.1
89194ad92c3ffff,,,,,,,,,1,0.1
89194e6dcd3ffff,,,,,,,,,1,0.1
89194e6de6bffff,,,,,,,,,1,0.1
89194e9ac2fffff,,,,,,,,,1,0.1
89194ec9e8fffff,,,,,,,,,1,0.1
89194ecc973ffff,,,,,,,,,1,0.1
891951803cbffff,,,,,,,,,1,0.1
891951aa24bffff,,,,,,,,,1,0.1
89195246143ffff,,,,,,,,,1,0.1
891952714d7ffff,,,,,,,,,1,0.1
8919528ec4fffff,,,,,,,,1,1,0.3
891952d44b3ffff,,,,,,,,,1,0.1
8919543253bffff,,,,,,,,,1,0.1
891955606c7ffff,,,,,,,,,1,0.1
8919566ed0bffff,,,,,,,,,1,0.1
8919581706fffff,,,,,,,,,2,0.2
89195839453ffff,,,,,,,,,1,0.1
8919598cbdbffff,,,,,,,,,1,0.1
89195c0c6b3ffff,,,,,,,,,1,0.1
89195c16303ffff,,,,,,,,,1,0.1
89195c394dbffff,,,,,,,,,1,0.1
89195c3a307ffff,,,,,,,,,1,0.1
89195e6d827ffff,,,,,,,,,1,0.1
89195eb5817ffff,,,,,,,,,1,0.1
8919732581bffff,,,,,,,,,1,0.1
891973348afffff,,,,,,,,,1,0.1
8919768d99bffff,,,,,,,,,1,0.1
891874a302fffff,,,,,,,,1,,0.2
891874aceb7ffff,,,,,,,,1,,0.2
891909ac437ffff,,,,,,,,1,,0.2
891940731d3ffff,,,,,,,,1,,0.2
89194229983ffff,,,,,,,,1,,0.2
8919434d69bffff,,,,,,,,1,,0.2
89194a89803ffff,,,,,,,,1,,0.2
89194aca6a3ffff,,,,,,,,1,,0.2
89194e14417ffff,,,,,,,,1,,0.2
89194e4b227ffff,,,,,,,,1,,0.2
89194e873a7ffff,,,,,,,,1,,0.2
89195139ab7ffff,,,,,,,,1,,0.2
891951b4c0fffff,,,,,,,,1,,0.2
891951d4d23ffff,,,,,,,,1,1,0.3
89195878187ffff,,,,,,,,1,,0.2
8919587a62fffff,,,,,,,,1,,0.2
891958adad7ffff,,,,,,,,1,,0.2
8919599a417ffff,,,,,,,,1,,0.2
89195a412d3ffff,,,,,,,,1,,0.2
89195aa50d7ffff,,,,,,,,2,,0.4
89195c0767bffff,,,,,,,,1,,0.2
89195c0cc67ffff,,,,,,,,1,,0.2
89195ca636bffff,,,,,,,,1,,0.2
89195cc0c1bffff,,,,,,,,1,,0.2
89195d71867ffff,,,,,,,,1,,0.2
89195da1877ffff,,,,,,,,1,,0.2
89195da686fffff,,,,,,,,2,,0.4
8919724c34fffff,,,,,,,,1,,0.2
891941729c7ffff,,,,,,,,1,,0.2
891942ce3b3ffff,,,,,,,,1,,0.2
89197270d17ffff,,,,,,,,1,,0.2
89182355ca3ffff,,,,,,,,,1,0.1
89194e0e9cbffff,,,,,,,,,1,0.1
89195107603ffff,,,,,,,,,1,0.1
89195b46b17ffff,,,,,,,,,1,0.1
89182c1719bffff,,,,,,,,1,,0.2
89182c8da0fffff,,,,,,,,1,,0.2
89182c8e213ffff,,,,,,,,1,,0.2
89190b323cbffff,,,,,,,,1,,0.2
89194051a6fffff,,,,,,,,1,,0.2
89194ad1023ffff,,,,,,,,1,,0.2
89194ad22b7ffff,,,,,,,,1,,0.2
89194ada567ffff,,,,,,,,1,,0.2
89194e0956fffff,,,,,,,,1,,0.2
89194e618b7ffff,,,,,,,,1,,0.2
891951b2c53ffff,,,,,,,,1,,0.2
891953b6ea3ffff,,,,,,,,1,,0.2
89195838667ffff,,,,,,,,1,,0.2
89195839353ffff,,,,,,,,1,,0.2
89195a158cfffff,,,,,,,,1,,0.2
89195c95e47ffff,,,,,,,,1,,0.2
89195cd8e3bffff,,,,,,,,1,,0.2
89195da4903ffff,,,,,,,,1,,0.2
8919723922bffff,,,,,,,,1,,0.2
89197274687ffff,,,,,,,,1,,0.2
89194e6cb4fffff,,,,,,,,,1,0.1
89194ab1ca7ffff,,,,,,,,,1,0.1
89195b6f347ffff,,,,,,,,,1,0.1
891908b1b07ffff,,,,,,,,,1,0.1
891909a9683ffff,,,,,,,,,1,0.1
89194e6eedbffff,,,,,,,,,1,0.1
89195860a87ffff,1,,,,,,,,,1
8919587a01bffff,1,,,,,,,,,1
89195c4f47bffff,1,,,,,,,,,1
891942ce92bffff,,,,,,,,,1,0.1
891952981afffff,,,,,,,,,1,0.1
89182e6e263ffff,,,,,1,,,,,0.6
89182eb436bffff,,,,,1,,,,1,0.7
891909ae803ffff,,,,,1,,,,2,0.8
89194166d27ffff,1,,,,3,,,3,,3.4
89194aaa34fffff,,,,,1,,,,,0.6
89194ad889bffff,,,,,2,,,1,,1.4
89194ad986bffff,,,,,1,,,1,,0.8
89194e0a897ffff,,,,,1,,,,,0.6
8919511684fffff,,,,,2,,,,,1.2
8919584ec63ffff,,,,,1,,,,,0.6
8919593200bffff,,1,,,2,,,2,,2.5
891959bab93ffff,,,,,1,,,,,0.6
89195c2623bffff,,,,,1,,1,,3,1.68
89197261983ffff,,,,,1,,,,,0.6
8919727932bffff,,,,,1,,,1,,0.8
89182c16c73ffff,,1,,,1,,,1,,1.7
89182c17467ffff,,,,,1,,,,,0.6
89182c52d87ffff,,,,,1,,,1,,0.8
891909ac4d7ffff,,,,,1,,,,2,0.8
89194219c8fffff,,,,,1,,,,,0.6
89194284e0bffff,,1,,,1,,,,1,1.6
8919430f033ffff,,,,,1,,,,,0.6
89194ad122bffff,,1,,,1,,,,,1.5
89194ad36cfffff,,1,,,2,,,9,1,4
891951803a7ffff,1,1,,,5,,3,4,,8.04
891951a2d67ffff,,1,,,1,,,1,,1.7
891959aa63bffff,,3,,,1,,,,,3.3
89195b706c3ffff,1,1,,1,2,,,8,,5.5
89195cb6633ffff,1,,,,2,,,,,2.2
8919724dc57ffff,,1,,,2,,,6,1,3.4
8919727ac67ffff,2,,,1,1,,,1,,3.6
89182c17427ffff,,,,,,,,1,1,0.3
89182c8d8a3ffff,,,,,,,,2,,0.4
89194105aafffff,,,,,,,,1,,0.2
8919420c96bffff,,2,,,,,,7,2,3.4
89194a7252fffff,,2,,1,,,3,14,2,7.94
89194ad1193ffff,,,,,,,,1,,0.2
89194ad247bffff,,1,,,,,,3,,1.5
89194ad3073ffff,1,3,,1,,,,10,1,6.6
8919549740fffff,,,,,,,,1,,0.2
89195c384c3ffff,,,,,,,,3,,0.6
89182c7897bffff,,,,,,,1,3,1,1.48
8919768cd17ffff,,,,,,,1,,,0.78
8919421a283ffff,,,,,,,,,1,0.1
891952d69dbffff,,,,,,,,,2,0.2
891952d6e6bffff,,1,,,,,,3,2,1.7
89182e5860bffff,,,,,,,,1,1,0.3
891909aea43ffff,,,,,,,,,1,0.1
89194ad306fffff,,2,,,,,,7,1,3.3
89195d88e0fffff,,,,,,,,2,1,0.5
89194042c8fffff,,,,,,,,,1,0.1
89182a04dabffff,1,1,,,,,,1,,2.1
89182a3a50fffff,,,,,,,,1,,0.2
89182aa460bffff,,,,,,,,1,,0.2
8919088d4d3ffff,,,,,,,,1,,0.2
89190911b4bffff,,,,,,,,1,,0.2
8919091688fffff,,,,,,,,1,,0.2
891909ac083ffff,2,2,,,,,,7,,5.2
8919404e693ffff,,,,,,,,1,,0.2
89194105a33ffff,1,,,,,,,1,,1.2
89194105a73ffff,,,,,,,,1,1,0.3
8919421a97bffff,,,,,,,,1,,0.2
89194235ca3ffff,,,,,,,,1,,0.2
8919424833bffff,,,,,,,,1,,0.2
891942543d7ffff,,,,,,,,1,,0.2
89194254833ffff,,,,,,,,1,,0.2
8919425a6afffff,,,,,,,,1,,0.2
8919429a947ffff,,,,,,,,3,1,0.7
89194336d6bffff,,,,,,,,2,1,0.5
8919435826bffff,,,,,,,,1,1,0.3
8919464f5afffff,,,,,,,,1,,0.2
891948c0ecfffff,,,,,,,,1,,0.2
89194a5300bffff,,,,,,,,1,,0.2
89194a8b62fffff,,,,,,,,2,,0.4
89194ac2353ffff,,,,,,,,1,,0.2
89194ac9d8bffff,,,,,,,,1,,0.2
89194aca6a7ffff,,1,,1,,,,1,1,2
89194ad04b3ffff,,,,,,,,2,1,0.5
89194ad12a7ffff,,,,,,,,2,,0.4
89194ad1683ffff,1,2,,,,1,,3,,4.15
89194ad242bffff,,,,,,,,1,,0.2
89194ad318bffff,1,,,,,,,1,,1.2
89194ad3383ffff,,,,,,,,6,,1.2
89194ada087ffff,,,,,,,,2,,0.4
89194adb36fffff,1,,,,,,,1,,1.2
89194e0edc7ffff,,,,,,,,1,,0.2
89194e68207ffff,,,,,,,,1,,0.2
89194ec9a77ffff,2,3,,,,,,9,,6.5
89195124eb3ffff,,2,,,,,,1,,2
891951318a7ffff,,,,,,,,1,,0.2
89195181b53ffff,,,,,,,,1,,0.2
891951b2993ffff,,,,,,,,2,,0.4
891951b75cfffff,,5,,,,,,4,2,5.5
891953b5b4fffff,,,,,,,,1,,0.2
89195538323ffff,,,,,,,,1,1,0.3
891955519bbffff,,,,,,,,3,,0.6
8919556732fffff,1,,,,,,,1,,1.2
89195842617ffff,,,,,,,,1,,0.2
89195844917ffff,,1,,,,,,8,11,3.6
89195879367ffff,,,,,,,,1,,0.2
8919587a54bffff,,,,,,,,1,,0.2
89195885423ffff,1,,,,,,,1,,1.2
89195885513ffff,,,,,,,,1,,0.2
89195888acfffff,,,,,,,,1,1,0.3
89195898097ffff,,,,,,,,1,1,0.3
89195910dbbffff,,,,,,,,1,3,0.5
89195916863ffff,,,,,,,,1,,0.2
8919597368bffff,,,,,,,,1,,0.2
89195ab03b7ffff,,,,,,,,1,,0.2
89195ab26d7ffff,2,4,,,,,,3,1,6.3
89195b46137ffff,,,,,,,,1,,0.2
89195b61577ffff,,,,,,,,2,,0.4
89195b68003ffff,,,,,,,,1,,0.2
89195c80987ffff,,,,,,,,1,,0.2
89195d0986bffff,,,,,,,,1,,0.2
89195d09e47ffff,,,,,,,,1,,0.2
89195d09e5bffff,1,,,,,,,3,,1.6
89195d24a73ffff,,,,1,,,,2,,1.2
89195d2e283ffff,,,,,,,,1,,0.2
89195d3627bffff,,,,,,,,1,,0.2
89195d4698fffff,,,,,,,,1,,0.2
89195da0287ffff,,,,,,,,1,,0.2
89195da4d27ffff,,1,,1,,,,3,1,2.4
89195da6b2fffff,,,,,,,,1,,0.2
89195dad107ffff,,,,,,,,1,,0.2
89195db554bffff,,,,,,,,1,,0.2
8919720cb5bffff,,,,,,,,1,,0.2
89197270283ffff,,,,,,,,2,,0.4
89197273187ffff,1,1,,,,,,2,1,2.4
89197276c8bffff,,,,,,,,1,,0.2
891972886cbffff,,1,,,,,,7,,2.3
891972c0ddbffff,,,,,,,,1,,0.2
89197322c33ffff,,,,,,,,4,,0.8
8919734a853ffff,,,,,,,,1,,0.2
89182c10a47ffff,,,,,,,,,1,0.1
89182c4594fffff,,,,,,,,,1,0.1
89195c95e0bffff,,,,,,,,,1,0.1
89195d283dbffff,,,,,,,,,2,0.2
8919421b593ffff,,,,,,,,,2,0.2
89194338817ffff,,,,,,,,,1,0.1
89194ec1523ffff,,,,,,,,,1,0.1
891951170b7ffff,1,,,,,,,,1,1.1
8919732626bffff,,,,,,,,,1,0.1
89182c8c00fffff,,,,,,,,,1,0.1
89194ad0adbffff,,,,,,,,,1,0.1
89194ad147bffff,,1,,,,,,,1,1
891959d5267ffff,,,,,,,,,1,0.1
89195565483ffff,2,,,,,,,,,2
89195844b6bffff,1,,,,,,,,,1
89182c4c177ffff,,,,,,,,,1,0.1
891942c5d1bffff,,,,,,,,,1,0.1
8919726ab8fffff,1,,,,,,,,1,1.1
89182c8dd4bffff,1,,,,,,,,,1
89194163037ffff,1,1,,,,,,,1,2
89195d6ee2fffff,1,1,,,,,,,,1.9
89194ad1067ffff,1,,,,,,,,,1
89194ad350fffff,1,,,,,,,,,1
89194e0d237ffff,1,,,,,,,,,1
89194e0d313ffff,2,3,,,,,,,,4.7
89195122053ffff,1,,,,,,,,,1
8919518544fffff,1,,,,,,,,,1
89195c042c3ffff,2,1,,,,,,,,2.9
89195d2e127ffff,1,,,1,,,,,,1.8
89194ad2257ffff,,,,,,,,,1,0.1
89194ad23d3ffff,,,,,,,,1,2,0.4
89194ecde73ffff,,,,,,,,,1,0.1
89194ed4117ffff,,,,1,,,,,,0.8
891801963bbffff,,2,,,,,,,,1.8
89182c8daa7ffff,,1,,,,,,,,0.9
89182c8f353ffff,,1,,,,,,1,,1.1
89182e58647ffff,,3,,,,,,1,,2.9
89190e00cbbffff,,1,,,,,,,,0.9
89194291acbffff,,3,,,,,,,1,2.8
89194365863ffff,,1,,,,,,,,0.9
891943ccbb3ffff,,1,,,,,,1,,1.1
8919465582fffff,,1,,,,,,,1,1
89194ac1393ffff,1,1,,,,,,,,1.9
89194ad36a3ffff,,1,,,,,,,,0.9
89194ada6cbffff,,1,,,,,,1,,1.1
89194e69627ffff,,2,,1,,,,,,2.6
89194e86243ffff,,1,,,,,,,1,1
8919510600fffff,,1,,,,,,,,0.9
89195180427ffff,1,1,,,,,,,,1.9
891951894c3ffff,,1,,,,,,,,0.9
891951b6a87ffff,,1,,,,,,,,0.9
891952d4583ffff,,1,,,,,,,1,1
89195564b17ffff,,1,,,,,,,,0.9
89195804acbffff,,1,,,,,,,,0.9
8919582a9c7ffff,,1,,,,,,,,0.9
89195911d57ffff,,2,,,,,,,,1.8
89195988827ffff,,2,,,,,,,,1.8
89195c0a9c3ffff,,1,,,,,,,,0.9
89195c0d48bffff,,1,,,,,,,,0.9
89195c8e363ffff,,1,,,,,,,,0.9
89195cb15d3ffff,,1,,,,,,,,0.9
89195cc3547ffff,,1,,,,,,,,0.9
89195d2f5abffff,,1,,,,,,,,0.9
89195d88adbffff,,1,,,,,,,1,1
89195da1c73ffff,1,1,,,,,,,,1.9
89195da650fffff,,2,,,,,,,1,1.9
89195da6d2bffff,,1,,,,,,1,1,1.2
891972760a7ffff,,2,,,,,,5,,2.8
89197276e6fffff,,1,,,,,,,,0.9
89197298b77ffff,,1,,,,,,,,0.9
89197322ea7ffff,,1,,,,,,,,0.9
89197326477ffff,,1,,,,,,,,0.9
8919762aed3ffff,,1,,,,,,1,,1.1
8918252451bffff,,,,,,,,,1,0.1
891909ac627ffff,,,,,,,,,1,0.1
891909bac4fffff,,,,,,,,,1,0.1
89192976e2fffff,,,,,,,,,1,0.1
8919424b0a3ffff,,,,,,,,,1,0.1
891942cceabffff,,,,,,,,,1,0.1
89194ac3567ffff,,,,,,,,,1,0.1
89194ad7353ffff,,,,,,,,,1,0.1
89194ed0a83ffff,,,,,,,,,1,0.1
8919584ec83ffff,,,,,,,,,1,0.1
89195b40d47ffff,,,,,,,,,1,0.1
89195b40dcbffff,,,,,,,,,1,0.1
89195c050d7ffff,,,,,,,,,1,0.1
89195d24c63ffff,,,,,,,,,2,0.2
89195d2cb8bffff,,,,,,,,1,1,0.3
89195d66e43ffff,,,,,,,,,1,0.1
89197276a03ffff,,,,,,,,,1,0.1
89195c00b67ffff,,,,,,,,1,,0.2
89182c44807ffff,,,,1,,,,,,0.8
89195daf34bffff,,,,1,,,,,,0.8
8918213abbbffff,,,,1,,,,,,0.8
891909ae373ffff,,,,1,,,,,,0.8
891909af16bffff,,,,1,,,,,,0.8
8919436ce0fffff,,,,1,,,,,,0.8
8919510562fffff,,,,1,,,,,,0.8
89195daf1b3ffff,,,,1,,,,,,0.8
89195dcd06fffff,,,,1,,,,1,1,1.1
89195dad17bffff,,1,,,,,,,,0.9
89194a0d2c7ffff,,,,,,,3,,,2.34
8919405ab07ffff,,,,,,,,,2,0.2
89194321dcbffff,,,,,,,,,3,0.3
89194ad1577ffff,,,,,,,,,2,0.2
89195185357ffff,,,,,,,,,1,0.1
8919518d82fffff,,,,,,,,,1,0.1
89195bd6807ffff,,,,,,,,,1,0.1
89195c8282fffff,,,,,,,,,1,0.1
89195d2b567ffff,,,,,,,,,1,0.1
89197330d5bffff,,,,,,,,,2,0.2
89195da6123ffff,,,,,,,,,3,0.3
89182c162a7ffff,1,,,,,,,,,1
89182e0c96fffff,1,,,,,,,1,,1.2
891929768d7ffff,1,,,,,,,,,1
89194040387ffff,1,,,,,,,,,1
891943581dbffff,1,,,,,,,,,1
89194aca1d3ffff,1,,,,,,,,,1
89195911147ffff,1,,,,,,,,,1
89182c12313ffff,1,,,,,,,,1,1.1
89195c3b577ffff,,,1,,,,,,1,0.8
89195dae137ffff,,,,,,,,,1,0.1
8918059a85bffff,,,,,,,,,1,0.1
89182504067ffff,,,,,,,,,1,0.1
89182566c0fffff,,,,,,,,,1,0.1
8918258e853ffff,,,,,,,,,1,0.1
8918258eb87ffff,,,,,,,,,1,0.1
891825add2fffff,,,,,,,,,1,0.1
891825b222bffff,,,,,,,,,1,0.1
8918285492fffff,,,,,,,,,1,0.1
891872903a3ffff,,,,,,,,,1,0.1
8918746a137ffff,,,,,,,,,1,0.1
891874709d3ffff,,,,,,,,,1,0.1
891909af06bffff,,,,,,,,,1,0.1
89192813257ffff,,,,,,,,,1,0.1
89194119ba3ffff,,,,,,,,,1,0.1
8919420a5b3ffff,,,,,,,,,1,0.1
89194220a97ffff,,,,,,,,,1,0.1
8919429137bffff,,,,,,,,,1,0.1
891942af573ffff,,,,,,,,,1,0.1
89194335b83ffff,,,,,,,,,1,0.1
891943b5403ffff,,,,,,,,,1,0.1
8919463aa17ffff,,,,,,,,,1,0.1
89194654167ffff,,,,,,,,,1,0.1
8919465586fffff,,,,,,,,,1,0.1
89194851b67ffff,,,,,,,,,1,0.1
89194a9301bffff,,,,,,,,,1,0.1
89194ac01dbffff,,,,,,,,,1,0.1
89194ac1e5bffff,,,,,,,,,1,0.1
89194e55c23ffff,,,,,,,,,1,0.1
89194e686bbffff,,,,,,,,,1,0.1
89194e6c203ffff,,,,,,,,,1,0.1
89194e6de2fffff,,,,,,,,,1,0.1
89194e82b67ffff,,,,,,,,1,1,0.3
89195169a33ffff,,,,,,,,1,1,0.3
8919520806bffff,,,,,,,,,1,0.1
891952135c7ffff,,,,,,,,,1,0.1
89195219657ffff,,,,,,,,,1,0.1
89195252bdbffff,,,,,,,,,1,0.1
8919529909bffff,,,,,,,,,1,0.1
891952cd367ffff,,,,,,,,,1,0.1
891952d0663ffff,,,,,,,,,1,0.1
8919542cdbbffff,,,,,,,,,1,0.1
89195568247ffff,,,,,,,,,1,0.1
891955756cbffff,,,,,,,,,1,0.1
8919564500bffff,,,,,,,,,1,0.1
8919566c84fffff,,,,,,,,,1,0.1
8919581444bffff,,,,,,,,,1,0.1
89195885687ffff,,,,,,,,,1,0.1
89195902d4bffff,,,,,,,,,1,0.1
891959141cbffff,,,,,,,,,1,0.1
89195916417ffff,,,,,,,,,1,0.1
89195930287ffff,,,,,,,,,1,0.1
89195a1ac47ffff,,,,,,,,,1,0.1
89195a4110fffff,,,,,,,,,1,0.1
89195a58c43ffff,,,,,,,,,1,0.1
89195a8540bffff,,,,,,,,,1,0.1
89195b616a3ffff,,,,,,,,,1,0.1
89195b8f277ffff,,,,,,,,,1,0.1
89195c04153ffff,,,,,,,,,1,0.1
89195c05d8fffff,,,,,,,,,1,0.1
89195c0e183ffff,,,,,,,,,1,0.1
89195c262abffff,,,,,,,,,1,0.1
89195c3739bffff,,,,,,,,,1,0.1
89195c39403ffff,,,,,,,,,1,0.1
89195c59127ffff,,,,,,,,,1,0.1
89195d292d3ffff,,,,,,,,,1,0.1
89195d7492bffff,,,,,,,,,1,0.1
89195dd5087ffff,,,,,,,,,1,0.1
89195e20d6fffff,,,,,,,,,1,0.1
89195e23387ffff,,,,,,,,,1,0.1
89195ea9bcfffff,,,,,,,,,1,0.1
891973228c7ffff,,,,,,,,,1,0.1
8919732aa0fffff,,,,,,,,,1,0.1
891973b9adbffff,,,,,,,,,1,0.1
89197616517ffff,,,,,,,,,1,0.1
89182a30a3bffff,,,,,,,,1,,0.2
89182c81b87ffff,,,,,,,,2,,0.4
891870d6487ffff,,,,,,,,1,,0.2
89190b38c87ffff,,,,,,,,1,,0.2
89192b32487ffff,,,,,,,,1,,0.2
8919404218bffff,,,,,,,,1,,0.2
891941266d7ffff,,,,,,,,1,,0.2
8919422e34fffff,,,,,,,,1,,0.2
891942581a3ffff,,,,,,,,1,,0.2
89194279657ffff,,,,,,,,1,,0.2
8919463b343ffff,,,,,,,,1,,0.2
89194ab19c3ffff,,,,,,,,1,,0.2
89194ad9dc7ffff,,,,,,,,1,,0.2
89194adb283ffff,,,,,,,,1,,0.2
89194adb2c3ffff,,,,,,,,2,,0.4
8919511653bffff,,,,,,,,1,,0.2
89195196bb3ffff,,,,,,,,1,,0.2
89195847063ffff,,,,,,,,1,,0.2
891958550afffff,,,,,,,,1,,0.2
89195970607ffff,,,,,,,,1,,0.2
89195ab4dabffff,,,,,,,,1,,0.2
89195db2b3bffff,1,,,,,,,1,,1.2
8919720e693ffff,,,,,,,,1,,0.2
891959d8d53ffff,,,,,,,,1,,0.2
89197272063ffff,,,,,,,,1,,0.2
891909ac417ffff,,,,,,,,,2,0.2
8919484298fffff,,,,,,,,,2,0.2
89195810c47ffff,,,,,,,,,2,0.2
8919582649bffff,,,,,,,,,1,0.1
89195855383ffff,,,,,,,,,1,0.1
891959a9c8bffff,,,,,,,,,1,0.1
89195da4a97ffff,,,,,,,,1,1,0.3
89195da6d8bffff,,,,,,,,,1,0.1
89195da6e17ffff,,,,,,,,,1,0.1
891821d9d43ffff,,,,,,,,1,,0.2
89182354d27ffff,,,,,,,,1,,0.2
891825a6007ffff,,,,,,,,1,,0.2
891828ba373ffff,,,,,,,,4,,0.8
89182c15607ffff,,,,,,,,2,,0.4
89182c1604bffff,,,,,,,,1,,0.2
89182c1a9cfffff,1,,,,,,,1,,1.2
89182e582cbffff,,,,,,,,1,1,0.3
89187414b0bffff,,,,,,,,1,,0.2
8918746ea23ffff,,,,,,,,1,,0.2
89187476ea7ffff,,,,,,,,1,,0.2
891874ac337ffff,,,,,,,,1,,0.2
891874ace17ffff,,,,,,,,1,,0.2
89194261b53ffff,,,,,,,,1,,0.2
89194291887ffff,,,,,,,,1,,0.2
89194ad8dabffff,,,,,,,,1,,0.2
891952ce573ffff,,,,,,,,1,,0.2
89195475b47ffff,,,,,,,,1,,0.2
8919588744fffff,,,,,,,,1,,0.2
89195d7268fffff,,,,,,,,1,,0.2
89195da6b23ffff,,,,,,,,1,,0.2
89197336313ffff,,,,,,,,1,,0.2
891959aa017ffff,,,,1,,,,,,0.8
891973346afffff,,,,,,,,,1,0.1
891909ae86bffff,,,,,,,,,1,0.1
89195e21c77ffff,,,,,,,,,1,0.1
891825391b3ffff,,,,,,,,,1,0.1
8919420d433ffff,,,,,,,,,1,0.1
89195dd6467ffff,,,,,,,,,2,0.2
89195a11b8fffff,,,,,,,,,1,0.1
89194073527ffff,1,,,,,,,,,1
8919420963bffff,1,,,,,,,,,1
8919465586bffff,1,,,,,,,,,1
89195d26157ffff,1,,,,,,,,,1
89187460a8bffff,6,2,,,,,,10,3,10.1
8919407356fffff,,2,,,1,,,,,2.4
89194213443ffff,,,,,1,,,,,0.6
89194269807ffff,,,,,3,,,2,1,2.3
8919434ca13ffff,,,,,3,,,,,1.8
89194358063ffff,,1,,,2,,,4,,2.9
8919465594bffff,,,,,1,,,,,0.6
89194e6230fffff,,3,,,2,,,1,2,4.3
891951b4037ffff,,,,,1,,,1,,0.8
891959a155bffff,,,,,1,,,,2,0.8
89195c3637bffff,,2,,,1,,,,,2.4
89195c5aa87ffff,,,,,1,,,,,0.6
89195d2a22fffff,,,,,1,,,,,0.6
8919720cbb3ffff,,2,,,1,,,6,,3.6
891941af013ffff,1,1,,,1,,,,1,2.6
8919485458fffff,,,,,1,,,1,,0.8
89194e693cfffff,1,2,,,1,,,,1,3.5
89194e75d73ffff,,1,,,1,,,,,1.5
891951b5393ffff,,1,,,1,,,2,1,2
89195d825dbffff,,1,,,1,,1,1,,2.48
89195d98a13ffff,,1,,,1,,,2,1,2
89195daca23ffff,,2,,,1,,,,,2.4
89194105b8fffff,,,,,,,,1,,0.2
8919420937bffff,,,,,,,,3,,0.6
891942c599bffff,,,,,,,,1,,0.2
891948514b7ffff,,,,,,,,2,1,0.5
89194a72103ffff,,1,,,,,,2,,1.3
89194aa8583ffff,,,,,,,,1,1,0.3
89194aa858bffff,,1,,,,,,4,,1.7
89194ad1553ffff,1,,,,,,,1,,1.2
89194e698afffff,,1,,,,,,3,1,1.6
891951046c7ffff,,,,,,,,2,,0.4
89195551987ffff,1,,,,,,,4,,1.8
891955646b7ffff,,1,,,,,,2,1,1.4
89195825e33ffff,,,,,,,,1,,0.2
89195b44427ffff,2,,,,,,,2,,2.4
891951803afffff,,1,,,,,1,3,1,2.38
891952d6e4fffff,,,,,,,,,1,0.1
89194ad9d1bffff,,1,,,,,,2,3,1.6
891953b6d93ffff,,,,,,,,,1,0.1
89195906383ffff,1,,,,,,,2,1,1.5
89197248a23ffff,,,,,,,,,1,0.1
89195da498bffff,,3,,,1,,,6,1,4.6
8918052735bffff,,,,,,,,1,,0.2
89182585803ffff,,,,,,,,1,1,0.3
891828c002bffff,,,,,,,,1,,0.2
89182992817ffff,,1,,1,,,,4,1,2.6
89182a31697ffff,,,,,,,,3,,0.6
89182c17067ffff,,,,,,,,3,,0.6
89182c17443ffff,,,,1,,,,1,,1
89182c78bbbffff,,,,,,,,1,,0.2
89182ca91a3ffff,,,,,,,,1,,0.2
89182e6e007ffff,,,,,,,,1,,0.2
891870d81a7ffff,1,1,,,,,,1,,2.1
891874034b7ffff,,,,,,,,1,,0.2
89187439c87ffff,,,,,,,,3,1,0.7
891874b2053ffff,,,,,,,,1,,0.2
891909289d7ffff,,,,,,,,1,,0.2
891909ac087ffff,,2,,,,,,11,,4
8919407261bffff,,1,,1,,,,2,2,2.3
89194205cabffff,1,,,,,,,1,,1.2
8919422a277ffff,,,,,,,,1,,0.2
8919424d98bffff,,,,,,,,1,,0.2
89194291a0fffff,,,,,,,,1,,0.2
89194291a73ffff,,,,1,,,,3,,1.4
891943a5bcfffff,,,,,,,,2,,0.4
8919466503bffff,,,,,,,,1,1,0.3
891948515d3ffff,1,,,,,,,1,,1.2
8919485b40bffff,1,3,,,,,,3,,4.3
89194a112cbffff,,2,,,,,,4,1,2.7
89194aa12a3ffff,1,1,,,,,,3,,2.5
89194ac042bffff,,,,,,,,1,1,0.3
89194ac1493ffff,,2,,,,,,3,2,2.6
89194ad1d7bffff,,,,,,,,1,,0.2
89194ad23cfffff,,,,,,,,3,,0.6
89194ad254fffff,,,,,,,,1,,0.2
89194ad31c3ffff,,,,,,,,1,,0.2
89194ad33c3ffff,,,,1,,,,2,1,1.3
89194ad958bffff,,,,,,,,1,,0.2
89194ada28bffff,,,,,,,,1,,0.2
89194adb0c7ffff,,,,,,,,1,,0.2
89194adb0d7ffff,,,,,,,,7,1,1.5
89194e681b3ffff,,4,,,,,,3,,4.2
89194e69087ffff,,,,,,,,1,,0.2
89194e69133ffff,,,,,,,,1,,0.2
89194e693c3ffff,3,1,,,,,,1,,4.1
89194e85827ffff,,,,,,,,1,,0.2
89194ec1c9bffff,,,,,,,,2,,0.4
89194ec9bdbffff,,,,,,,,8,,1.6
8919510ccdbffff,,,,,,,,1,,0.2
891951a2d6fffff,,,,,,,,3,,0.6
891951ab08fffff,,,,1,,,,1,,1
891951ac197ffff,,,,,,,,1,,0.2
891951b750bffff,,,,,,,,2,,0.4
891952d4113ffff,,,,,,,,2,,0.4
891952d458bffff,,,,,,,,1,,0.2
891954296cbffff,,,,,,,,1,,0.2
89195546143ffff,1,,,,,,,2,,1.4
89195563567ffff,,,,,,,,2,,0.4
8919583922bffff,,,,,,,,1,,0.2
8919584132bffff,,,,,,,,1,,0.2
8919586289bffff,,,,,,,,1,,0.2
89195862e8fffff,,,,,,,,1,,0.2
8919586b0a7ffff,,,,,,,,1,,0.2
8919586b4afffff,,,,,,,,1,,0.2
8919587362fffff,,,,,,,,1,,0.2
89195876ca3ffff,,1,,,,,,1,1,1.2
89195889a37ffff,,,,,,,,1,1,0.3
891958b1e67ffff,,,,,,,,1,,0.2
8919597a1d7ffff,,,,,,,,2,,0.4
89195b00e37ffff,,,,,,,,1,,0.2
89195b85603ffff,,,,,,,,1,,0.2
89195c0f623ffff,,,,,,,,1,,0.2
89195c39187ffff,,,,,,,,1,,0.2
89195c932abffff,,,,,,,,1,,0.2
89195cb1407ffff,1,,,,,,,5,,2
89195cc9c0bffff,,,,,,,,1,,0.2
89195d09aa7ffff,,,,,,,,1,,0.2
89195d09c67ffff,2,1,,1,,,,3,,4.3
89195d09d63ffff,,2,,,,,,1,1,2.1
89195d16a77ffff,,1,,,,,,2,1,1.4
89195d24a8fffff,,,,,,,,1,,0.2
89195d2ac3bffff,,,,,,,,1,,0.2
89195da352bffff,3,,,1,,,,3,6,5
89195da4b83ffff,,,,,,,,2,,0.4
89195da4bd7ffff,1,,,,,,,6,,2.2
89195da6ea7ffff,,,,,,,,1,4,0.6
89195dab203ffff,,,,,,,,1,,0.2
89195e72e93ffff,,,,,,,,1,,0.2
89197276a1bffff,,,,,,,,1,,0.2
89197276ec3ffff,,,,,,,,1,,0.2
8919728b107ffff,1,1,,,,,,2,1,2.4
89197329267ffff,3,,,,,,,2,,3.4
891973353b7ffff,,,,,,,,1,,0.2
891973366afffff,,,,,,,,1,,0.2
8919736590bffff,,,,,,,,1,,0.2
891973d704fffff,,,,,,,,1,,0.2
891976a9387ffff,,,,,,,,1,,0.2
8919425480fffff,,,,,,,,,1,0.1
891951b55b3ffff,,2,,,,,,,1,1.9
8918280ac0bffff,,,,,,,,1,1,0.3
89182a3035bffff,,,,,,,,,1,0.1
89182c16c0bffff,,,,,,,,,2,0.2
89182c8db77ffff,,,,,,,,,2,0.2
8919404e6b3ffff,,1,,,,,,,2,1.1
89194105aa7ffff,1,,1,,,,,,5,2.2
8919422f16fffff,,,,,,,,,1,0.1
89194e65207ffff,,,,,,,,,1,0.1
89195bc5c3bffff,,1,,,,,,,5,1.4
89195da2d77ffff,,,,,,,,,1,0.1
89195da4eb7ffff,1,,,,,,,,1,1.1
89182334ccbffff,2,2,,,,,,,,3.8
89182e22b23ffff,1,,,,,,,,1,1.1
89182e30a0fffff,1,,,,,,,,1,1.1
89195d15237ffff,1,,,,,,,,,1
89182a869dbffff,,,,,,,,,1,0.1
89194ada697ffff,,,,,,,,,1,0.1
8919587218bffff,,,,,,,,,1,0.1
89182c154b3ffff,1,,,,,,,,,1
89194a48e67ffff,1,,,,,,,,,1
89194ad1d97ffff,1,,,,,,,,,1
89194ad33b3ffff,2,,,,,,,1,,2.2
89194e698abffff,1,,,,,,,,,1
89195c4a957ffff,2,2,,,,1,,2,,4.95
89195c4a9d7ffff,1,1,,,,,,,,1.9
89195daee2fffff,1,,,,,,,,,1
89182c030b7ffff,2,,,,,,,1,,2.2
89182c12ca7ffff,1,,,,,,,,1,1.1
891942c5eb3ffff,1,1,,,,,,,,1.9
89194e8738bffff,1,,,,,,,,,1
89195104027ffff,1,,,,,,,,,1
89195510647ffff,1,,,,,,,,,1
89195c8ec73ffff,1,,,,,,,,,1
89195d344a3ffff,1,,,,,,,,,1
89194ad30b3ffff,,,,,,,,,1,0.1
891801a2527ffff,,1,1,1,,,,3,,3
89182c129d7ffff,,1,,,,,,,,0.9
89182c1704bffff,,1,,,,,,,,0.9
89182c171a3ffff,1,1,,,,,,,,1.9
89182c29047ffff,,1,,,,,,,1,1
89182c8db4fffff,1,2,,,,,,1,2,3.2
891874a1107ffff,,1,,,,,,,,0.9
891909b4a93ffff,,1,,,,,,,,0.9
8919416f177ffff,,1,,,,,,,,0.9
8919422a20bffff,,1,,,,,,,,0.9
8919424c50bffff,,1,,,,,,1,1,1.2
8919434c067ffff,,1,,,,,,,1,1
891948c0ec3ffff,,1,,,,,,1,,1.1
891948ccc83ffff,,1,,,,,,4,,1.7
89194a1969bffff,1,1,,,,,,,,1.9
89194a8229bffff,,1,,,,,,,,0.9
89194a9235bffff,,1,,,,,,,,0.9
89194aa1017ffff,,1,,,,,,,,0.9
89194acea73ffff,,2,,1,,,,1,,2.8
89194ad130fffff,,1,,,,,,,1,1
89194ad252bffff,1,1,,,,,,,,1.9
89194e48aabffff,,1,,,,,,,,0.9
89194e696b3ffff,,1,,1,,,,,,1.7
891955640cfffff,,1,,,,,,,,0.9
89195565447ffff,,4,,,,,,,,3.6
891955654a7ffff,,2,,,,,,,1,1.9
89195839053ffff,,1,,,,,,,,0.9
8919588c0c7ffff,,1,,,,,,1,,1.1
891959731a3ffff,,1,,,,,,,,0.9
89195a1446bffff,,1,,,,,,,,0.9
89195c8dd6bffff,,1,,,,,,,,0.9
89195c8e307ffff,,1,,,,,,,,0.9
89195d0889bffff,,1,,1,,,,,,1.7
89195d0990bffff,,1,,,,,,,,0.9
89195d2e117ffff,1,1,,,,,,,,1.9
89195d2eba3ffff,,2,,,,,,,,1.8
89195d30c43ffff,,1,,,,,,,,0.9
89195d30c47ffff,,1,,,,,,,1,1
89195da4437ffff,,1,,,,,,,,0.9
89195da6ccfffff,,1,,,,,,1,,1.1
8919728b52fffff,,1,,,,,,,,0.9
8919733724fffff,,1,,,,,,,2,1.1
891874acd8bffff,,,,,,,,,1,0.1
891909c8617ffff,,,,,,,,,1,0.1
89194300897ffff,,,,,,,,,1,0.1
89194321c8fffff,,,,,,,,,1,0.1
89194359593ffff,,,,,,,,,1,0.1
891951b2243ffff,,,,,,,,,1,0.1
89195ad0bbbffff,,,,,,,,,2,0.2
89195b6b64bffff,,,,,,,,,1,0.1
89195b8252bffff,,,,,,,,,1,0.1
89195c96e93ffff,,,,,,,,,1,0.1
89195da5eb7ffff,,,,,,,,,1,0.1
89195dd4417ffff,,,,,,,,,1,0.1
891972766b7ffff,,,,,,,,,1,0.1
891972cc56fffff,,,,,,,,,1,0.1
89197322ed3ffff,,,,,,,,,1,0.1
891942c58dbffff,,,,,,,,,1,0.1
8919435985bffff,,,,,,,,1,1,0.3
891976440abffff,,,,,,,,,1,0.1
89195c35c9bffff,,,,1,,,,,,0.8
89190d3648fffff,,,,1,,,,,,0.8
891955205cfffff,,,,1,,,,,,0.8
891955604bbffff,,,,1,,,,,,0.8
89195d726d7ffff,,,,1,,,,,,0.8
891948c93afffff,,1,,,,,,,1,1
891874aa92bffff,,,,,,,,,1,0.1
89194105a77ffff,,,,,,,2,,2,1.76
89194305937ffff,,,,,,,,,1,0.1
8919436083bffff,1,,,,,,,,2,1.2
89194655a07ffff,,,,,,,,,1,0.1
8919590954fffff,,,,,,,,,1,0.1
89195e698cbffff,,,,,,,1,,,0.78
89182c78973ffff,1,,,,,,,,,1
89190dc2d6fffff,1,,,,,,,1,,1.2
89194073677ffff,1,,,,,,,,,1
8919424d493ffff,1,,,,,,,,,1
891942913abffff,1,,,,,,,,,1
8919434a9d7ffff,1,,,,,,,,,1
89194ad194bffff,1,,,,,,,,,1
89194e6a177ffff,1,,,,,,,,1,1.1
89194e6ab8bffff,1,,,,,,,,1,1.1
89195185807ffff,1,,,,,,,1,,1.2
891951b402bffff,1,,,,,,,,,1
891951d6847ffff,1,,,,,,,,,1
891958ace3bffff,1,,,,,,,1,,1.2
89195cd7097ffff,1,,,,,,,,,1
89195da4d8bffff,1,,,,,,,2,,1.4
89195da6857ffff,1,,,,,,,2,,1.4
89197201d6fffff,1,,,,,,,,,1
891972396b7ffff,1,,,,,,,,,1
89195da424fffff,,,,,,,,,1,0.1
891942c58bbffff,,,,,,,,,1,0.1
891943ccb6fffff,,,,,,,,,1,0.1
89194acf533ffff,,,,,,1,,,1,0.85
89195da958bffff,,,,,,,,,1,0.1
89182a31a37ffff,,,,,,,,,1,0.1
891821105b3ffff,,,,,,,,,1,0.1
8918250117bffff,,,,,,,,,1,0.1
891825061b3ffff,,,,,,,,,1,0.1
89182534edbffff,,,,,,,,,1,0.1
891825619d3ffff,,,,,,,,,1,0.1
89182d20d53ffff,,,,,,,,,1,0.1
89182e6196bffff,,,,,,,,,1,0.1
891870d1d63ffff,,,,,,,,,1,0.1
891870d240bffff,,,,,,,,,1,0.1
891870dae0fffff,,,,,,,,,1,0.1
8918746e477ffff,,,,,,,,,1,0.1
89190b3ab4bffff,,,,,,,,,1,0.1
89192b6c423ffff,,,,,,,,,1,0.1
89194105607ffff,,,,,,,,,1,0.1
8919410c02fffff,,,,,,,,,1,0.1
8919410e80bffff,,,,,,,,,1,0.1
8919410f05bffff,,,,,,,,,1,0.1
8919411b103ffff,,,,,,,,,1,0.1
89194154153ffff,,,,,,,,,1,0.1
89194171ddbffff,,,,,,,,,1,0.1
891941aaea3ffff,,,,,,,,,1,0.1
8919422b027ffff,,,,,,,,,1,0.1
8919422b5b7ffff,,,,,,,,,1,0.1
8919426253bffff,,,,,,,,,1,0.1
89194a7143bffff,,,,,,,,,1,0.1
89194e2e917ffff,,,,,,,,1,1,0.3
89194e6db27ffff,,,,,,,,,1,0.1
89195094c87ffff,,,,,,,,,1,0.1
8919510660bffff,,,,,,,,,1,0.1
89195137457ffff,,,,,,,,,1,0.1
8919519a44bffff,,,,,,,,,1,0.1
891951a1547ffff,,,,,,,,,1,0.1
8919529aa8fffff,,,,,,,,,1,0.1
891952db413ffff,,,,,,,,,1,0.1
89195566547ffff,,,,,,,,,1,0.1
891955d8323ffff,,,,,,,,,1,0.1
891958a701bffff,,,,,,,,,1,0.1
891958ac633ffff,,,,,,,,,1,0.1
89195a16d03ffff,,,,,,,,,1,0.1
89195a58053ffff,,,,,,,,,1,0.1
89195a8e993ffff,,,,,,,,,1,0.1
89195b4611bffff,,,,,,,,,1,0.1
89195b78177ffff,,,,,,,,,1,0.1
89195b7996bffff,,,,,,,,,1,0.1
89195b8a683ffff,,,,,,,,,1,0.1
89195bd8ad3ffff,,,,,,,,,1,0.1
89195c043d7ffff,,,,,,,,,1,0.1
89195c04c53ffff,,,,,,,,,1,0.1
89195c2096fffff,,,,,,,,,1,0.1
89195c2dd27ffff,,,,,,,,,1,0.1
89195c35867ffff,,,,,,,,,1,0.1
89195c6640bffff,,,,,,,,,1,0.1
89195ca4a4bffff,,,,,,,,,1,0.1
89195d90bb7ffff,,,,,,,,,1,0.1
89195dacc43ffff,,,,,,,,,1,0.1
89195e46b53ffff,,,,,,,,,1,0.1
891973246dbffff,,,,,,,,,1,0.1
89197334623ffff,,,,,,,,,1,0.1
89182c0a683ffff,,,,,,,,1,,0.2
89194105833ffff,,,,,,,,1,,0.2
8919422518bffff,,,,,,,,1,,0.2
891942698a3ffff,,,,,,,,1,,0.2
89194ec9aa3ffff,,,,,,,,1,,0.2
89195189ec7ffff,,,,,,,,1,,0.2
89195490143ffff,,,,,,,,1,,0.2
89195844e1bffff,,,,,,,,1,,0.2
89195a1082fffff,,,,,,,,1,,0.2
89195d2eec7ffff,,,,,,,,1,,0.2
89195e46117ffff,,,,,,,,1,,0.2
8919727a8d7ffff,,,,,,,,1,,0.2
891941063a7ffff,,,,,,,,1,,0.2
8919420cb03ffff,,,,,,,,1,,0.2
89195431c43ffff,,,,,,,,1,,0.2
8919594dd13ffff,,,,,,,,1,,0.2
89197273113ffff,,,,,,,,1,,0.2
891972765c7ffff,,,,,,,,1,,0.2
89194ad5c6bffff,,,,,,,,,1,0.1
89194ad9eb3ffff,,,,,,,,,2,0.2
89194adb197ffff,,,,,,,,,1,0.1
89194ecde0fffff,,,,,,,,,1,0.1
8919587247bffff,,,,,,,,,1,0.1
89195933683ffff,,,,,,,,,1,0.1
8919726006bffff,,,,,,,,,1,0.1
891972622afffff,,,,,,,,,1,0.1
89182c8db57ffff,,,,,,,,1,,0.2
89182e59077ffff,,,,,,,,1,,0.2
891874a154fffff,,,,,,,,1,,0.2
891909ac6b3ffff,,,,,,,,1,,0.2
89194ec819bffff,,,,,,,,1,,0.2
8919518517bffff,,,,,,,,1,,0.2
891951b5077ffff,,,,,,,,1,,0.2
891951bb0c7ffff,,,,,,,,1,,0.2
891954d9593ffff,,,,,,,,1,,0.2
8919587a077ffff,,,,,,,,1,,0.2
8919588529bffff,,,,,,,,1,,0.2
8919597068fffff,,,,,,,,1,,0.2
89195d09947ffff,,,,,,,,1,,0.2
89195d2b1d7ffff,,,,,,,,1,,0.2
89195d2ea8fffff,,,,,,,,1,,0.2
89195d88d8bffff,,,,,,,,1,,0.2
89195da459bffff,,,,,,,,2,,0.4
89197210063ffff,,,,,,,,1,,0.2
89197283547ffff,,,,,,,,1,,0.2
89195dd62bbffff,,,,,,,,,1,0.1
89182e81653ffff,,,,,,,,,1,0.1
89194ad2e7bffff,,,,,,,,,1,0.1
89195bd45dbffff,,,,,,,,,1,0.1
89195c2da77ffff,,,,,,,,,1,0.1
89195c982a3ffff,,,,,,,,,2,0.2
891941774d3ffff,,,,,,,,,1,0.1
89194208c87ffff,,,,,,,,,1,0.1
89194e6e1b7ffff,1,,,,,,,,,1
89195da229bffff,1,,,,,,,,,1
89195d09a97ffff,,,,1,,,,2,1,1.3
89182c10617ffff,,,,,1,,,,,0.6
89190c6d46bffff,,1,,,1,,,,,1.5
89190c8eb63ffff,,,,,1,,,,,0.6
89190d68593ffff,,,,,1,,,,,0.6
8919416f163ffff,,,,,1,,,,,0.6
8919484a193ffff,,,,,1,,,,,0.6
89194a0ea03ffff,,,,,1,,,,1,0.7
89194a5464bffff,,,,,1,,,,,0.6
89194a716abffff,,,,,1,,,,,0.6
89194ad2adbffff,,1,,,1,,,2,1,2
89194ad64d7ffff,,,,,1,,,,1,0.7
89194e69317ffff,,2,,,1,,,,2,2.6
8919587a5a7ffff,,1,,,1,,,3,3,2.4
891958b1a77ffff,1,,,,1,,,1,3,2.1
89195914297ffff,,,,,1,,,,,0.6
891959320c3ffff,,,,,1,,,,,0.6
891959a9c17ffff,2,2,,1,2,,,5,1,6.9
89195cc234fffff,,,,,1,,,,,0.6
89195da6237ffff,1,1,,,3,,,,1,3.8
8919726010fffff,,,,,1,,,2,,1
891972602bbffff,,2,,,2,,,1,,3.2
8918019622fffff,,,,,1,2,,3,,2.7
8918280ac07ffff,,,,1,1,,,1,,1.6
89192b38c57ffff,,,,,1,,,,,0.6
89194261bcfffff,1,2,,,3,,,10,,6.6
89194ac317bffff,1,,,,1,,,1,1,1.9
89194e6998bffff,,4,,,3,,,3,1,6.1
8919551060bffff,,,,,1,,,,,0.6
89195b8542fffff,,,,,1,,,4,,1.4
89195c71633ffff,,1,,,1,,,1,,1.7
89195dd6297ffff,,1,,,1,,,,,1.5
8919720cbabffff,3,4,,,1,,,5,1,8.3
89197279e8fffff,1,1,,,1,,,1,,2.7
89182c8c1c3ffff,,,,,,,,1,,0.2
8919410edcfffff,,,,,,,,2,,0.4
891942c5d73ffff,,,,,,,,13,,2.6
89194ad1493ffff,3,3,,,,,,11,1,8
89194adaa3bffff,,,,,,,,2,,0.4
891951b4403ffff,,2,,,,,,6,,3
891955646a3ffff,1,3,,1,,,,5,5,6
89195c0582fffff,,,,,,,,2,,0.4
89195c6cb8fffff,,,,,,,,1,,0.2
8919727548fffff,,,,,,,,2,,0.4
891870d938bffff,,,,,,,,,1,0.1
8919726138fffff,,,,,,,1,,1,0.88
891952d6a13ffff,,,,,,,,1,1,0.3
8919281b18fffff,,,,,,,,,2,0.2
89194ad3257ffff,,2,,,,,,9,1,3.7
891954d901bffff,,,,,,,,,1,0.1
89194609673ffff,,,,,1,,,,,0.6
8919543b51bffff,,,,,1,,,,,0.6
89182a3a4a3ffff,1,3,,,,,,3,2,4.5
89182c10967ffff,,,,,,,,1,,0.2
89182cb9267ffff,1,2,,,,,,6,1,4.1
89187468bc7ffff,,,,,,,,1,,0.2
891874b6b37ffff,,,,,,,,1,,0.2
891876a4803ffff,,,,,,,,1,,0.2
891901284bbffff,,,,,,,,1,,0.2
891908b6e07ffff,,,,,,,,2,2,0.6
891909a007bffff,,,,,,,,1,,0.2
891909acc7bffff,,,,,,,,1,,0.2
8919405a9a7ffff,,1,,,,,,1,,1.1
89194208edbffff,,,,,,,,1,1,0.3
8919420c14fffff,,,,,,,,1,,0.2
89194239973ffff,,,,,,,,1,1,0.3
891942cda7bffff,,,,,,,,1,,0.2
891943489a7ffff,1,,,,,,,1,1,1.3
8919434b613ffff,1,,,,,,,1,,1.2
891946009cfffff,,,,,,,,1,,0.2
89194849443ffff,,,,,,,,1,,0.2
89194856263ffff,,1,,,,,,1,1,1.2
891948c118fffff,1,2,,,,,,3,,3.4
89194a4b5abffff,,,,,,,,1,1,0.3
89194a52e3bffff,,,,,,,,1,,0.2
89194a8116bffff,,1,,,,,,1,,1.1
89194a88ba3ffff,,,,,,,,1,,0.2
89194ad12c3ffff,,,,,,,,3,1,0.7
89194ad14d3ffff,,,,,,,,2,,0.4
89194ad1593ffff,,,,,,,,2,1,0.5
89194ad23a3ffff,,,,,,,,1,1,0.3
89194ad3283ffff,,,,,,,,2,,0.4
89194ad724fffff,,,,,,,,1,,0.2
89194ada693ffff,,1,,,,,,1,,1.1
89194adab6bffff,,,,,,,,2,1,0.5
89194adae97ffff,,,,,,,,1,,0.2
89194e0d373ffff,,2,,,,,,2,,2.2
89194e642cfffff,2,2,,,,,,1,1,4.1
89194e6836bffff,,,,,,,,1,,0.2
89194e68627ffff,,,,,,,,1,,0.2
89194e69cdbffff,,,,,,,,2,,0.4
89194e8501bffff,,,,,,,,1,,0.2
89194ec9973ffff,1,,,1,,,,1,,2
89194ed6a43ffff,,1,,,,,,2,,1.3
89195105033ffff,,,,,,,,1,,0.2
89195185d13ffff,,,,,,,,1,,0.2
891951aa97bffff,,,,,,,,1,,0.2
891951aadcbffff,,,,,,,,1,,0.2
891951b71b3ffff,,,,,,,,1,,0.2
891951d490bffff,,,,,,,1,1,,0.98
89195278987ffff,,,,,,,,1,,0.2
891952d6e3bffff,,,,,,,,1,,0.2
8919545a0cbffff,,,,,,,,1,,0.2
8919552e363ffff,,,,,,,,1,,0.2
89195566087ffff,1,,,,,,,1,1,1.3
8919583b27bffff,,,,,,,,2,,0.4
89195910e5bffff,,,,,,,,1,,0.2
8919593a283ffff,,,,1,,,,1,2,1.2
891959589c7ffff,,,,,,,,3,,0.6
891959aa4dbffff,,,,,,,,2,,0.4
89195a11bafffff,,,,,,,,1,,0.2
89195a3684fffff,,,,,,,,1,,0.2
89195b46547ffff,,,,,,,,1,1,0.3
89195c3858fffff,,,,,,,,1,1,0.3
89195c3a9d7ffff,,,,,,,,1,,0.2
89195c66cc3ffff,,,,,,,,1,,0.2
89195c95adbffff,1,1,,,,,,5,1,3
89195c9b52bffff,,,,,,,,1,,0.2
89195cadc8fffff,,,,,,,,1,,0.2
89195d1ac13ffff,,,,,,,,1,1,0.3
89195d90b63ffff,,,,,,,,1,,0.2
89195da182bffff,1,,,,,,,1,,1.2
89195ed049bffff,,,,,,,,1,,0.2
89197239403ffff,,,,,,,,1,,0.2
89197239e5bffff,,,,,,,,1,,0.2
89197272a23ffff,,,,,,,,2,,0.4
89197276ccbffff,,,,,,,,1,,0.2
891972cc187ffff,1,1,,,,,,1,,2.1
89197381b43ffff,,,,,,,,1,,0.2
89182c10e53ffff,,,,,,,,,1,0.1
89195910b3bffff,,,,,,,,,1,0.1
8918281037bffff,,,,,,,,,1,0.1
89194104c07ffff,,,,,,,,,1,0.1
89194ac5d8bffff,,,,,,,,,1,0.1
891951b72abffff,,,,,,,,,2,0.2
8919530718fffff,,,,,,1,,,1,0.85
891954c6ea7ffff,,,,,,,,,1,0.1
89195536a93ffff,,,,,,,,,1,0.1
89195dc348bffff,,,,,,,,,1,0.1
89197322597ffff,,,,,,,,,1,0.1
89195871663ffff,,,,,,,,,1,0.1
89182e5a3dbffff,1,,,,,,,,,1
89182ea595bffff,1,,,,,,,,,1
89194ad16b7ffff,2,,,,,,,,,2
891951b537bffff,1,,,,,,,,,1
891958449c3ffff,2,,,,,,,,,2
89195d36cb3ffff,2,,,,,,,,,2
89195da18cbffff,1,,,,,,,,,1
89194e0c0dbffff,,,,,,,,,1,0.1
89194a5642fffff,2,,,,,,,,1,2.1
891951a543bffff,1,,,,,,,,,1
89195991e1bffff,1,,,,,,,,,1
89195d04d4bffff,2,,,,,,,,,2
89195d24bd3ffff,1,,,,,,,,,1
89195d715a7ffff,1,,,,,,,,,1
89195d89983ffff,1,,,,,,,,,1
89195da406bffff,2,,,,,,,,,2
89197201463ffff,1,,,,,,,,,1
8919720192fffff,1,,,,,,,,,1
89197324077ffff,1,,,,,,,,,1
891973420a3ffff,1,,,,,,,3,,1.6
89197616d27ffff,1,,,,,,,,,1
89182c17007ffff,1,,,,,,,,,1
891943d2e6bffff,1,,,,,,,,,1
89194ad90dbffff,1,,,,,,,,,1
891955d6c2bffff,1,,,,,,,,,1
891821056c3ffff,,1,,,,,,,,0.9
8918212e903ffff,,1,,,,,,,,0.9
89182c172d7ffff,1,1,,,,,,,,1.9
89182e6e347ffff,,1,,,,,,,,0.9
89182e75a1bffff,,1,,,,,,,,0.9
891874aced7ffff,,1,,,,,,,,0.9
891909a9e57ffff,,1,,,,,,1,1,1.2
891941aa557ffff,,1,,,,,,,1,1
89194220b57ffff,,1,,,,,,,1,1
8919429a987ffff,,1,,,,,,,1,1
891942c4e6bffff,,1,,,,,,,,0.9
89194304507ffff,,1,,,,,,,,0.9
8919435b237ffff,,1,,,,,,,,0.9
8919438c663ffff,,1,,,,,,,,0.9
89194650483ffff,,3,,,,,,,,2.7
89194855a6bffff,,1,,,,,,3,,1.5
89194a595b3ffff,,1,,,,,,,,0.9
89194a93337ffff,,1,,,,,,,,0.9
89194adab7bffff,,1,,,,,,2,,1.3
89194e2d367ffff,,1,,,,,,,,0.9
89194e2f48fffff,1,2,,1,,,,2,1,4.1
89194e6556bffff,,1,,,,,,,,0.9
89194e68943ffff,,2,,,,,,,2,2
89194e873b7ffff,,1,,,,,,,,0.9
89195189c3bffff,,1,,,,,,,,0.9
891951b536bffff,,3,,,,,,,,2.7
891951b6cabffff,,1,,,,,,,,0.9
891953b9c9bffff,,2,,,,,,2,,2.2
8919543b557ffff,,1,,,,,,,1,1
891954d96a7ffff,,1,,,,,,,,0.9
89195564047ffff,1,3,,,,,,1,,3.9
89195824667ffff,,2,,,,,,,,1.8
891958712c3ffff,,1,,,,,,,,0.9
8919588dd43ffff,,1,,,,,,,,0.9
89195915aabffff,,2,,,,,,,1,1.9
89195b02397ffff,,2,,,,,,,,1.8
89195c25453ffff,,1,,,,,,,,0.9
89195c342a3ffff,,1,,,,,,,,0.9
89195c828c7ffff,,1,,,,,,,,0.9
89195c8e4cbffff,1,2,,,,,,,,2.8
89195ca1a43ffff,,2,,,,,,,,1.8
89195cc2303ffff,,1,,,,,,,,0.9
89195cd0267ffff,1,2,,,,,,2,1,3.3
89195d0995bffff,,1,,,,,,,,0.9
89195d29217ffff,,1,,,,,,,,0.9
89195d2b3a3ffff,,1,,,,,,,1,1
89195d33297ffff,,1,,,,,,,,0.9
89195d345cfffff,,1,,,,,,,,0.9
8919720182bffff,,2,,,,,,,,1.8
89197260103ffff,,1,,,,,,,,0.9
89197335523ffff,,1,,,,,,,,0.9
89182112d8fffff,,,,,,1,,,,0.75
891825a712fffff,,,,,,,,,1,0.1
891828b8593ffff,,,,,,,,,1,0.1
89182c161bbffff,,,,,,,,1,1,0.3
89182e36bdbffff,,,,,,,,,1,0.1
89194051a23ffff,,,,,,,,,1,0.1
891942584c3ffff,,,,,,,,,1,0.1
89194348a93ffff,,,,,,,,,1,0.1
891946475c7ffff,,,,,,,,,1,0.1
89194a5a57bffff,,,,,,,,,1,0.1
8919510e1d3ffff,,,,,,,,,1,0.1
8919566db97ffff,,,,,,,,,1,0.1
89195832cb3ffff,,,,,,,,,1,0.1
8919584dcc7ffff,,,,,,,,,1,0.1
89195dad033ffff,,,,,,,,3,1,0.7
8919723969bffff,,,,,,,,,1,0.1
89197276d57ffff,,,,,,,,,1,0.1
8919727823bffff,,,,,,,,,1,0.1
89182c0f5a3ffff,,,,,,,,,1,0.1
89182e9895bffff,,,,1,,,,,,0.8
89194e6ccdbffff,,,,1,,,,,,0.8
89194ad35abffff,,,,1,,,,1,,1
89182c12c23ffff,,,,1,,,,,1,0.9
891951a9253ffff,,,,1,,,,,,0.8
8919584d2cbffff,,,,1,,,,,,0.8
89195ab7483ffff,1,,1,1,,,,2,1,3
8919766c533ffff,,,,1,,,,,,0.8
89194a7256fffff,,,,,,,10,,,7.8
89195dad65bffff,,,,,,,,,1,0.1
891874ac063ffff,,,,,,,,,1,0.1
89194241b73ffff,,,,,,,,,1,0.1
891943171c3ffff,,,,,,,,,1,0.1
89194362147ffff,,,,,,,,,1,0.1
89194654ad3ffff,,,,,,,,,1,0.1
89194853347ffff,1,,,,,,,,1,1.1
89195b893c3ffff,,,,,,,,,2,0.2
89195da6067ffff,,,,,,,,,2,0.2
89194850d73ffff,,,,,,,1,,,0.78
89182a04aafffff,1,,,,,,,,,1
89182a3a443ffff,1,,,,,,,,,1
89190922963ffff,1,,,,,,,,,1
8919424ea03ffff,1,,,,,,,,,1
89194642db3ffff,1,,,,,,,,,1
89194ac2423ffff,1,,,,,,,,,1
8919591434bffff,1,,,,,,,,1,1.1
89195d2b087ffff,1,,,,,,,,,1
89195d35e27ffff,1,,,,,,,,,1
89195da4a03ffff,1,,,,,,,,,1
8919723a00fffff,1,,,,,,,,,1
8919727756bffff,1,,,,,,,,,1
89de707014bffff,1,,,,,,,,,1
89182c161a7ffff,,,,,,,,,2,0.2
89195db244fffff,,,,,,,,,1,0.1
89182c44dc3ffff,,,,,,,,,1,0.1
8918231418fffff,,,,,,,,1,1,0.3
8918250129bffff,,,,,,,,,1,0.1
8918250ab3bffff,,,,,,,,,1,0.1
8918252511bffff,,,,,,,,,1,0.1
891825b137bffff,,,,,,,,,1,0.1
891874a6d27ffff,,,,,,,,,1,0.1
891875dad87ffff,,,,,,,,,1,0.1
8919405008bffff,,,,,,,,,1,0.1
89194108353ffff,,,,,,,,,1,0.1
8919420026fffff,,,,,,,,,1,0.1
89194214d57ffff,,,,,,,,,1,0.1
8919422dd07ffff,,,,,,,,,1,0.1
8919423a07bffff,,,,,,,,,1,0.1
89194246c13ffff,,,,,,,,,1,0.1
8919424dc4fffff,,,,,,,,,1,0.1
8919426488fffff,,,,,,,,,1,0.1
891942a76c3ffff,,,,,,,,,1,0.1
891942a9693ffff,,,,,,,,,1,0.1
891942ccc57ffff,,,,,,,,,1,0.1
89194335c83ffff,,,,,,,,,1,0.1
891943db66fffff,,,,,,,,,1,0.1
89194a08023ffff,,,,,,,,,1,0.1
89194a084d3ffff,,,,,,,,,1,0.1
89194ad71cbffff,,,,,,,,,1,0.1
89194ad76bbffff,,,,,,,,,1,0.1
89194ada3cbffff,,,,,,,,,1,0.1
89194e686dbffff,,,,,,,,,1,0.1
89194ec9237ffff,,,,,,,,1,1,0.3
891951060abffff,,,,,,,,,1,0.1
89195115d33ffff,,,,,,,,,1,0.1
891951a9667ffff,,,,,,,,,1,0.1
891951b5cd3ffff,,,,,,,,,1,0.1
891951ba8dbffff,,,,,,,,,1,0.1
8919525763bffff,,,,,,,,,1,0.1
8919525acc7ffff,,,,,,,,,1,0.1
8919529a52fffff,,,,,,,,,1,0.1
8919529a583ffff,,,,,,,,,1,0.1
891952d41a3ffff,,,,,,,,,1,0.1
891952d68d7ffff,,,,,,,,,1,0.1
891954302dbffff,,,,,,,,,1,0.1
89195466a33ffff,,,,,,,,,1,0.1
8919556444fffff,,,,,,,,,1,0.1
891955c055bffff,,,,,,,,,1,0.1
8919584211bffff,,,,,,,,1,1,0.3
89195882907ffff,,,,,,,,,1,0.1
8919589b297ffff,,,,,,,,,1,0.1
8919590206fffff,,,,,,,,,1,0.1
8919594984fffff,,,,,,,,,1,0.1
8919599adabffff,,,,,,,,,1,0.1
891959b6343ffff,,,,,,,,,1,0.1
891959b8cd7ffff,,,,,,,,,1,0.1
891959c68dbffff,,,,,,,,,1,0.1
89195a88ba7ffff,,,,,,,,,1,0.1
89195bb196bffff,,,,,,,,,1,0.1
89195bc5587ffff,,,,,,,,,1,0.1
89195bd4557ffff,,,,,,,,,1,0.1
89195c00a83ffff,,,,,,,,,1,0.1
89195c1464bffff,,,,,,,,,1,0.1
89195c1a283ffff,,,,,,,,,1,0.1
89195c3b297ffff,,,,,,,,,1,0.1
89195c60b1bffff,,,,,,,,,1,0.1
89195c70c87ffff,,,,,,,,,1,0.1
89195c71ccbffff,,,,,,,,,1,0.1
89195cac6d7ffff,,,,,,,,,1,0.1
89195d2eb63ffff,,,,,,,,,1,0.1
89195db5297ffff,,,,,,,,,1,0.1
89195e02ca3ffff,,,,,,,,,1,0.1
89195e24a8bffff,,,,,,,,,1,0.1
8919728b097ffff,,,,,,,,,1,0.1
891972cc097ffff,,,,,,,,,1,0.1
89182c16c93ffff,,,,,,,,3,,0.6
891870daad7ffff,,,,,,,,1,,0.2
891943d0413ffff,,,,,,,,1,,0.2
89194a0d2cbffff,,,,,,,,1,,0.2
89194e2cc27ffff,,,,,,,,1,,0.2
89194e39e87ffff,,,,,,,,1,,0.2
89194e696dbffff,,,,,,,,1,,0.2
89194e842d3ffff,,,,,,,,2,,0.4
89195122673ffff,,,,,,,,1,,0.2
891951a2d13ffff,,,,,,,,1,,0.2
891951b6a33ffff,,,,,,,,1,,0.2
89195809e5bffff,,,,,,,,1,,0.2
89195845d97ffff,,,,,,,,1,,0.2
8919584ed63ffff,,,,,,,,1,,0.2
89195988bdbffff,,,,,,,,1,,0.2
891959aa517ffff,,,,,,,,2,,0.4
89195a4a987ffff,,,,,,,,1,,0.2
89195a88b17ffff,,,,,,,,1,,0.2
89195d01287ffff,,,,,,,,1,,0.2
89195d063abffff,,,,,,,,1,,0.2
89195d15c77ffff,,,,,,,,1,,0.2
89195d32557ffff,,,,,,,,1,,0.2
89195d6f24bffff,,,,,,,,1,,0.2
89197334517ffff,,,,,,,,1,,0.2
89197618aa7ffff,,,,,,,,1,,0.2
8919413aebbffff,,,,,,,,1,,0.2
89194e8e1cfffff,,,,,,,,1,,0.2
89182174803ffff,,,,,,,,,1,0.1
891942cec03ffff,,,,,,,,,1,0.1
89194a45557ffff,1,,,,,,,,1,1.1
89195805d6fffff,,,,,,,,,1,0.1
89182545c87ffff,,,,,,,,1,,0.2
891828c0093ffff,,,,,,,,1,,0.2
89187409917ffff,,,,,,,,1,,0.2
89194109627ffff,,,,,,,,1,,0.2
891942d53d3ffff,,,,,,,,1,,0.2
8919484a053ffff,,,,,,,,2,,0.4
89194ad21cfffff,,,,,,,,1,,0.2
89194ad3523ffff,,,,,,,,1,,0.2
89194ad8c33ffff,,,,,,,,1,,0.2
89194ada11bffff,,,,,,,,1,,0.2
89194e68c0bffff,,,,,,,,1,,0.2
89194e68eabffff,,,,,,,,1,,0.2
89194e69e83ffff,,,,,,,,1,,0.2
891951b558fffff,,,,,,,,1,,0.2
891952d6c37ffff,,,,,,,,1,,0.2
89195aa028fffff,,,,,,,,1,,0.2
89195c18b2fffff,,,,,,,,1,,0.2
89195c3a3dbffff,,,,,,,,1,,0.2
89195d018d7ffff,,,,,,,,1,1,0.3
89195d0993bffff,,,,,,,,1,,0.2
8919728d527ffff,,,,,,,,1,,0.2
89182e59187ffff,,,,,,,,,1,0.1
89194c4990bffff,,,,,,,,,1,0.1
891943c11b3ffff,,,,,,,,,1,0.1
891959916afffff,,,,,,,,,1,0.1
891909b5eabffff,,,,,,,,,1,0.1
891941360afffff,,,,,,,,,1,0.1
89195a28593ffff,,,,,,,,,1,0.1
891972755d3ffff,,,,,,,,,1,0.1
8919434f627ffff,,,,,,,,,1,0.1
8919434f32fffff,1,,,,,,,,,1
89195da40dbffff,1,,,,,,,,,1
89182550e23ffff,,,,,,,,,1,0.1
89194e69293ffff,,1,,,,,,,1,1
89195da10b7ffff,,,,,,,,,1,0.1
89182c8da2fffff,1,2,,1,,,,2,6,4.6
89197290143ffff,,,,,,,,1,1,0.3
89182c10db3ffff,1,1,,,1,,,1,1,2.8
891909af087ffff,,,,,1,,,,,0.6
8919410e93bffff,,,,,1,,,,,0.6
89194aaa35bffff,,,,,2,,,,2,1.4
89194ed6a4fffff,4,5,,,8,,,20,2,17.5
89195865507ffff,,,,,1,,,,,0.6
8919587a517ffff,1,1,,,4,,,5,5,5.8
891959aa293ffff,,,,1,2,,,3,,2.6
891959b6603ffff,1,2,,,1,,,2,2,4
891959b9907ffff,,1,,,1,,,,,1.5
891959ba977ffff,,,,,1,,,,,0.6
89195ad914fffff,,,,,2,,,1,1,1.5
89195bc616fffff,,,,,1,,,,,0.6
89195c3b6b3ffff,,1,,,1,,,1,1,1.8
89195d24a27ffff,2,8,,,6,,,9,2,14.8
891972896b7ffff,2,,,,1,,,,,2.6
891973a8a57ffff,,,,,2,,,,,1.2
891823029bbffff,1,,,,1,,,,1,1.7
8919083835bffff,1,2,,,1,,,1,,3.6
891942a5657ffff,,1,,,1,,,,1,1.6
891948c1117ffff,1,2,,,2,,,1,3,4.5
89194e7b027ffff,,2,,,1,,,,,2.4
89194e833cfffff,,,,,1,,,,1,0.7
891951170b3ffff,1,,,,1,,,1,1,1.9
891958bad2fffff,1,,,,1,,,3,,2.2
89195b91e6bffff,,1,,,1,,,1,,1.7
89195c66ccbffff,,,,,5,,,,,3
89195db2453ffff,2,8,,,1,,,2,1,10.3
89195dc4863ffff,,1,,,5,,,1,,4.1
89197689dbbffff,,,,,1,,,1,,0.8
891976bb2c3ffff,1,2,,,2,1,1,6,,6.73
891823324bbffff,,,,,,,,1,,0.2
89182e5869bffff,,1,,,,,,2,,1.3
891909ac553ffff,1,1,,,,,,3,,2.5
89194105a13ffff,,,,,,,,5,,1
89194acb54fffff,2,2,,,,,,7,,5.2
89194ad04a3ffff,2,,,,,,,6,1,3.3
891951b709bffff,1,,,,,,,2,,1.4
891951b7557ffff,,1,,,,,,6,1,2.2
891951b757bffff,,4,,,,,1,10,1,6.48
891955a1aabffff,,,,,,,,1,,0.2
89195932047ffff,1,1,,,,,,6,1,3.2
89195c31397ffff,,,,,,,,1,,0.2
89195c95317ffff,,,,,,,,1,,0.2
89197276597ffff,,1,,1,,,,10,1,3.8
89182e58663ffff,,3,,,,,1,9,,5.28
89182e586cbffff,,,,,,,6,,,4.68
891951b74abffff,,,,,,,1,1,,0.98
89182c10363ffff,,,,,,,,,1,0.1
891909a9ad3ffff,,,,,,,,,1,0.1
891951850b7ffff,,,,,,,,1,1,0.3
891953b5993ffff,,,,,,,,,1,0.1
891909acc13ffff,,,,,1,,,,,0.6
89194ad6487ffff,3,3,,1,1,,,5,2,8.3
8909a6b6e7bffff,,,,,,,,1,1,0.3
8918018306bffff,1,,,,,,,1,1,1.3
89180185623ffff,,,,,,,,1,,0.2
89182174a0bffff,,,,,,,,1,,0.2
89182c02017ffff,,,,,,,,1,,0.2
89182c16ebbffff,2,,,,,,,1,1,2.3
89182c17657ffff,,1,,,,,,3,2,1.7
89182c3050fffff,,,1,,,,,1,,0.9
89182c89e0bffff,,,,,,,,1,,0.2
89187474c2fffff,,,,,,,,1,1,0.3
891874a4b83ffff,,,,,,,,1,,0.2
891909246c3ffff,,,,,,,,1,,0.2
89190b31567ffff,,,,,,,,1,,0.2
89190ba8d83ffff,,,,,,,,1,,0.2
89190c78073ffff,,,,,,,,1,,0.2
89192b33013ffff,,,,,,,,1,,0.2
8919411062bffff,,,,,,,,1,1,0.3
89194237277ffff,,,,,,,,1,,0.2
89194254d4bffff,,1,,,,,,5,,1.9
89194264457ffff,,,,,,,,4,,0.8
891942660b7ffff,,,,,,,,3,,0.6
891942cebabffff,,,,,,,,1,,0.2
89194305c6fffff,,,,,,,,1,,0.2
89194346e0bffff,,,,,,,,1,,0.2
8919462de83ffff,,,,,,,,1,,0.2
891946742cfffff,,,,1,,,,2,,1.2
89194a0f583ffff,,,,,,,,1,,0.2
89194ac7087ffff,1,,,,,,,4,,1.8
89194accc17ffff,,,,,,,,1,,0.2
89194ace443ffff,1,,,,,,,1,,1.2
89194ad120bffff,1,1,,,,,,1,,2.1
89194ad1687ffff,,,,,,,,6,2,1.4
89194ad2343ffff,,,,,,,,1,,0.2
89194ad2437ffff,,,,,,,,1,1,0.3
89194ad9367ffff,,,,,,,,1,,0.2
89194ad9863ffff,,,,,,,,1,,0.2
89194adabbbffff,,1,,,,,,3,,1.5
89194e2f1d3ffff,1,2,,,,,,2,1,3.3
89194e680b7ffff,1,,,,,,,2,,1.4
89194e699c7ffff,,,,,,,,2,,0.4
89194e92e97ffff,,,,,,,,1,,0.2
89194e949d7ffff,,,,,,,,1,,0.2
891951b7093ffff,,,,,,,,1,,0.2
891951d652fffff,,,,,,,,1,,0.2
8919524c36bffff,,,,,,,,2,,0.4
8919532f16fffff,,,,,,,,1,,0.2
89195551203ffff,,,,,,,,1,,0.2
89195824063ffff,,,,,,,,2,,0.4
891958382a3ffff,,,,,,,,1,,0.2
89195846c97ffff,,,,,,,,1,,0.2
8919587124bffff,,2,,,,,,1,,2
89195887313ffff,,,,,,,,1,,0.2
8919588736bffff,,,,,,,,1,,0.2
89195906ba7ffff,,,,,,,,1,,0.2
891959304afffff,,,,,,,,6,,1.2
89195991e9bffff,,,,,,,,1,,0.2
89195994eb7ffff,,,,,,,,1,,0.2
891959aa037ffff,,,,,,,,1,1,0.3
891959b1a2fffff,,,,,,,,1,,0.2
891959b9a83ffff,,,,,,,,1,1,0.3
891959bb3d7ffff,,,,,,,,1,,0.2
89195a2d183ffff,,,,,,,,1,,0.2
89195a91e3bffff,,,,,,,,1,,0.2
89195aa1cb7ffff,,,,,,,,1,,0.2
89195b16963ffff,,,,,,,,1,,0.2
89195bab63bffff,,,,,,,,1,1,0.3
89195bc6ecfffff,,,,,,,,1,2,0.4
89195c0ec8bffff,,,,,,,,1,,0.2
89195c96d47ffff,,,,,,,,1,,0.2
89195cadc07ffff,,,,,,,,2,,0.4
89195cc0433ffff,,,,,,,,1,,0.2
89195d2a073ffff,,,,,,,,1,,0.2
89195d67467ffff,,,,,,,,1,,0.2
89195d72603ffff,,,,,,,,1,,0.2
89195da353bffff,1,,,,,,,3,1,1.7
89195da4283ffff,,,,,,,,1,,0.2
89195da4da7ffff,,,,,,,,2,,0.4
89195da4ecbffff,,,,,,,,1,,0.2
89195da546bffff,,,,,,,,1,,0.2
89195dadc2bffff,,,,,,,,1,,0.2
89195db5ecfffff,,,,,,,,1,,0.2
891972760abffff,,,,,,,,1,,0.2
89197276157ffff,1,,,,,,,1,,1.2
89197321383ffff,,,,,,,,1,1,0.3
89197325d27ffff,,1,,,,,,1,,1.1
89182c0aa4bffff,,,,,,,,,1,0.1
89194ad05a3ffff,,,,,,,,,1,0.1
8919586b407ffff,,4,,,,,,1,1,3.9
891874a5c67ffff,,,,,,,,,1,0.1
891909add27ffff,,,,,,,,,1,0.1
8919590cc73ffff,,,,,,,,,1,0.1
89195c2a42fffff,,,,,,,,,1,0.1
89195ca037bffff,,,,,,,,,1,0.1
89195d64c63ffff,,1,,,,,,,2,1.1
89194a90b5bffff,,,,,,,,,1,0.1
89194ac436bffff,,,,,,,,,1,0.1
891954acc5bffff,,,,,,,,,2,0.2
8919587326fffff,,,,,,,,,1,0.1
89195c01583ffff,,,,,,,,,1,0.1
89182a0408fffff,,,,,,,,,1,0.1
89182e505d7ffff,3,1,,,,,,1,2,4.3
89194e6f437ffff,,,,,,,,,1,0.1
89195da66a3ffff,,,,,,,,,1,0.1
891828d0643ffff,1,,,,,,,,,1
89195879a53ffff,1,2,,,,,,2,,3.2
89195d82517ffff,1,,,,,,,,,1
89182c8d17bffff,1,1,,,,,,1,1,2.2
8919436c867ffff,,,,,,,,,1,0.1
89195564633ffff,2,1,,,,,,,,2.9
89195c16b7bffff,1,,,,,,,,,1
89195d2d057ffff,2,,,,,,,,1,2.1
89195d358cbffff,2,,,,,,,1,,2.2
8919420b257ffff,1,,,,,,,,,1
89194358173ffff,2,,,,,,,,,2
891948cea6fffff,1,,,,,,,,,1
89194ec91abffff,1,,,,,,,,,1
89195d2e4b3ffff,1,,,,,,,,,1
89195d825a7ffff,,,,,,,,,1,0.1
89194a0e94fffff,,,,,,,,,1,0.1
891951b7403ffff,,,,,,,,,1,0.1
89182c4460bffff,,1,,,,,,,,0.9
89182e5848bffff,1,1,,,,,,1,,2.1
8918740d867ffff,,1,,,,,,,,0.9
891909a414bffff,,1,,,,,,,,0.9
891909aeb0fffff,,1,,,,,,,,0.9
89194205817ffff,,1,,,,,,,,0.9
891942ca82bffff,,1,,,,,,,,0.9
8919432d8c7ffff,,1,,,,,,,,0.9
8919435868bffff,,1,,,,,,1,,1.1
8919435b04bffff,,1,,,,,,,,0.9
891946513cbffff,,1,,,,,,,,0.9
89194a08b4fffff,,1,,,,,,,,0.9
89194ac2173ffff,1,3,,,,,,4,1,4.6
89194ad05bbffff,,3,,,,,,1,,2.9
89194ad4423ffff,,1,,,,,,,,0.9
89194adac4bffff,2,1,,,,,,1,2,3.3
89194e390cbffff,,1,,,,,,,,0.9
89194e45187ffff,,1,,,,,,1,1,1.2
89194e685a7ffff,,3,,,,,,1,,2.9
89194e68c3bffff,,1,,,,,,,1,1
89194ebb04fffff,,2,,,,,,,,1.8
89195100d6fffff,,1,,,,,,2,1,1.4
8919510c423ffff,,1,,,,,,,,0.9
891951805a3ffff,,1,,,,,,1,1,1.2
89195185eafffff,,1,,,,,,,,0.9
89195196c93ffff,,1,,,,,,,,0.9
89195459097ffff,,1,,,,,,,,0.9
89195879b97ffff,,1,,,,,,,,0.9
8919591683bffff,,3,,,,,,3,,3.3
8919597158fffff,,1,,,,,,,,0.9
89195b46333ffff,,1,,,,,,,1,1
89195c3862fffff,,1,,,,,,,,0.9
89195d09bafffff,,3,,,,,,,,2.7
89195d261d3ffff,,1,,,,,,,,0.9
89195d351b7ffff,1,1,,,,,,1,,2.1
89195da115bffff,2,1,,,,,,,1,3
89195da436bffff,,2,,,,,,,,1.8
891973242bbffff,,1,,,,,,,,0.9
89182506327ffff,,,,,,,,,1,0.1
89182c162b3ffff,,,,,,,,,1,0.1
891909ac48fffff,,,,,,,,,3,0.3
89194ad342fffff,,,,,,,,,1,0.1
891951b2db7ffff,,,,,,,,,3,0.3
89195854db7ffff,,,,,,,,,2,0.2
89195898467ffff,,,,,,,,,1,0.1
89195d20347ffff,,,,,,,,,1,0.1
891972c42a3ffff,,,,,,,,,1,0.1
89194ac9503ffff,,,,2,,,,,,1.6
89194ac0c37ffff,1,,,1,,,,,,1.8
89194e48b0fffff,,,,1,,,,,,0.8
8919588e36bffff,,,,1,,,,,,0.8
89195da502fffff,,,,1,,,,,,0.8
89194e69927ffff,,,,,,,,,1,0.1
89194a725bbffff,,1,,,,,,,,0.9
89194ad041bffff,,,,,1,,,,1,0.7
89194a72157ffff,,,,,,,3,,,2.34
891955736c7ffff,,,,,,,,,1,0.1
89194348a6bffff,,,,,,,,,1,0.1
8919435a347ffff,,,,,,,,,2,0.2
891946cd867ffff,,,,,,,,,1,0.1
89194853097ffff,,,,,,,,,1,0.1
89194aaa343ffff,,,,,,,,,1,0.1
89195c32d8fffff,,,,,,,,,2,0.2
89195c32d9bffff,,,,,,,,,1,0.1
89195daec9bffff,,,,,,,,,1,0.1
8909a44ce67ffff,1,,,,,,,1,1,1.3
891805baa77ffff,1,,,,,,,1,,1.2
89182a91cc3ffff,1,,,,,,,,,1
89182c6f1abffff,1,,,,,,,,,1
89182eb43c3ffff,1,,,,,,,,,1
8919428eb37ffff,1,,,,,,,,,1
8919429ad07ffff,1,,,,,,,,,1
891948c0363ffff,1,,,,,,,,,1
89194ac0eb3ffff,1,,,,,,,,,1
89194e53583ffff,1,,,,,,,,,1
8919586922bffff,1,,,,,,,1,,1.2
891958842dbffff,1,,,,,,,,1,1.1
89195c3864fffff,1,,,,,,,,,1
89195d3551bffff,1,,,,,,,,1,1.1
89195d883a3ffff,1,,,,,,,,,1
89197201957ffff,1,,,,,,,,,1
89194ec025bffff,,,,,,,,,1,0.1
8909a449a87ffff,,,,,,,,,1,0.1
89182306b57ffff,,,,,,,,,1,0.1
89182575627ffff,,,,,,,,,1,0.1
89182585ecfffff,,,,,,,,,1,0.1
891825bb1d7ffff,,,,,,,,,1,0.1
891870d2ac7ffff,,,,,,,,,1,0.1
89187431677ffff,,,,,,,,,1,0.1
891876a492bffff,,,,,,,,,1,0.1
89194055273ffff,,,,,,,,,1,0.1
891940d996bffff,,,,,,,,,1,0.1
89194174c83ffff,,,,,,,,,1,0.1
8919420c23bffff,,,,,,,,,1,0.1
8919423ac1bffff,,,,,,,,,1,0.1
8919432c2abffff,,,,,,,,,1,0.1
891943b5613ffff,,,,,,,,,1,0.1
89194634dc7ffff,,,,,,,,,1,0.1
89194651197ffff,,,,,,,,,1,0.1
89194ac941bffff,,,,,,,,,1,0.1
89194e6aab3ffff,,,,,,,,,1,0.1
89194e81e07ffff,,,,,,,,,1,0.1
89194e99143ffff,,,,,,,,,1,0.1
89194ec26a7ffff,,,,,,,,,1,0.1
89194ed4503ffff,,,,,,,,,1,0.1
8919510440fffff,,,,,,,,1,1,0.3
89195180147ffff,,,,,,,,,1,0.1
891951aac63ffff,,,,,,,,,1,0.1
891952d4303ffff,,,,,,,,,1,0.1
891952d5dcfffff,,,,,,,,,1,0.1
891952d6803ffff,,,,,,,,,1,0.1
8919586e62bffff,,,,,,,,,1,0.1
8919588c4a7ffff,,,,,,,,,1,0.1
891958c4acfffff,,,,,,,,,1,0.1
8919590459bffff,,,,,,,,,1,0.1
8919591680bffff,,,,,,,,,1,0.1
891959331abffff,,,,,,,,,1,0.1
8919598b6a3ffff,,,,,,,,,1,0.1
891959b912bffff,,,,,,,,,1,0.1
89195b1a243ffff,,,,,,,,,1,0.1
89195b8406bffff,,,,,,,,,1,0.1
89195bd8b9bffff,,,,,,,,,1,0.1
89195c0c247ffff,,,,,,,,,1,0.1
89195c0f56bffff,,,,,,,,,1,0.1
89195c1769bffff,,,,,,,,,1,0.1
89195c392cfffff,,,,,,,,,1,0.1
89195c6c4d3ffff,,,,,,,,,1,0.1
89195c6c89bffff,,,,,,,,,1,0.1
89195c7a857ffff,,,,,,,,,1,0.1
89195ca0b0bffff,,,,,,,,,1,0.1
89195ca194bffff,,,,,,,,,1,0.1
89195d09927ffff,,,,,,,,,1,0.1
89195da8b0fffff,,,,,,,,,1,0.1
89195dc8203ffff,,,,,,,,,1,0.1
891973350d3ffff,,,,,,,,,1,0.1
891973665abffff,,,,,,,,,1,0.1
89197381adbffff,,,,,,,,,1,0.1
891805ba6c7ffff,,,,,,,,1,,0.2
89194075ccbffff,,,,,,,,1,,0.2
8919413523bffff,,,,,,,,1,,0.2
891942baa6bffff,,,,,,,,1,,0.2
8919436aa63ffff,,,,,,,,1,,0.2
89194e6131bffff,,,,,,,,1,,0.2
8919518d00bffff,,,,,,,,1,,0.2
89195279c3bffff,,,,,,,,1,,0.2
891953b6b07ffff,,,,,,,,1,,0.2
8919580f62bffff,,,,,,,,1,,0.2
8919580f6a3ffff,,,,,,,,1,1,0.3
891958183a3ffff,,,,,,,,1,,0.2
89195845c93ffff,,,,,,,,2,,0.4
8919584f5cfffff,,,,,,,,1,,0.2
8919587a623ffff,,,,,,,,1,,0.2
89195ab6183ffff,,,,,,,,1,,0.2
89195b0922bffff,,,,,,,,1,,0.2
89195c6443bffff,,,,,,,,1,,0.2
89195c8ee0bffff,,,,,,,,1,,0.2
89197276553ffff,,,,,,,,4,,0.8
89195cb2193ffff,,,,,,,,1,,0.2
89194aa84afffff,,,,,,,,,1,0.1
89194ad05dbffff,,,,,,,,,1,0.1
89194e69963ffff,,,,,,,,,1,0.1
89194e699bbffff,,,,,,,,,1,0.1
89195844b3bffff,,,,,,,,,1,0.1
8919587a3a7ffff,,,,,,,,,1,0.1
8919587a3b7ffff,,,,,,,,,1,0.1
89195ba26afffff,,,,,,,,,1,0.1
89195c460cbffff,,,,,,,,,1,0.1
891823ab5bbffff,,,,,,,,2,,0.4
89182a798b7ffff,,,,,,,,1,,0.2
89182c1695bffff,1,,,,,,,1,,1.2
8918743110bffff,,,,,,,,1,,0.2
891909ac09bffff,,,,,,,,1,,0.2
8919424c82fffff,,,,,,,,1,,0.2
89194254c23ffff,,,,,,,,1,,0.2
891942c6b23ffff,,,,,,,,1,,0.2
8919434db87ffff,,,,,,,,1,,0.2
89194ad88cbffff,,,,,,,,1,,0.2
89194e8c817ffff,,,,,,,,1,,0.2
89195102697ffff,,,,,,,,1,,0.2
8919510461bffff,,,,,,,,1,,0.2
891959025a7ffff,,,,,,,,2,,0.4
891959b198fffff,,,,,,,,1,,0.2
89195ab2533ffff,,,,,,,,1,,0.2
89195c0e0b7ffff,,,,,,,,1,,0.2
89195c31257ffff,,,,,,,,1,,0.2
89195d2ec5bffff,,,,,,,,1,,0.2
89195da9c77ffff,,,,,,,,1,,0.2
89195db5b0bffff,,,,,,,,1,,0.2
89195e69e6bffff,,,,,,,,1,,0.2
8919733544bffff,,,,,,,,1,,0.2
89197365953ffff,,,,,,,,1,,0.2
89190c6ac2fffff,,,,,,,,,1,0.1
89195869367ffff,,,,,,,,,2,0.2
89182c1614bffff,,,,,,,,,1,0.1
89194e7adafffff,,,,,,,,,1,0.1
89195da422fffff,,,,,,,,,1,0.1
891951b631bffff,,,,1,,,,,,0.8
89182c8f393ffff,,,,,,,,,1,0.1
89194e6a633ffff,,,,,,,,,1,0.1
89194072387ffff,1,,,,,,,,,1
891943051c7ffff,1,,,,,,,,,1
89194ad05b7ffff,1,,,,,,,,,1
891952d596bffff,1,,,,,,,,,1
89194ad8673ffff,,1,,,1,,,4,5,2.8
89182a703abffff,2,1,,1,,,,3,1,4.4
8919725a9d3ffff,,,,,,,,,1,0.1
89197335527ffff,1,4,,,,,,,1,4.7
89182e5860fffff,6,6,,,7,,,27,1,21.1
891909af54bffff,,,,,1,,,,,0.6
891940735a7ffff,,2,,,4,,,4,2,5.2
89194a71647ffff,,,,,1,,,,,0.6
89194aa85d7ffff,,1,,,3,,,2,2,3.3
89194ad0e9bffff,,,,,1,,,,,0.6
89194e684afffff,1,,,,1,,,1,,1.8
8919587a587ffff,,1,,,1,,,4,3,2.6
89195906d0bffff,,,,,1,,,,,0.6
89195910b8bffff,,,,,1,,,,1,0.7
89195916a17ffff,,,,,1,,,,,0.6
89195917183ffff,,,,,1,,,,1,0.7
891959aa21bffff,,,,,1,,,2,,1
891959aa39bffff,,,,,1,,,1,,0.8
891959aa477ffff,,,,,1,,,,,0.6
891959aa6b3ffff,,5,,,1,,,4,1,6
891959baeafffff,,,,,1,,,,1,0.7
89195b0905bffff,2,2,,,1,,5,1,1,8.6
89195da6e5bffff,,,,,2,,,2,3,1.9
8919720cb03ffff,,,,,1,,,,,0.6
89197276507ffff,,7,,,4,,,12,2,11.3
89197332a0fffff,,,,,2,,,,,1.2
89182c1447bffff,4,1,,,1,,,,,5.5
89194ad3087ffff,,1,,,1,,,5,1,2.6
8919556548bffff,,1,,,1,,,,1,1.6
8919590d457ffff,,,,,1,,,2,,1
892a4c146afffff,,,,1,1,,,,,1.4
89182a312c7ffff,,,,,,,,2,,0.4
891909ac463ffff,,1,,,,,,12,2,3.5
891942149a7ffff,,,,,,,,1,,0.2
8919423962bffff,,1,,,,,,3,,1.5
89194ada523ffff,,,,,,,,1,,0.2
891951b4463ffff,1,5,,,,,,9,1,7.4
8919584c947ffff,2,1,1,,,,,7,2,5.2
891958855a3ffff,1,,,,,,,2,,1.4
891959a8e9bffff,,,,,,,,1,1,0.3
89195b46b13ffff,,,,,,,,3,,0.6
89195d7066bffff,,1,,,,,,4,1,1.8
89182c0d5d3ffff,,,,,,,,1,1,0.3
89195429157ffff,,,,,,,,,1,0.1
89195988ba7ffff,,,,,,,,,1,0.1
891973c1973ffff,,,,,,,,,1,0.1
891973d131bffff,,,,,,,,,1,0.1
891820aedb3ffff,,,,,,,2,1,,1.76
891828c6cb3ffff,,,,,,,,1,1,0.3
89182c0ae5bffff,,,,,,,,1,,0.2
89182c16edbffff,,,,,,,,1,,0.2
89182c170c3ffff,,,,,,,,1,,0.2
89182c1745bffff,1,,,,,,,2,,1.4
89182c8db0bffff,,,,,,,,4,,0.8
89182e4d277ffff,,,,,,,,1,,0.2
8918740c157ffff,,,,,,,,1,,0.2
8918740c523ffff,,,,,,,,1,1,0.3
891874ace5bffff,2,,,,,,,1,,2.2
89190c4c997ffff,,,,,,,,1,,0.2
89194105263ffff,,,,,,,,1,,0.2
8919414a8bbffff,,,,,,,,1,,0.2
891941b9e77ffff,,,,,,,,1,,0.2
8919420f45bffff,,,,,,,,1,,0.2
8919422c8c3ffff,,,,,,,,1,,0.2
8919427a303ffff,,,,,,,,1,,0.2
891942c5d17ffff,,,,,,,,1,,0.2
8919436a1c7ffff,1,,,,,,,1,,1.2
891943c8e9bffff,,3,,,,,,1,,2.9
89194614ecbffff,,,,,,,,2,1,0.5
8919465a42fffff,,,,,,,,1,,0.2
89194a0d383ffff,,,,,,,,1,,0.2
89194ac144fffff,,,,,,,,2,,0.4
89194ad044fffff,,,,,,,,1,,0.2
89194ad08cbffff,,,,,,,,1,,0.2
89194ad165bffff,,,,,,,,1,,0.2
89194ad2353ffff,1,,,,,,,3,,1.6
89194ad2637ffff,,,,,,,,1,,0.2
89194ad2e57ffff,,,,,,,,2,,0.4
89194ad3043ffff,,,,,,,,4,,0.8
89194ad306bffff,,3,,,,,,8,1,4.4
89194ad32dbffff,1,,,1,,,,3,,2.4
89194ad34bbffff,,,,,,,,2,,0.4
89194ad3693ffff,,,,,,,,2,,0.4
89194ad56d7ffff,,1,,,,,,1,,1.1
89194ad6ea7ffff,,,,,,,,1,,0.2
89194ada4d3ffff,3,4,,,,,,9,1,8.5
89194adb00fffff,,1,,,,,,5,2,2.1
89194adb513ffff,,2,,,,,,4,,2.6
89194e0edcbffff,,,,,,,,1,1,0.3
89194e69b47ffff,,1,,,,,,1,,1.1
89194e6e943ffff,,,,,,,,2,1,0.5
89194e7436bffff,,,,1,,,,3,,1.4
89194e7554fffff,,,,,,,,2,,0.4
89194e8314bffff,,,,,,,,1,,0.2
89194ec9a7bffff,,,,,,,,3,,0.6
89195106233ffff,,,,,,,,1,,0.2
891952d6a03ffff,,,,,,,,1,,0.2
891954593b3ffff,,1,,,,,,2,,1.3
89195524623ffff,,,,,,,,2,,0.4
89195545887ffff,,1,,,,,,1,1,1.2
891955646afffff,,6,,,,,,3,4,6.4
891958062c3ffff,,,,,,,,1,,0.2
8919583866fffff,,,,1,,,,1,,1
89195840063ffff,,,,,,,,1,,0.2
8919586b443ffff,,,,1,,,,4,2,1.8
891958716cbffff,1,1,,,,,,1,,2.1
891958a493bffff,,,,,,,,1,,0.2
891959b08a3ffff,,,1,,,,,1,,0.9
89195a21babffff,,,,,,,,1,,0.2
89195ac4603ffff,1,,,,,,,2,,1.4
89195c06a7bffff,,,,,,,,1,,0.2
89195c34163ffff,2,1,,1,,,,1,1,4
89195c41c0fffff,,,,,,,,1,,0.2
89195c8093bffff,,,,,,,,2,,0.4
89195ca41dbffff,,,,,,,,1,,0.2
89195cc0487ffff,,,,,,,,2,,0.4
89195cc5a8fffff,,,,,,,,1,,0.2
89195d085c3ffff,,,,,,,,1,,0.2
89195d0994bffff,,,,,,,,1,,0.2
89195d44c93ffff,,,,,,,,1,,0.2
89195da1823ffff,,,,,,,,1,,0.2
89195da4cc3ffff,1,,,,,,,1,,1.2
89195da642bffff,2,2,,,,,,6,,5
89195dba94bffff,,,,,,,,1,,0.2
8919724e877ffff,,,,,,,,1,,0.2
8919726a827ffff,2,7,,,,,,5,,9.3
891972760b7ffff,,,,,,,,5,,1
89197276427ffff,,,,,,,,1,,0.2
8919727642fffff,,,,,,,,1,,0.2
8919728869bffff,,,,,,,,3,,0.6
8919728a473ffff,,,,,,,,1,,0.2
8919728b16bffff,,,,,,,,1,,0.2
8919728b3c7ffff,,,,,,,,2,,0.4
891972bb5c3ffff,,,,,,,,1,2,0.4
89197322017ffff,,1,,,,,,1,1,1.2
891973323bbffff,,,,,,,,1,,0.2
8919736c4cbffff,,,,,,,,1,,0.2
8919768cd27ffff,,,,,,,,2,,0.4
8919768cd37ffff,1,,,,,,,1,,1.2
89195b441dbffff,,,,,,,,,2,0.2
8919413b4bbffff,,,,,,,,,1,0.1
89195910d37ffff,,,,,,,,,1,0.1
89182854343ffff,,,,,,,,,1,0.1
8919417ae97ffff,,,,,,,,,8,0.8
89194adb297ffff,,,,,,,,,1,0.1
89195536e77ffff,,,,,,,,,3,0.3
89195d09b7bffff,,,,,,,,,2,0.2
89195db9b6bffff,,,,,,,,,1,0.1
89197322a47ffff,1,,,,,,,,2,1.2
89182c10dbbffff,,,,,,,,,1,0.1
8919402c233ffff,,,,1,,,,,,0.8
891951b9437ffff,,,,1,,,,,,0.8
89197337033ffff,,,,,,,,,1,0.1
89182c8ea77ffff,3,,,,,,,,,3
89182e5b12fffff,1,,,,,,,,,1
8919587a063ffff,1,,,,,,,2,,1.4
89195da42b7ffff,1,1,,,,,,,,1.9
89195da6b03ffff,1,,,,,,,1,,1.2
89197239207ffff,1,,,,,,,,,1
891973229c3ffff,1,1,,,,,,,,1.9
89182a06b67ffff,1,,,,,,,,,1
89182c12cd7ffff,2,1,,,,,,3,,3.5
89182e6c297ffff,1,,,,,,,,,1
8919424c227ffff,1,,,,,,,,,1
8919434884bffff,1,,,,,,,,,1
8919526c9c7ffff,1,,,,,,,,,1
89195c55d73ffff,1,,,,,,,,,1
89195d7358fffff,1,,,,,,,,,1
8919728b11bffff,1,,,,,,,,,1
8919420c91bffff,,,,,,,,,1,0.1
89190902e73ffff,,1,,,,,,,,0.9
89190930197ffff,,1,,,,,,,,0.9
8919424c98bffff,,2,,,,,,1,,2
8919424c9c7ffff,,1,,,,,,,,0.9
8919426a5cbffff,,1,,,,,,,,0.9
891942c5353ffff,,1,,,,,,,,0.9
891942d5437ffff,,1,,,,,,,,0.9
8919434d8afffff,,1,,,,,,,1,1
89194360823ffff,2,1,,,,,,,2,3.1
891946c9057ffff,,1,,,,,,,,0.9
891948429cfffff,,1,,,,,,1,,1.1
89194a9018fffff,,2,,,,,,2,,2.2
89194a90223ffff,,1,,,,,,,,0.9
89194a90357ffff,,3,,,,,,1,,2.9
89194ace2b7ffff,,1,,,,,,,,0.9
89194ad0137ffff,,1,,,,,,,1,1
89194ad0c07ffff,,1,,,,,,,,0.9
89194ad2607ffff,,1,,,,,,,,0.9
89194e69d67ffff,1,1,,,,,,1,,2.1
891952d6833ffff,,1,,,,,,,,0.9
891958716bbffff,,1,,,,,,,,0.9
8919587933bffff,,1,,,,,,,1,1
891958a70cbffff,,1,,,,,,,1,1
891959ab563ffff,,1,,,,,,,,0.9
89195a1445bffff,,1,,,,,,,,0.9
89195ab65c3ffff,,1,,,,,,,,0.9
89195b70487ffff,,1,,,,,,,,0.9
89195b96a9bffff,,1,,,,,,,1,1
89195c0588bffff,,1,,,,,,,,0.9
89195c06b67ffff,,1,,,,,,,1,1
89195c1a393ffff,,1,,,,,,,1,1
89195c95157ffff,,2,,,,,,,,1.8
89195cca6d3ffff,,1,,,,,,,,0.9
89195d048c7ffff,,3,,,,,,,,2.7
89195d2c5bbffff,,1,,,,,,,,0.9
89195da1b47ffff,1,1,,,,,,,1,2
89195dd604bffff,,1,1,,,,,,,1.6
89195dd6663ffff,,1,,,,,,,,0.9
8919728a28bffff,,1,,,,,,,1,1
8919728a673ffff,,1,,,,,,,1,1
89197336a43ffff,,1,,,,,,,,0.9
891976bb35bffff,,2,,,,,,,,1.8
89182c12cabffff,,,,,,,,,1,0.1
89190c66263ffff,,,,,,,,,1,0.1
89190d79263ffff,,,,,,,,,1,0.1
89194305523ffff,,,,,,,,,1,0.1
89194320e63ffff,,,,,,,,,2,0.2
89194a91533ffff,,,,,,,,,1,0.1
89194aa9373ffff,,,,,,,,,1,0.1
89194ac32a3ffff,,,,1,,,,,1,0.9
89195131623ffff,,,,,,,,,1,0.1
8919599132fffff,,,,,,,,,1,0.1
89195c0caabffff,,,,,,,,,1,0.1
89197603327ffff,,,,,,,,,1,0.1
89182c174a7ffff,,,,1,,,,,,0.8
89190c6d6a3ffff,,,,1,,,,,,0.8
891972b9247ffff,,,,1,,,,,,0.8
89194a0d213ffff,,,,,,,1,,,0.78
89194a7254fffff,,,,,,,1,,,0.78
89182c17393ffff,1,,,1,,,,,,1.8
89195d88e87ffff,,,,,,,,,1,0.1
891874aeb4fffff,,,,,,,,,1,0.1
8919410291bffff,,,,,,,,,1,0.1
89194ad040bffff,,,,,,,,,1,0.1
891951b468fffff,,,,,,,,,2,0.2
891951d4ca3ffff,,,,,,,,,1,0.1
89195bd6817ffff,,,,,,,,,1,0.1
89195d29407ffff,,,,,,,,,1,0.1
89187406123ffff,,,,,,,1,,,0.78
89194110873ffff,,,,,,,1,,,0.78
89195aaae23ffff,,,,,,,1,1,,0.98
8918250127bffff,1,,,,,,,,,1
891942209d3ffff,1,,,,,,,,,1
8919422d047ffff,1,,,,,,,,,1
89194239237ffff,1,,,,,,,,,1
8919424b6d7ffff,1,,,,,,,1,,1.2
891942548bbffff,1,,,,,,,,,1
891942ccccbffff,1,,,,,,,,,1
891942cce47ffff,1,,,,,,,,,1
891942cdeabffff,1,,,,,,,,1,1.1
89194ad1557ffff,1,,,,,,,,,1
89195565db7ffff,1,,,,,,,,,1
8919556754fffff,1,,,,,,,,1,1.1
89195972527ffff,1,,,,,,,,,1
891959a9d17ffff,1,,,,,,,1,1,1.3
89195a140cbffff,1,,,,,,,2,,1.4
89195da4c03ffff,1,,,,,,,,,1
8919724d5c7ffff,1,,,,,,,,,1
891972601c3ffff,1,,,,,,,,,1
89195818307ffff,,,1,,,,,,,0.7
891943582a7ffff,,,,,,,,,1,0.1
89195971087ffff,,,,,,,,,1,0.1
89182a333afffff,,,,,,,,,1,0.1
89182500423ffff,,,,,,,,,1,0.1
8918250185bffff,,,,,,,,,1,0.1
89182525c3bffff,,,,,,,,,1,0.1
8918257155bffff,,,,,,,,,1,0.1
891825a11abffff,,,,,,,,,1,0.1
891870d4643ffff,,,,,,,,,1,0.1
891874ac42fffff,,,,,,,,,1,0.1
89190d072cbffff,,,,,,,,1,1,0.3
8919404dbafffff,,,,,,,,,1,0.1
8919410eabbffff,,,,,,,,,1,0.1
89194126117ffff,,,,,,,,,1,0.1
8919412d447ffff,,,,,,,,,1,0.1
8919414490bffff,,,,,,,,,1,0.1
8919420309bffff,,,,,,,,,1,0.1
89194230eb3ffff,,,,,,,,,1,0.1
89194285aabffff,,,,,,,,,1,0.1
891942b9c27ffff,,,,,,,,,1,0.1
891943af20fffff,,,,,,,,,1,0.1
8919462a16fffff,,,,,,,,1,1,0.3
89194a0d1a3ffff,,,,,,,,,1,0.1
89194ad33cbffff,,,,,,,,,1,0.1
89194e38977ffff,,,,,,,,,1,0.1
89194e8354fffff,,,,,,,,,1,0.1
89195106c5bffff,,,,,,,,,1,0.1
891951232b3ffff,,,,,,,,,1,0.1
891951b412bffff,,,,,,,,,1,0.1
89195219c53ffff,,,,,,,,,1,0.1
891952c662bffff,,,,,,,,,1,0.1
89195549017ffff,,,,,,,,,1,0.1
891955650cbffff,,,,,,,,,1,0.1
891955c4d63ffff,,,,,,,,,1,0.1
89195834087ffff,,,,,,,,,1,0.1
89195882067ffff,,,,,,,,,1,0.1
891958a44cbffff,,,,,,,,,1,0.1
89195901017ffff,,,,,,,,,1,0.1
89195911917ffff,,,,,,,,,1,0.1
891959a8a97ffff,,,,,,,,,1,0.1
89195ad989bffff,,,,,,,,,2,0.2
89195b16467ffff,,,,,,,,,1,0.1
89195b61493ffff,,,,,,,,,1,0.1
89195b61b1bffff,,,,,,,,,1,0.1
89195ba2293ffff,,,,,,,,,1,0.1
89195ba5223ffff,,,,,,,,,1,0.1
89195c08d7bffff,,,,,,,,,1,0.1
89195c0eb6bffff,,,,,,,,,1,0.1
89195c0f3afffff,,,,,,,,,1,0.1
89195c1a677ffff,,,,,,,,,1,0.1
89195c69017ffff,,,,,,,,,1,0.1
89195caa9abffff,,,,,,,,,1,0.1
89195cae623ffff,,,,,,,,,1,0.1
89195d59477ffff,,,,,,,,,1,0.1
89195d7b4cbffff,,,,,,,,,1,0.1
89195dda4b3ffff,,,,,,,,,1,0.1
89195e872b3ffff,,,,,,,,,1,0.1
8919728989bffff,,,,,,,,,1,0.1
8919732adcbffff,,,,,,,,,1,0.1
891973376cbffff,,,,,,,,,1,0.1
8919736663bffff,,,,,,,,,1,0.1
8919768568bffff,,,,,,,,,1,0.1
891801c616bffff,,,,,,,,1,,0.2
89182ca996fffff,,,,,,,,1,,0.2
89182d2d8cfffff,,,,,,,,1,,0.2
8919088d447ffff,,,,,,,,1,,0.2
8919429ab83ffff,,,,,,,,1,,0.2
891942b2b1bffff,,,,,,,,1,,0.2
8919430d873ffff,,,,,,,,1,,0.2
891943361d7ffff,,,,,,,,1,,0.2
8919436dbd3ffff,,,,,,,,1,,0.2
89194ad0387ffff,,,,,,,,1,,0.2
89194ad1303ffff,,,,,,,,1,,0.2
89194e76997ffff,,,,,,,,1,,0.2
89195186617ffff,,,,,,,,1,,0.2
89195186d83ffff,,,,,,,,1,,0.2
891951b0813ffff,,,,,,,,1,,0.2
891958444cfffff,,,,,,,,1,,0.2
891958472bbffff,,,,,,,,1,,0.2
891958473d3ffff,,,,,,,,1,,0.2
89195871653ffff,1,,,,,,,2,,1.4
89195879aabffff,,,,,,,,1,,0.2
891959b243bffff,,,,,,,,1,,0.2
89195a88503ffff,,,,,,,,1,,0.2
89195aaad43ffff,,,,,,,,2,,0.4
89195ad938bffff,,,,,,,,1,,0.2
89195b7b443ffff,,,,,,,,1,,0.2
89195c82d0bffff,,,,,,,,1,,0.2
89195c90893ffff,,,,,,,,1,,0.2
89195d01907ffff,,,,,,,,1,,0.2
89195d04d4fffff,,,,,,,,1,,0.2
89195da1b5bffff,,,,,,,,1,,0.2
89195da2627ffff,,,,,,,,1,,0.2
89195dad8c7ffff,,,,,,,,1,,0.2
89195dd7527ffff,,,,,,,,1,,0.2
89197276547ffff,,,,,,,,1,,0.2
8919728f13bffff,,,,,,,,2,,0.4
8919768c063ffff,,,,,,,,1,,0.2
8919518547bffff,,,,,,,,1,,0.2
8919542eccbffff,,,,,,,,1,,0.2
89182c16ccfffff,,,,,,,,,2,0.2
89182c15533ffff,,,,,,,,,2,0.2
89182c8d307ffff,,,,,,,,,1,0.1
89190e06577ffff,,,,,,,,,1,0.1
89194ad2157ffff,,,,,,,,,1,0.1
89195876203ffff,,,,,,,,,1,0.1
891959c3437ffff,,,,,,,,,1,0.1
891959c5837ffff,,,,,,,,,1,0.1
89195da63cfffff,,,,,,,,,1,0.1
891804b4eafffff,,,,,,,,1,,0.2
89182a04b57ffff,,,,,,,,1,,0.2
89182e6f18fffff,,,,,,,,1,,0.2
89190978d73ffff,,,,,,,,1,,0.2
8919423b56bffff,,,,,,,,1,,0.2
8919423b63bffff,,,,,,,,1,,0.2
89194243277ffff,,,,,,,,1,,0.2
8919427658fffff,,,,,,,,1,,0.2
891942cc29bffff,,,,,,,,1,,0.2
8919435b68bffff,,,,,,,,1,,0.2
89194e26ac3ffff,,,,,,,,1,,0.2
891951389dbffff,,,,,,,,1,,0.2
89195575b43ffff,,,,,,,,1,,0.2
89195815c8bffff,,,,,,,,1,,0.2
8919588550bffff,,,,,,,,1,,0.2
8919590639bffff,,,,,,,,1,,0.2
891959aa2b7ffff,,,,,,,,1,,0.2
89195d23153ffff,,,,,,,,1,,0.2
89195da4adbffff,,,,,,,,1,,0.2
89195da4ec3ffff,,,,,,,,1,,0.2
89195da5b83ffff,,,,,,,,1,,0.2
891958da023ffff,,,,1,,,,,,0.8
89194aa84a3ffff,,,,,,,,,2,0.2
89187461993ffff,,,,,,,,,1,0.1
891942d4c67ffff,,,,,,,,,1,0.1
89194e540abffff,,,,,,,,,1,0.1
89195876303ffff,,,,,,,,,1,0.1
891958da127ffff,,,,,,,,,1,0.1
89192b9330bffff,,,,,,,,,1,0.1
891943b2e27ffff,,,,,,,,,1,0.1
891946ad393ffff,,,,,,,,,1,0.1
89194a8b00bffff,,,,,,,,,1,0.1
89194a8c42bffff,,,,,,,,,1,0.1
89194ad6837ffff,,,,,,,,,1,0.1
89195cd54b7ffff,,,,,,,,,3,0.3
89197262d7bffff,,,,,,,,,1,0.1
89182c8c367ffff,1,,,,,,,,,1
89187486133ffff,1,,,,,,,,,1
891951041cbffff,1,,,,,,,,,1
89197276cc3ffff,1,,,,,,,,,1
891909a400bffff,,,,,1,,,,,0.6
891909a4337ffff,,,,,1,,,,,0.6
89194850047ffff,,,,,1,,,,,0.6
89194aaa3bbffff,,,,,1,,,,1,0.7
89194ad36afffff,,,,,1,,,4,,1.4
89194ada5dbffff,1,1,,,3,,,1,,3.9
89194e214d7ffff,,,,,3,,,,3,2.1
89194e2dc47ffff,,,,,1,,,,,0.6
89195181dc7ffff,,,,,1,,,,,0.6
891958158b7ffff,,,,,1,,,,,0.6
89195876d83ffff,,,,,1,,,,,0.6
891959171cbffff,,,,,1,,,,,0.6
891959aa013ffff,,,,,1,,,,,0.6
891959b6373ffff,,,,,1,,,,,0.6
891959b9927ffff,,,,,1,,,,,0.6
891959b9dc7ffff,,,,,1,,,1,,0.8
89195cc0533ffff,1,,,,1,,,,,1.6
89197276523ffff,,2,,,1,,,10,3,4.7
891973a8387ffff,,,,,1,,,,,0.6
89194a931abffff,,1,,,,,,,1,1
89182a91663ffff,,,,,1,,,,2,0.8
89182c8d333ffff,1,1,,,1,,,,,2.5
89182cb9373ffff,1,,,,1,,,3,1,2.3
89182e8a6b7ffff,,,,,1,,,1,1,0.9
891874a10b3ffff,,,,,1,,,,,0.6
891909c9cd7ffff,,,,,1,,,5,,1.6
8919429aa27ffff,1,2,,,5,,,,,5.8
89194ad0843ffff,,,,,1,,,2,,1
89195912bcbffff,1,4,,,3,,,8,1,8.1
89195970493ffff,,3,,,2,,,7,,5.3
89195a11867ffff,1,,,,1,,,,,1.6
89195b863cfffff,,,,,1,,,,2,0.8
89195cba4cfffff,2,1,,,1,,,6,1,4.8
891909ac6a7ffff,1,,,,,,,1,,1.2
891909aed63ffff,,,,,,,,1,,0.2
8919420c917ffff,,,,,,,,2,,0.4
89194358077ffff,1,,,,,,,2,3,1.7
89194a1a473ffff,,,,,,,,13,,2.6
89194aa100bffff,,,,1,,,1,6,,2.78
89194ad230bffff,,,,,,,,6,1,1.3
89194ada58bffff,,2,,,2,,,12,1,5.5
89195cc0c8bffff,,1,,,,,,2,,1.3
89195d2b1c3ffff,,,,,,,,4,,0.8
89195da4963ffff,,,,,,,,4,,0.8
89195da4d7bffff,,2,,,,,,2,,2.2
89182c1a91bffff,,,,,,,2,,,1.56
89182e5863bffff,1,,,,,,3,,1,3.44
8919420c923ffff,,,,,,,1,,,0.78
89195b706bbffff,,,,,,,1,,,0.78
89195b78e3bffff,,,,,,,1,,,0.78
89182e85a7bffff,,,,,,,,,1,0.1
891948545abffff,,,,,,,,,1,0.1
89195c0e9dbffff,,,,,,,,,1,0.1
89195db097bffff,,,,,,,,1,1,0.3
891801a25afffff,,,,,,,,1,,0.2
8918218954fffff,,1,,,,,,1,,1.1
891821cb07bffff,,,,,,,,1,,0.2
89182c16d77ffff,,,,,,,,1,,0.2
89182c174a3ffff,,,,,,,,2,,0.4
89182c174abffff,,,,,,,,3,,0.6
89182c2ca63ffff,,,,,,,,1,,0.2
89182c81e97ffff,,,,,,,,1,,0.2
89182c8d847ffff,,,,1,,,,2,,1.2
891874b4e27ffff,,,,,,,,1,,0.2
89190932c27ffff,,,,,,,,1,,0.2
891909acc47ffff,,1,,,,,,4,,1.7
89190d85033ffff,,,,,,,,1,,0.2
891929768d3ffff,,,,,,,,1,,0.2
891941a9c5bffff,,,,,,,,1,,0.2
8919421a017ffff,,,,,,,,1,,0.2
89194220a23ffff,,,,,,,,1,,0.2
8919422eb3bffff,,,,,,,,1,,0.2
8919426438fffff,,,,,,,,2,,0.4
8919427a203ffff,,,,,,,,1,,0.2
89194a84507ffff,,,,,,,,1,,0.2
89194a956d3ffff,,,,,,,,3,,0.6
89194ac1397ffff,,,,,,,,1,,0.2
89194ac365bffff,,,,1,,,,3,1,1.5
89194ac9427ffff,,,,,,,,1,,0.2
89194ad2667ffff,,,,,,,,5,,1
89194ad2937ffff,,,,,,,,1,1,0.3
89194ad3313ffff,,,,,,,,1,,0.2
89194ad34a3ffff,,,,,,,,2,,0.4
89194adb043ffff,1,2,,,,,,11,,5
89194adb5c7ffff,,1,,,,,,3,,1.5
89194e013b7ffff,,,,,,,,2,1,0.5
89194e018b3ffff,,,,,,,,1,,0.2
89194e52627ffff,,,,,,,,1,,0.2
89194e692afffff,,,,,,,,1,,0.2
89194e6980bffff,,,,,,,,1,,0.2
89194e69b97ffff,,,,,,,,1,,0.2
89194e8555bffff,,,,,,,,1,,0.2
89194e85697ffff,,,,,,,,1,,0.2
89194ec9ab7ffff,,,,,,,,1,,0.2
89195181dcfffff,,2,,,,,,1,,2
891951a2993ffff,,,,,,,,1,,0.2
891952981b3ffff,,,,,,,,1,1,0.3
8919550d2b7ffff,1,,,,,,,1,,1.2
89195518107ffff,,,,,,,,1,,0.2
8919554844fffff,,,,,,,,1,,0.2
891955d6c0fffff,,,,,,,,1,,0.2
89195805b57ffff,,1,,,,,,1,,1.1
8919581abafffff,,1,,,,,,2,,1.3
8919593037bffff,,,,,,,,1,,0.2
891959902c3ffff,,,,,,,,1,,0.2
89195a1ac0bffff,1,,,1,,,,1,,2
89195aa02abffff,,,,,,,,3,,0.6
89195ad917bffff,1,,,,,,,1,,1.2
89195b6ad97ffff,,,,,,,,1,,0.2
89195b73047ffff,,,,,,,,2,2,0.6
89195b79c57ffff,,,,,,,,2,,0.4
89195b8113bffff,,,,,,,,1,,0.2
89195bd6837ffff,,,,,,,,1,,0.2
89195c0c897ffff,1,,,,,,,5,,2
89195c64b1bffff,,,,,,,,1,,0.2
89195c80947ffff,,,,,,,,1,,0.2
89195cada4fffff,,,,,,,,2,,0.4
89195cc0493ffff,1,,,,,,,1,,1.2
89195cc2367ffff,,,,,,,,1,,0.2
89195d09677ffff,,,,,,,,1,,0.2
89195d09897ffff,1,1,,,,,,5,,2.9
89195d16a67ffff,,,,,,,,1,1,0.3
89195d20257ffff,,,,,,,,1,,0.2
89195d262d3ffff,,,,,,,,1,,0.2
89195d2eadbffff,,,,,,,,1,,0.2
89195d35123ffff,,,,,,,,1,,0.2
89195d72643ffff,,,,,,,,1,,0.2
89195d95287ffff,,,,,,,,1,,0.2
89195da6893ffff,,2,,,,,,1,,2
89195da6927ffff,,,,,,,,3,,0.6
89195da69c7ffff,,,,,,,,1,,0.2
89195daf453ffff,1,,,,,,,1,,1.2
89195e7105bffff,,,,,,,,1,,0.2
8919720cbcfffff,,,,,,,,1,,0.2
8919720db2bffff,,,,,,,,1,,0.2
89197276187ffff,2,1,,,,,,2,,3.3
89197277567ffff,,,,,,,,1,,0.2
891973271b7ffff,,,,,,,,2,1,0.5
89197332117ffff,,,,,,,,1,,0.2
891976a9023ffff,,,,,,,,1,,0.2
891801898cfffff,,,,,,,,,1,0.1
891828793dbffff,,,,,,,,,1,0.1
89182c83107ffff,,,,,,,,,2,0.2
89194104263ffff,,,,,,,,,1,0.1
89194e0d40bffff,,,,,,,,,2,0.2
89195d24857ffff,,,,,,,,,1,0.1
89195d3049bffff,,,,,,,,,1,0.1
89195da72d7ffff,,,,,,,,,2,0.2
89197327097ffff,,,,,,,,,1,0.1
89195cb600bffff,,,,,,,,,1,0.1
89194acb67bffff,,,,,,,,,1,0.1
8919402f187ffff,1,,,,,,,,,1
89194210c8bffff,1,,,,,,,,,1
8919768c8a3ffff,1,,,,,,,,,1
89195da8ed3ffff,,1,,,,,,1,,1.1
89182c1506bffff,,,,,,,,1,1,0.3
89195564327ffff,,,,,,,,1,1,0.3
891805b4333ffff,1,,,,,,,,1,1.1
89194acc927ffff,2,1,,,,,,,1,3
89194ad215bffff,1,3,,1,,,,3,1,5.2
89194e2f58fffff,2,1,,,,,,1,1,3.2
89194e699d3ffff,1,,,,,,,,,1
89195202ebbffff,1,,,,,,,,1,1.1
89195d24433ffff,1,,,,,,,,,1
89195da4c77ffff,2,,,,,,,,1,2.1
89195da59b3ffff,1,,,,,,,,,1
8919768e95bffff,1,,,,,,,,,1
89182c10c5bffff,3,,,,,,,,,3
89194291aa3ffff,1,2,,,,,,1,,3
89194a9005bffff,1,4,,,,,,,,4.6
891805b4327ffff,,1,,,,,,,1,1
891828c0467ffff,,1,,,,,,1,,1.1
891828d5857ffff,,1,,,,,,,,0.9
89182c152d3ffff,,1,,,,,,,,0.9
89182e58443ffff,1,1,,,,,,,,1.9
89190939857ffff,,1,,,,,,,,0.9
8919421167bffff,,1,,,,,,,,0.9
8919422ac23ffff,,1,,,,,,,,0.9
8919425a26fffff,,1,,,,,,,1,1
89194269a17ffff,,1,,,,,,1,,1.1
891942c5d5bffff,,1,,,,,,,,0.9
891942cd08bffff,,1,,,,,,,,0.9
891943271afffff,,3,,,,,,,,2.7
89194349bc7ffff,,1,,,,,,3,1,1.6
8919434ca07ffff,,1,,,,,,,,0.9
89194360d4fffff,,1,,,,,,,,0.9
89194654e07ffff,,1,,,,,,,,0.9
89194a1a44bffff,,1,,,,,,3,,1.5
89194adb05bffff,,1,,,,,,3,,1.5
89194e2f487ffff,,4,,,,,,,,3.6
89194e442d3ffff,,2,,,,,,,,1.8
89195114a97ffff,,1,,,,,,,,0.9
891951b55a3ffff,,1,,,,,,,1,1
891951b6ab7ffff,,1,,,,,,,,0.9
8919542ec53ffff,,1,,,,,,,,0.9
8919586b4abffff,1,1,,,,,,,,1.9
89195871013ffff,,1,,,,,,1,,1.1
8919587105bffff,,1,,,,,,,,0.9
89195876b87ffff,,1,,,,,,,,0.9
89195885467ffff,,1,,,,,,,,0.9
891959b993bffff,,1,,,,,,1,,1.1
89195a109cbffff,,1,,,,,,,,0.9
89195cb62d3ffff,,1,,,,,,,,0.9
89195cc237bffff,,1,,,,,,,,0.9
89195d0566fffff,,1,,,,,,,,0.9
89195d06b7bffff,,1,,,,,,,,0.9
89195da1c6bffff,,1,,,,,,,,0.9
89195dace47ffff,,1,,,,,,1,,1.1
89195dadba3ffff,1,1,,,,,,1,,2.1
89197201d07ffff,1,1,,,,,,,,1.9
89197270dcbffff,,1,,,,,,1,,1.1
89197321373ffff,,1,,,,,,,,0.9
8919425a283ffff,,,,,,,,,1,0.1
89194a905a3ffff,,,,,,,,,1,0.1
89194ad14a3ffff,,,,,,,,,1,0.1
89194e6b133ffff,,,,,,,,,1,0.1
89195904c87ffff,,,,,,,,,1,0.1
89195cb72afffff,,,,,,,,,1,0.1
89195da5497ffff,,,,,,,,,2,0.2
89195dadb87ffff,,,,,,,,,1,0.1
89195daee83ffff,,,,,,,,,1,0.1
8919724c4afffff,,,,,,,,,1,0.1
8919768b243ffff,,,,,,,,,1,0.1
891951bb62bffff,,,,1,,,,1,,1
89182e58407ffff,,,,1,,,,,,0.8
89190978d47ffff,,,,1,,,,,,0.8
89194175ccfffff,,,,1,,,,,,0.8
8919720e35bffff,,,,1,,,,,,0.8
891874a11cfffff,,,,,,,,,2,0.2
89194105a2bffff,,,,,,1,,,2,0.95
891943b2857ffff,,,,,,,,,1,0.1
891951d4d4fffff,,,,,,,,,1,0.1
891958a7597ffff,,,,,,,,,1,0.1
8919727615bffff,,,,,,,,,1,0.1
89197336e4bffff,,,,,,,,,1,0.1
891908b1b47ffff,,,,,,,1,,,0.78
891943c7637ffff,,,,,,,1,,,0.78
89194ecae67ffff,,,,,,,1,,,0.78
89192b3a357ffff,,,,,,,1,,,0.78
89182c8f387ffff,1,,,,,,,,,1
89182e5840bffff,1,,,,,,,,1,1.1
891942c5853ffff,1,,,,,,,,,1
89194e05967ffff,1,,,,,,,,,1
8919510590bffff,1,,,,,,,,1,1.1
89195271a4fffff,1,,,,,,,,,1
8919554693bffff,1,,,,,,,,,1
89195cb2183ffff,1,,,,,,,,,1
89195cc35bbffff,1,,,,,,,,,1
89195d08c6fffff,1,,,,,,,,,1
89195da4a87ffff,1,,,,,,,,,1
89195daa58fffff,1,,,,,,,,,1
8919722944fffff,1,,,,,,,,,1
8919723a13bffff,1,,,,,,,,,1
89195d74a73ffff,,,,,,,,,1,0.1
8919407267bffff,,,1,,,,,,,0.7
89194e65d57ffff,,,,,,,,1,2,0.4
89182198913ffff,,,,,,,,,1,0.1
89182c1520fffff,,,,,,,,,1,0.1
89182d2da97ffff,,,,,,,,,1,0.1
891870d250fffff,,,,,,,,,1,0.1
891870d62b7ffff,,,,,,,,,1,0.1
8918746468bffff,,,,,,,,,1,0.1
89190120ab7ffff,,,,,,,,,1,0.1
891909ac5dbffff,,,,,,,,,1,0.1
89190e38e5bffff,,,,,,,,,1,0.1
8919416b4abffff,,,,,,,,,1,0.1
891941a8023ffff,,,,,,,,,1,0.1
8919420a6abffff,,,,,,,,,1,0.1
89194210acbffff,,,,,,,,,1,0.1
8919422b50fffff,,,,,,,,,1,0.1
891942316a3ffff,,,,,,,,,1,0.1
89194239b23ffff,,,,,,,,,1,0.1
89194248607ffff,,,,,,,,,1,0.1
8919424d9cfffff,,,,,,,,,1,0.1
8919425531bffff,,,,,,,,,1,0.1
891942b0dbbffff,,,,,,,,,1,0.1
891942c93dbffff,,,,,,,,,1,0.1
8919435901bffff,,,,,,,,,1,0.1
89194365e47ffff,,,,,,,,,1,0.1
89194651233ffff,,,,,,,,,1,0.1
89194acad2fffff,,,,,,,,,1,0.1
89194ad1147ffff,,,,,,,,,1,0.1
89194ad218bffff,,,,,,,,,1,0.1
89194e65143ffff,,,,,,,,,1,0.1
89194e6a27bffff,,,,,,,,,1,0.1
89195115aa7ffff,,,,,,,,,1,0.1
89195185013ffff,,,,,,,,,1,0.1
89195194bc3ffff,,,,,,,,,1,0.1
8919519602fffff,,,,,,,,,1,0.1
891951a944bffff,,,,,,,,,1,0.1
891951b455bffff,,,,,,,,,1,0.1
891952915a3ffff,,,,,,,,1,1,0.3
89195510673ffff,,,,,,,,,3,0.3
8919552f353ffff,,,,,,,,,1,0.1
89195576a37ffff,,,,,,,,,1,0.1
89195831d9bffff,,,,,,,,,1,0.1
89195894d23ffff,,,,,,,,,1,0.1
891958b5473ffff,,,,,,,,,1,0.1
891958c80a7ffff,,,,,,,,,1,0.1
891958ce097ffff,,,,,,,,,1,0.1
8919590e87bffff,,,,,,,,2,2,0.6
89195988027ffff,,,,,,,,,1,0.1
8919599025bffff,,,,,,,,,1,0.1
89195a15533ffff,,,,,,,,,1,0.1
89195b681dbffff,,,,,,,,,1,0.1
89195b7b093ffff,,,,,,,,,1,0.1
89195b8e207ffff,,,,,,,,,1,0.1
89195c05d63ffff,,,,,,,,,1,0.1
89195c0ce53ffff,,,,,,,,,2,0.2
89195c2c6b3ffff,,,,,,,,,1,0.1
89195c3820fffff,,,,,,,,1,1,0.3
89195c95a67ffff,,,,,,,,,1,0.1
89195cacc07ffff,,,,,,,,,1,0.1
89195d0221bffff,,,,,,,,,1,0.1
89195d89cbbffff,,,,,,,,,1,0.1
89195da6cb7ffff,,,,,,,,1,1,0.3
891973229c7ffff,,,,,,,,,1,0.1
891973d1573ffff,,,,,,,,,1,0.1
89180131e97ffff,,,,,,,,1,,0.2
89194305b77ffff,,,,,,,,1,,0.2
891946c94cfffff,,,,,,,,1,,0.2
89194a4ca7bffff,,,,,,,,1,,0.2
89194a955c7ffff,,,,,,,,1,,0.2
891951a1b57ffff,,,,,,,,1,,0.2
89195912a5bffff,,,,,,,,1,,0.2
89195945d53ffff,,,,,,,,1,,0.2
891959bac43ffff,,,,,,,,1,,0.2
89195bc1593ffff,,,,,,,,1,,0.2
89195cb33dbffff,,,,,,,,1,,0.2
89195d2b037ffff,,,,,,,,1,1,0.3
89195da19a3ffff,,,,,,,,1,,0.2
89195e25b63ffff,,,,,,,,1,,0.2
8919720cbbbffff,,,,,,,,2,,0.4
8919724d833ffff,,,,,,,,1,,0.2
89195b731c7ffff,,,,,,,,1,,0.2
8919727235bffff,,,,,,,,1,,0.2
8918052d487ffff,,,,,,,,,1,0.1
89182e6f027ffff,,,,,,,,,1,0.1
891909acc8bffff,,,,,,,,,1,0.1
89195c06a27ffff,,,,,,,,,1,0.1
89195da633bffff,,,,,,,,,1,0.1
89182a3a477ffff,,,,,,,,1,,0.2
89182aad6a3ffff,,,,,,,,1,,0.2
89182e6f38bffff,,,,,,,,1,,0.2
891874b26b3ffff,,,,,,,,1,,0.2
89194235e6fffff,,,,,,,,1,,0.2
89194a08217ffff,,,,,,,,2,,0.4
89194ace253ffff,,,,,,,,1,,0.2
89194aceb5bffff,,,,,,,,1,,0.2
891951b4043ffff,,,,,,,,1,,0.2
891955d85d3ffff,,,,,,,,1,,0.2
89195845db3ffff,,,,,,,,1,,0.2
891958751a3ffff,,,,,,,,1,,0.2
891959a1473ffff,,,,,,,,1,,0.2
89195c4f2d7ffff,,,,,,,,1,,0.2
89195c62ad3ffff,,,,,,,,1,,0.2
89195c84e8bffff,,,,,,,,1,,0.2
89195ca18d7ffff,,,,,,,,1,,0.2
89195cb64dbffff,,,,,,,,1,,0.2
89195d36083ffff,,,,,,,,1,,0.2
89195d7269bffff,,,,,,,,1,,0.2
89195da48cfffff,1,,,,,,,4,,1.8
89195da4973ffff,,,,,,,,1,,0.2
8919720cb0bffff,,,,,,,,2,,0.4
89182e59197ffff,,,,,,,,,1,0.1
89194236067ffff,,,,,,,,,1,0.1
891951b7163ffff,,,,,,,,,1,0.1
89195c0c077ffff,,,,,,,,,1,0.1
89195c962d3ffff,,,,,,,,,1,0.1
8919735b55bffff,,,,,,,,,1,0.1
891955c9d07ffff,,,,,,,,,1,0.1
891828c5567ffff,2,,,,,,,,,2
89190905383ffff,1,,,,,,,,,1
89194358683ffff,1,,,,,,,,,1
89194aca4d3ffff,1,,,,,,,,,1
8919588dca7ffff,1,,,,,,,,,1
89195cd856bffff,1,,,,,,,,,1
89190e3b2b7ffff,,,,,,,,,2,0.2
89194170aabffff,,,,,,,,,1,0.1
89195c85a4fffff,,,,,,,1,,1,0.88
89182cb927bffff,,1,,,1,,,8,1,3.2
89194213467ffff,,,,,1,,,,,0.6
89194ad33dbffff,,1,,,1,,1,4,,3.08
89194ad344bffff,,,,,1,,,,,0.6
89194e6454bffff,1,1,,,1,,,,1,2.6
89194e6e8b7ffff,1,,,,1,,,1,,1.8
89195805dbbffff,,,,,1,,,,,0.6
89195818303ffff,,3,,,1,,,4,1,4.2
891959aa083ffff,,,,,1,,,,1,0.7
891959b8e4fffff,1,1,,,1,,,1,,2.7
891959b9a0bffff,,,,,1,,,,1,0.7
89195cc3543ffff,,,,,1,,,,,0.6
89197279063ffff,1,1,,,1,,,2,1,3
89194105a3bffff,,1,,,1,,,2,3,2.2
8919467421bffff,,,,,1,,,2,,1
89194ada053ffff,,1,,,3,,,1,,2.9
89194e58dabffff,,,,,6,,,1,,3.8
89194e62307ffff,,,,,1,,,,,0.6
89194e699c3ffff,,,,,1,,,3,,1.2
891951b400fffff,4,3,,,2,,,26,2,13.3
8919555844bffff,2,5,,1,1,,,7,1,9.4
89195d09a13ffff,3,17,,,4,,,25,1,25.8
89195ed4ca3ffff,,,,,1,,,,1,0.7
89197332a77ffff,1,,,,1,,2,,,3.16
8918250addbffff,,,,,,,,4,,0.8
89182d20d37ffff,,,,,,,,2,,0.4
8918746ea37ffff,,,,,,,,7,1,1.5
89194acb543ffff,,1,,,,,,4,1,1.8
89194ada5a3ffff,,,,,,,,3,,0.6
891951aa993ffff,2,1,,,,,,7,,4.3
891951b75c3ffff,,,,,,,,9,2,2
89195869343ffff,1,,,,,,,10,1,3.1
89195885427ffff,1,,,,,,,3,,1.6
8919597041bffff,3,1,,,,,,5,,4.9
89195b1690fffff,,,,,,,,1,1,0.3
89195c82d07ffff,,,,,,,,5,,1
89195da4d0fffff,,1,,,,,,5,,1.9
89195da4d6bffff,1,2,,,,,,5,,3.8
89195da69afffff,,,,,,,,5,,1
8919733534fffff,1,,,,,,,1,,1.2
89195a14463ffff,,1,,,,,1,,,1.68
89195a145d7ffff,,,,,,,1,1,1,1.08
891909ac5b7ffff,,,,,,,,1,1,0.3
891909aeaa7ffff,,,,,,,,,2,0.2
89194ad263bffff,,1,,,,,,,1,1
891952d6e83ffff,,,,,,,,1,1,0.3
8919098f10fffff,,,,,,,,,1,0.1
891955643a3ffff,,,,,,,,1,1,0.3
8919588e143ffff,,,,,,,,,1,0.1
891973d880bffff,,,,,,,,,1,0.1
891828b8323ffff,,,,,,,,1,,0.2
891828c0d47ffff,,,,,,,,1,,0.2
891828d8e8bffff,,,,,,,,1,1,0.3
89182a04b2fffff,,8,,,,,,1,,7.4
89182c145cfffff,,,,,,,,3,,0.6
89182c16ad3ffff,1,,,,,,,1,,1.2
89182c8c5dbffff,,1,,,,,,1,,1.1
89182c8de4bffff,,,,,,,,1,,0.2
89182e5accfffff,,,,,,,,2,,0.4
89182e816cbffff,1,1,,,,,,1,,2.1
891874ac16bffff,,,,,,,,1,2,0.4
89190839cc7ffff,,,,,,,,1,,0.2
891908b1b0bffff,,,,,,,,1,,0.2
891909ac393ffff,,1,,,,,,2,,1.3
891909ac42bffff,,,,,,,,6,,1.2
89190c022cbffff,,,,,,,,1,,0.2
89192b67473ffff,,,,,,,,1,,0.2
89192b74d6bffff,,,,,,,,1,,0.2
89194048403ffff,,,,,,,,1,,0.2
8919410582fffff,,,,,,,,1,,0.2
891941641abffff,,,,,,,,1,1,0.3
89194201c37ffff,,1,,,,,,2,,1.3
8919420c977ffff,,,,,,,,3,,0.6
8919425a477ffff,,,,,,,,1,1,0.3
89194335e87ffff,,1,,,,,,1,,1.1
89194362577ffff,1,,,,,,,1,,1.2
891943b5a43ffff,,,,,,,,1,,0.2
89194a04db3ffff,,,,,,,,1,,0.2
89194a72383ffff,,,,,,,8,1,,6.44
89194a7a117ffff,,1,,,,,,2,5,1.8
89194ad3173ffff,,,,,,,,2,,0.4
89194ad7017ffff,,1,,,,,,3,,1.5
89194ad9cbbffff,,,,,,,,1,,0.2
89194ada58fffff,,,,,,,,2,1,0.5
89194e4838bffff,,,,,,,,1,,0.2
89194e859cbffff,,,,,,,,1,,0.2
89194e873a3ffff,,1,,,,,,4,1,1.8
891950b254fffff,,,,,,,,2,,0.4
89195107077ffff,,,,,,,,1,,0.2
89195115e0bffff,1,,,,,,,1,,1.2
891951b6477ffff,2,,,,,,,1,2,2.4
8919543934fffff,,,,,,,,1,,0.2
891954b42abffff,,,,,,,,1,,0.2
891955640dbffff,,4,,,,,,1,,3.8
891955d816bffff,,,,,,,,1,,0.2
891956d708fffff,,,,,,,,1,,0.2
89195805a3bffff,,,,,,,,1,,0.2
8919580922bffff,,,,,,,,1,,0.2
89195809827ffff,,,,,,,,1,,0.2
89195842603ffff,,,,,,,,6,,1.2
8919587a143ffff,,,,,,,,1,,0.2
891958800abffff,2,4,,,,,,4,1,6.5
89195885017ffff,,,,,,,,1,,0.2
891958851c3ffff,,,,,,,,1,,0.2
891958ad34fffff,1,,,,,,,1,,1.2
8919590c6bbffff,,,,,,,,1,,0.2
8919590cc1bffff,,,,,,,,1,,0.2
89195970463ffff,1,2,,,,,,2,,3.2
8919598195bffff,,,,,,,,1,1,0.3
891959aa097ffff,1,,,,,,,1,,1.2
891959b40c3ffff,,1,,,,,,3,,1.5
89195ab6e17ffff,,,,,,,,2,,0.4
89195b08dbbffff,1,,,,,,,1,,1.2
89195c31687ffff,,1,,,,,,1,,1.1
89195c64bd3ffff,,2,,,,,,5,,2.8
89195d09923ffff,,1,,,,,,1,,1.1
89195d09ac3ffff,,,,,,,,8,,1.6
89195d09c7bffff,,,,,,,,1,,0.2
89195d09e6bffff,,2,,1,,,,5,,3.6
89195d28603ffff,,,,,,,,2,,0.4
89195d2c517ffff,,,,,,,,1,,0.2
89195d3184bffff,,1,,,,,,2,,1.3
89195d46957ffff,1,1,,1,,,,3,,3.3
89195d8502fffff,,,,,,,,1,,0.2
89195d956cfffff,,,,,,,,1,,0.2
89195d986cbffff,,,,,,,,1,,0.2
89195da2593ffff,,,,,,,,1,,0.2
89195da4353ffff,,,,,,,,1,1,0.3
89195da4927ffff,,1,,,,,,2,1,1.4
89195da592fffff,,,,,,,,3,,0.6
89195da6c17ffff,2,1,,,,,,1,,3.1
89195da6c6fffff,,,,,,,,1,2,0.4
89195dd86a3ffff,,,,,,,,1,,0.2
891972394afffff,,,,,,,,2,,0.4
8919727652fffff,1,3,,,,,,10,1,5.8
8919728898fffff,,,,,,,,1,,0.2
89197322d5bffff,,2,,,,,,4,,2.6
8919733602bffff,,,,,,,,1,,0.2
891976b9453ffff,1,1,,,,,,1,,2.1
89195bc6ed7ffff,,,,,,,,,1,0.1
8919768c987ffff,,,,,,,,,1,0.1
8919434ca03ffff,,,,,,,,,1,0.1
89194e6db2fffff,,,,,,,,,1,0.1
8919720063bffff,,,,,,,,,1,0.1
8919721520bffff,,,,,,,,,1,0.1
89182a022cbffff,,,,,,,,,2,0.2
8919410c82bffff,,,,,,,,,2,0.2
891946540cbffff,,,,,,,,,2,0.2
89194a0848bffff,,,,,,,,,1,0.1
891954da51bffff,,1,,,,,,,1,1
891955ce867ffff,,,,,,,,,2,0.2
89195835537ffff,,1,,,,,,,1,1
89195c4aa2bffff,1,1,,,,,,,1,2
89195d08da3ffff,,,,,,,,,1,0.1
89195d2960fffff,,,,,,,,,2,0.2
89197332bcbffff,,,,,,,,,2,0.2
89182ea46b7ffff,,,,,,,,,1,0.1
8919420b01bffff,1,3,,,,,,,1,3.8
89195105053ffff,2,,,,,,,,,2
89195906333ffff,1,,,,,,,,,1
89195c766a7ffff,2,,,,,,,,,2
8919598da4bffff,,,,,,,,,1,0.1
89197279ddbffff,,,,,,,,,1,0.1
8919723954fffff,2,,,,,,,,,2
8919732521bffff,1,,,,,,,,,1
89182c789abffff,2,,,,,,,,,2
89182c8d327ffff,2,,,,,,,,,2
89182c8da5bffff,1,,,,,,,,,1
89194ad10abffff,1,,,,,,,,,1
89195904c67ffff,1,,,,,,,,1,1.1
89195e46653ffff,,,,,,,,,1,0.1
89194ad830fffff,,,,1,,,,,,0.8
8918018654fffff,,1,,,,,,1,1,1.2
8918215a1d3ffff,,1,,,,,,,,0.9
8918288ed33ffff,,1,,,,,,,,0.9
89182a31297ffff,,1,,,,,,,,0.9
89182c12817ffff,,1,,,,,,,,0.9
891870d4a77ffff,,1,,,,,,,1,1
891909ae31bffff,,1,,,,,,,,0.9
8919420c983ffff,,1,,,,,,,,0.9
89194291a4bffff,1,6,,,,,,1,1,6.7
89194335e97ffff,,1,,,,,,,,0.9
89194a558c3ffff,1,2,,1,,,,,,3.6
89194a9020bffff,,1,,,,,,,,0.9
89194acf507ffff,,1,,,,,,,,0.9
89194ad1623ffff,,1,,,,,,,,0.9
89194ad2533ffff,,1,,,,,,,,0.9
89194ad2a93ffff,,2,,,,,,,,1.8
89194e16203ffff,,1,,,,,,,,0.9
891951b2c0fffff,,1,,,,,,,,0.9
891951b74c3ffff,,1,,,,,,,,0.9
89195564687ffff,,1,,,,,,,,0.9
891955d8e13ffff,,1,,,,,,,,0.9
8919582714bffff,,1,,,,,,,,0.9
8919584c16bffff,,4,,,,,,,,3.6
8919587932bffff,,1,,,,,,,,0.9
891958854dbffff,,1,,,,,,,,0.9
891959715cfffff,,2,,,,,,1,,2
8919598b12fffff,,1,,,,,,,,0.9
891959ab017ffff,,2,,,,,,,,1.8
891959b46b3ffff,,1,,,,,,,,0.9
891959b842fffff,1,2,,,,,,,,2.8
891959b9da7ffff,,1,,,,,,,,0.9
89195a59d43ffff,1,1,,,,,,,1,2
89195b44433ffff,,1,,,,,,1,,1.1
89195c82897ffff,,1,,,,,,,,0.9
89195d09ba7ffff,,1,,,,,,,,0.9
89195d280d3ffff,,1,,,,,,,,0.9
89195d8c30bffff,,1,,,,,,,,0.9
89195da466fffff,,1,,,,,,,,0.9
891972013cfffff,,1,,,,,,,,0.9
8919733548bffff,,1,,,,,,,,0.9
8919768cda7ffff,,2,,,,,,,1,1.9
89195d348b3ffff,,,,,,1,,,,0.75
89182e52da7ffff,,,,,,,,,1,0.1
89182eae8a7ffff,,,,,,,,,1,0.1
8919402c01bffff,,,,,,,,1,1,0.3
891943ad1cbffff,,,,,,,,,1,0.1
89194adad13ffff,,,,,,,,,1,0.1
89194e3960bffff,,,,,,,,,1,0.1
89194e680bbffff,,,,,,,,,1,0.1
89195576573ffff,,,,,,,,,1,0.1
89195844a23ffff,1,,,,,,,,1,1.1
8919587aed7ffff,,,,,,,,,1,0.1
891959949b7ffff,,,,,,,,,1,0.1
89195da6cbbffff,,,,,,,,1,1,0.3
891955b72c7ffff,,,,,,,,,1,0.1
89195c0f1d7ffff,,,,,,,,1,1,0.3
89194e830b3ffff,,,,1,,,,,,0.8
891976c44d3ffff,,,,1,,,,,,0.8
8919412ca6fffff,,,,1,,,,1,1,1.1
8919425466fffff,,,,1,,,,,,0.8
891942c4e53ffff,,,,1,,,,,,0.8
8919436d187ffff,,,,1,,,,,,0.8
89194e6e3abffff,,,,1,,,,,,0.8
89195931e47ffff,,,,1,,,,,,0.8
89187488b1bffff,,1,,,,,,,,0.9
89194261b57ffff,,1,,,,,,1,,1.1
89194ec9ed7ffff,,1,,,,,,,,0.9
89194a7254bffff,,,,,,,3,,,2.34
89194275003ffff,,,,,,,,,2,0.2
89194304377ffff,,,,,,,,,1,0.1
89194359e03ffff,,,,,,,,,1,0.1
89194632d2fffff,,,,,,,,,2,0.2
891951b72b7ffff,,,,,,,,,1,0.1
891958a49afffff,,,,,,,,,1,0.1
89195da5863ffff,,,,,,,,,1,0.1
891874b227bffff,,,,,,,1,,,0.78
89182a316bbffff,1,,,,,,,,,1
891909b59b3ffff,1,,,,,,,,,1
89194a5556bffff,1,,,,,,,,,1
89194adb58fffff,1,,,,,,,,,1
891951a2963ffff,1,,,,,,,,,1
891958004afffff,1,,,,,,,,1,1.1
89195912a17ffff,1,,,,,,,,1,1.1
89195912c07ffff,1,,,,,,,,,1
89195c8ead3ffff,1,,,,,,,,,1
89195d2e4b7ffff,1,,,,,,,,,1
89195da3153ffff,1,,,,,,,,,1
89195da8db3ffff,1,,,,,,,2,,1.4
89195c0483bffff,,,,,,,,1,1,0.3
89195844ad3ffff,,,1,,,,,,,0.7
89194358353ffff,,,,,,,,,1,0.1
8919591018fffff,,,,,,,,,1,0.1
89195da1813ffff,,,,,,,,,1,0.1
891951b7387ffff,,,,,,,,,1,0.1
89182188157ffff,,,,,,,,,1,0.1
8918250acc3ffff,,,,,,,,,1,0.1
8918251442fffff,,,,,,,,,1,0.1
891825b4517ffff,,,,,,,,,1,0.1
89182c50203ffff,,,,,,,,,1,0.1
89182d34a4bffff,,,,,,,,2,1,0.5
8919012530bffff,,,,,,,,,1,0.1
891909af123ffff,,,,,,,,,1,0.1
89190b3243bffff,,,,,,,,,1,0.1
8919417598bffff,,,,,,,,,1,0.1
89194200d73ffff,,,,,,,,,1,0.1
89194204dcfffff,,,,,,,,,1,0.1
89194220bbbffff,,,,,,,,,1,0.1
8919428b257ffff,,,,,,,,,1,0.1
891942a88cbffff,,,,,,,,,1,0.1
891942a9677ffff,,,,,,,,,1,0.1
891942b0d77ffff,,,,,,,,,1,0.1
891942d2627ffff,,,,,,,,,1,0.1
8919465252fffff,,,,,,,,,1,0.1
89194856097ffff,,,,,,,,,1,0.1
891948cea73ffff,,,,,,,,,1,0.1
89194a08197ffff,,,,,,,,,1,0.1
89194a1a0d7ffff,,,,,,,,,1,0.1
89194e6d4b3ffff,,,,,,,,,1,0.1
89194e85d0bffff,,,,,,,,,1,0.1
89195096333ffff,,,,,,,,,1,0.1
8919518522fffff,,,,,,,,,1,0.1
891952d6373ffff,,,,,,,,,1,0.1
891952d6c17ffff,,,,,,,,,1,0.1
891952d962fffff,,,,,,,,,1,0.1
8919552b28fffff,,,,,,,,,1,0.1
89195836c17ffff,,,,,,,,,1,0.1
8919588027bffff,,,,,,,,,1,0.1
8919588c037ffff,,,,,,,,,1,0.1
8919588c193ffff,,,,,,,,,1,0.1
891958b0d97ffff,,,,,,,,,1,0.1
891959324cbffff,,,,,,,,,1,0.1
8919598cdcbffff,,,,,,,,,1,0.1
8919598d153ffff,,,,,,,,,1,0.1
891959ab0afffff,,,,,,,,,1,0.1
891959ba34bffff,,,,,,,,,1,0.1
89195acc867ffff,,,,,,,,,1,0.1
89195b6ad37ffff,,,,,,,,,1,0.1
89195b73183ffff,,,,,,,,,1,0.1
89195bb183bffff,,,,,,,,,1,0.1
89195c018d3ffff,,,,,,,,,1,0.1
89195c01ec3ffff,,,,,,,,,1,0.1
89195c04477ffff,,,,,,,,,1,0.1
89195c2e99bffff,,,,,,,,,1,0.1
89195c3367bffff,,,,,,,,,1,0.1
89195c39397ffff,,,,,,,,,1,0.1
89195c3a893ffff,,,,,,,,,1,0.1
89195c74607ffff,,,,,,,,,1,0.1
89195c8b2b3ffff,,,,,,,,,1,0.1
89195ca1aa7ffff,,,,,,,,,1,0.1
89195d58e53ffff,,,,,,,,,1,0.1
89195d5b59bffff,,,,,,,,,1,0.1
89195dc96afffff,,,,,,,,,1,0.1
89197335cb7ffff,,,,,,,,,1,0.1
891909ac6cfffff,,,,,,,,1,,0.2
891943053a7ffff,,,,,,,,1,,0.2
89194a725abffff,,,,,,,,1,,0.2
89194a88607ffff,,,,,,,,1,,0.2
89194ac2c6fffff,,,,,,,,1,,0.2
89194ad157bffff,,,,,,,,2,,0.4
89194e536afffff,,,,,,,,1,,0.2
89195802e93ffff,,,,,,,,1,,0.2
89195841367ffff,,,,,,,,1,,0.2
8919584465bffff,,,,,,,,1,,0.2
89195867477ffff,,,,,,,,1,,0.2
891959a8b1bffff,,,,,,,,1,,0.2
89195a1667bffff,,,,,,,,1,,0.2
89195aa18a7ffff,,,,,,,,2,,0.4
89195d36657ffff,,,,,,,,1,,0.2
89182ea1977ffff,,,,,,,,,1,0.1
89194a55e37ffff,,,,,,,,,1,0.1
89195544c43ffff,,,,,,,,,1,0.1
89195915bb7ffff,,,,,,,,,1,0.1
891973c252bffff,,,,,,,,,1,0.1
891820ad3abffff,,,,,,,,1,,0.2
89182c17553ffff,,,,,,,,5,,1
8918746e55bffff,,,,,,,,1,,0.2
891909ac52fffff,,,,,,,,1,,0.2
8919424e0c3ffff,,,,,,,,1,,0.2
89194ad1a8fffff,,,,,,,,1,,0.2
89194ad89a7ffff,,,,,,,,1,,0.2
89194e455a3ffff,,,,,,,,2,,0.4
891951aa8c7ffff,,,,,,,,1,,0.2
8919588c0abffff,,,,,,,,1,,0.2
89195c84387ffff,,,,,,,,1,,0.2
89195d34ac3ffff,,,,,,,,1,,0.2
89195d3513bffff,,,,,,,,1,,0.2
89195d86d97ffff,,,,,,,,1,,0.2
89195da6b67ffff,,,,,,,,1,,0.2
89197239563ffff,,,,,,,,2,,0.4
891973cad47ffff,,,,,,,,1,,0.2
891823422a7ffff,,,,,,,,,1,0.1
89195ba08cfffff,,,,,,,,,1,0.1
8918746c577ffff,,,,,,,,,1,0.1
89194072293ffff,,,,,,,,,1,0.1
891942b8087ffff,,,,,,,,,1,0.1
8919554698bffff,,,,,,,,,1,0.1
8919088d4c7ffff,,,,,,,,,1,0.1
8919465645bffff,,,,,,,,,1,0.1
89197272477ffff,,,,,,,,,1,0.1
89194212a2bffff,,,,,,,,,1,0.1
89194358473ffff,1,,,,,,,,,1
89195b46143ffff,1,,,,,,,,,1
89195c6480bffff,1,,,,,,,,,1
89182a05a03ffff,1,,,,1,,,6,2,3
89182cb926bffff,4,4,,,5,,7,12,4,18.86
891909a4027ffff,,,,,1,,,,,0.6
8919434dd4fffff,,,,,1,,,,,0.6
8919465a4dbffff,,,,,1,,,,2,0.8
89194aa86a3ffff,,,,,1,,,,,0.6
89195105303ffff,,,,,1,,,,,0.6
89195569c3bffff,,,,,1,,,,,0.6
89195906e93ffff,,,,,1,,,,1,0.7
891959168bbffff,,,,,1,,,,,0.6
891959aa62bffff,,,,,5,,,,,3
891959b84b3ffff,,1,,,1,,,,,1.5
89195d2e5b7ffff,2,1,,,2,,,2,,4.5
89195da5b03ffff,,2,,,1,,,1,,2.6
89197333637ffff,,,,,1,,1,,3,1.68
8919761b52fffff,,,,,1,,,,,0.6
89182566887ffff,,,,,1,,,,,0.6
89182c8db53ffff,1,,,,1,,,1,,1.8
891946ad063ffff,,,,,1,,,1,,0.8
891948c0a4bffff,,1,,,2,,,,,2.1
89194adab27ffff,,1,,,1,,,,,1.5
89194adb0d3ffff,2,1,,,2,,,19,1,8
89195a2d52fffff,,,,,1,,,1,,0.8
89195b6157bffff,,,,,1,,,,1,0.7
89194072543ffff,1,,,,,,,7,,2.4
89194291a77ffff,,,,,,,,3,,0.6
891942c4227ffff,,,,,,,,1,,0.2
8919464e2d3ffff,,,,,,,,3,,0.6
8919485b437ffff,,,,,,,,1,2,0.4
89194ad0857ffff,1,1,,,,,,3,1,2.6
89195181dd7ffff,2,,,,,,,3,1,2.7
891952d6e63ffff,,,,,,,,1,2,0.4
89195945c23ffff,,,,,,,,5,,1
891959aa04fffff,,,,,,,,4,1,0.9
89195c3980bffff,1,,,,,,,2,,1.4
89195d88237ffff,,,,,,,,1,,0.2
89195da4987ffff,,1,,,,,1,32,2,8.28
8919738b4a7ffff,,,,,,,,1,,0.2
891976bb24bffff,2,,,,,,,1,,2.2
89182e59543ffff,1,,,,,,1,1,,1.98
89182e5b333ffff,,,,,,,5,,,3.9
89194ad3493ffff,,,,,,,1,6,1,2.08
89195c0511bffff,,,,,,,1,,1,0.88
89194ec9a67ffff,,,,,,,,1,1,0.3
89195aa036fffff,,,,,,,,,1,0.1
8919727826fffff,,,,,,,,,5,0.5
891821cd62bffff,1,,,,,,,2,,1.4
89182570c17ffff,,1,,,,,,1,1,1.2
891825a4303ffff,,,,,,,,1,,0.2
891828c5117ffff,,2,,,,,,1,1,2.1
891828d639bffff,1,,,,,,,2,,1.4
89182a310bbffff,,,,,,,,1,,0.2
89182a56153ffff,,,,,,,,1,1,0.3
89182ac137bffff,,,,,,,,1,,0.2
89182c12aa3ffff,,,,,,,,1,,0.2
89182c1620bffff,,,,,,,,2,,0.4
89182c16347ffff,1,,,,,,,1,,1.2
89182c16c7bffff,,,,,,,,1,1,0.3
89182e5824bffff,1,,,,,,,1,,1.2
891908cca13ffff,,,,,,,,1,,0.2
891909a59a7ffff,,,,,,,,1,1,0.3
891909ac8c3ffff,,,,1,,,,2,,1.2
8919410e95bffff,,,,,,,,1,,0.2
89194210cd7ffff,,,,,,,,1,,0.2
8919423a3a7ffff,,,,,,,,1,,0.2
8919424e65bffff,,3,,,,,,1,1,3
8919424eda7ffff,,,,,,,,1,,0.2
8919427655bffff,1,,,,,,,1,,1.2
89194279013ffff,,,,,,,,1,,0.2
89194291aa7ffff,,,,,,,,3,,0.6
8919429a8dbffff,,1,,,,,,1,1,1.2
89194361d4fffff,,,,,,,,1,,0.2
8919462aed7ffff,,,,,,,,1,,0.2
89194850097ffff,,,,,,,,1,,0.2
89194a196d7ffff,,,,,,,,1,,0.2
89194a7a187ffff,,,,,,,,1,,0.2
89194ad11a3ffff,,,,,,,,1,,0.2
89194ad251bffff,,,,,,,,1,,0.2
89194ad3377ffff,,,,,,,,1,1,0.3
89194ad340fffff,,,,,,,,1,,0.2
89194ad3623ffff,,2,,,,,,3,,2.4
89194e05e7bffff,,,,,,,,1,,0.2
89194e698a3ffff,,,,,,,,1,,0.2
89194e6d68bffff,,,,,,,,2,,0.4
89194ec8a37ffff,1,1,,,,,,1,1,2.2
8919518515bffff,,1,,1,,,,1,3,2.2
8919519166fffff,,,,,,,,1,,0.2
891951af477ffff,,,,,,,,1,,0.2
891951d6dc7ffff,,,,,,,,1,,0.2
89195243437ffff,,,,,,,,1,1,0.3
89195246ca7ffff,,,,,,,,1,,0.2
89195299473ffff,,,,,,,,1,1,0.3
8919550d657ffff,1,,,,,,,1,,1.2
89195561293ffff,,,,,,,,1,,0.2
89195836c13ffff,,,,,,,,1,,0.2
891958443abffff,,,,,,,,1,,0.2
89195855033ffff,,,,,,,,2,1,0.5
89195855b33ffff,,,,,,,,1,,0.2
89195871633ffff,,,,,,,,1,1,0.3
891958766a3ffff,,,,,,,,1,,0.2
891958a0bb7ffff,,,,,,,,1,,0.2
891958d0213ffff,,,,,,,,1,1,0.3
89195910c9bffff,,,,,,,,1,,0.2
8919593b4abffff,,,,,,,,1,,0.2
89195971543ffff,,,,,,,,1,,0.2
89195a8896bffff,,1,1,,,,,1,1,1.9
89195b0056fffff,,,,,,,,1,,0.2
89195b44577ffff,,,,,,,,1,,0.2
89195b7951bffff,2,1,,,,,,2,1,3.4
89195bab677ffff,,1,,,,,,1,,1.1
89195c386bbffff,,,,,,,,1,,0.2
89195c3acc7ffff,,,,,,,,1,,0.2
89195d15983ffff,,,,,,,,1,,0.2
89195d3a953ffff,,,,,,,,1,,0.2
89195d4a017ffff,,,,,,,,1,1,0.3
89195d8a5cbffff,,,,,,,,1,,0.2
89195da496bffff,,,,,,,,1,,0.2
89195da6953ffff,,,,,,,,2,,0.4
89195da6d6fffff,,,,,,,,2,,0.4
89195dae00fffff,,,,,,,,1,,0.2
89197239263ffff,,,,,,,,1,,0.2
89197239267ffff,,2,,,,,,1,,2
891972393cfffff,,,,,,,,1,,0.2
89197239407ffff,,,,,,,,2,,0.4
89197272e6bffff,,,,1,,,,1,,1
89197274da7ffff,,,,,,,,1,,0.2
89197276e77ffff,,,,,,,,1,,0.2
891972af1d3ffff,,,,,,,,1,,0.2
89197322893ffff,,,,,,,,1,,0.2
8919763a90bffff,,,,,,,,2,1,0.5
89182e6e22fffff,,,,,,,,,1,0.1
89197274493ffff,,,,,,,,,1,0.1
8919768c037ffff,,2,,,,,,,1,1.9
891874b261bffff,,,,,,,,,2,0.2
89195da1827ffff,,,,,,,,,3,0.3
8918280d613ffff,,,,,,,,,1,0.1
891874b9137ffff,,,,,,,,,1,0.1
891908b6ebbffff,,,,,,,,,1,0.1
89194111033ffff,,,,,,,,,2,0.2
89194a9442bffff,,,,,,,,,1,0.1
89195d36013ffff,,,,,,,,,1,0.1
89195da6327ffff,1,,,,,,,3,1,1.7
891973336afffff,,,,,,,,,2,0.2
89197388e73ffff,,,,,,,,,1,0.1
89195da22b7ffff,,,,,,,,,1,0.1
89182e774c7ffff,1,,,,,,,,,1
89195c64d6fffff,1,,,,,,,,,1
89195b0938bffff,,,,1,,,,,,0.8
89195847287ffff,,,,,,,,,2,0.2
89195d2b3c3ffff,,,,,,,,,1,0.1
89182c17253ffff,2,1,,,,,,,,2.9
89194ad99c7ffff,1,,,,,,,,,1
89195123423ffff,3,3,,,,,,,,5.7
8919518502fffff,2,,,,,,,,,2
8919420cb0bffff,2,,,,,,,,,2
8919518e987ffff,1,,,,,,,,,1
89182a05a13ffff,,,,1,,,,,,0.8
89182a81e37ffff,,1,,,,,,,,0.9
89182e6e38fffff,,1,,,,,,,,0.9
8918746182bffff,,1,,,,,,,,0.9
891908b610fffff,,1,,,,,,,,0.9
891909b4ec3ffff,,1,,,,,,,,0.9
8919282a0c3ffff,,1,,,,,,1,,1.1
8919410eaabffff,,1,,,,,,,1,1
8919429ae07ffff,,1,,,,,,,,0.9
891942b1367ffff,1,1,,,,,,,1,2
891942ced73ffff,,1,,,,,,,,0.9
891943260d7ffff,,1,,,,,,,,0.9
891946783cbffff,,1,,,,,,,,0.9
89194852ab7ffff,,2,,,,,,,,1.8
89194a82473ffff,,1,,,,,,,,0.9
89194a9230bffff,,1,,,,,,,,0.9
89194acea03ffff,,1,,,,,,1,,1.1
89194e2a673ffff,,1,,,,,,,,0.9
89194e68473ffff,,1,,,,,,,1,1
89194e87347ffff,,1,,,,,,,,0.9
89194ec9947ffff,1,1,,,,,,,1,2
8919519ac4fffff,,2,,,,,,,,1.8
891951ab55bffff,,1,,,,,,,1,1
8919582702fffff,,2,,,,,,1,,2
89195828583ffff,,1,,,,,,,,0.9
89195871617ffff,,2,,,,,,,1,1.9
89195871637ffff,,1,,,,,,,2,1.1
89195914067ffff,1,1,,,,,,,1,2
89195ab6dd3ffff,,1,,,,,,,,0.9
89195c0551bffff,,1,,,,,,,,0.9
89195c1408fffff,1,1,,,,,,,1,2
89195c3a46bffff,,1,,,,,,,,0.9
89195c95b93ffff,,1,,,,,,,,0.9
89195cd114bffff,1,1,,,,,,2,,2.3
89195d2e05bffff,,1,,,,,,,,0.9
89195d31493ffff,,1,,,,,,,,0.9
89195d3822bffff,,1,,,,,,,,0.9
89195d469c7ffff,,1,,,,,,,,0.9
89195d824a3ffff,,2,,,,,,,,1.8
89195d885d7ffff,,1,,,,,,,1,1
89195d889d3ffff,,1,,,,,,1,,1.1
89197239e4fffff,,1,,,,,,,,0.9
89197322877ffff,,1,,,,,,,1,1
8919733238bffff,1,1,,,,,,,,1.9
891801025abffff,,,,,,,,,1,0.1
89182c1680fffff,,,,,,,,,1,0.1
891909aeed7ffff,,,,,,,,,1,0.1
8919422ad4bffff,,,,,,,,,1,0.1
89194a85563ffff,,,,,,,,,1,0.1
89194a85a67ffff,,,,,,,,,1,0.1
89194ac5c33ffff,,,,,,,,,1,0.1
89194ad0a9bffff,,,,,,,,1,1,0.3
89194e53083ffff,,,,,,,,,2,0.2
891909a6a93ffff,,,,,,,,,1,0.1
8919727662fffff,,,,1,,,,,,0.8
891976d6b5bffff,,,,1,,,,,1,0.9
89182c7896bffff,,,,1,,,,,,0.8
89197324643ffff,,,,1,,,,,,0.8
89182eb69a3ffff,,1,,,,,,,,0.9
89194a7255bffff,,,,,,,3,,,2.34
891942101cbffff,,,,,,,,2,1,0.5
891942b08b3ffff,,,,,,,,,1,0.1
89195816953ffff,,,,,,,,,1,0.1
89195885087ffff,,,,,,,,,1,0.1
891942494afffff,,,,,,,1,,,0.78
891943d1d33ffff,,,,,,,2,,,1.56
891955b667bffff,,,,,,,1,,,0.78
89182c168d7ffff,1,,,,,,,,,1
89182e12927ffff,1,,,,,,,,,1
89192b6cc8fffff,1,,,,,,,,,1
89194073573ffff,1,,,,,,,,,1
891942b80c7ffff,1,,,,,,,,,1
89194a7250fffff,1,,,,,,,,1,1.1
89194acc94fffff,1,,,,,,,,,1
89194adb627ffff,1,,,,,,,,,1
89195910933ffff,1,,,,,,,,,1
8919597ac83ffff,1,,,,,,,,1,1.1
89195c3a05bffff,1,,,,,,,,1,1.1
89195c4ab37ffff,1,,,,,,,,1,1.1
89195cb6027ffff,1,,,,,,,,,1
89195cc0807ffff,1,,,,,,,,,1
89195ccb5afffff,1,,,,,,,,,1
89195d2cc7bffff,1,,,,,,,,,1
89195d3114bffff,1,,,,,,,,,1
89195da4ca7ffff,1,,,,,,,2,,1.4
89195da5ea7ffff,1,,,,,,,,1,1.1
89195b92c4bffff,,,1,,,,,,,0.7
89194ed8657ffff,,,,,,,,,1,0.1
8919733520fffff,,,,,,,,,1,0.1
891821833dbffff,,,,,,,,,1,0.1
891825a0b8fffff,,,,,,,,,1,0.1
891870d8507ffff,,,,,,,,,1,0.1
89187468d47ffff,,,,,,,,,1,0.1
8919410825bffff,,,,,,,,,1,0.1
8919412848fffff,,,,,,,,,1,0.1
8919412c40fffff,,,,,,,,,1,0.1
89194169ad7ffff,,,,,,,,,1,0.1
89194172b53ffff,,,,,,,,,1,0.1
89194210233ffff,,,,,,,,,1,0.1
89194210e6bffff,,,,,,,,,1,0.1
8919421aeb3ffff,,,,,,,,,1,0.1
8919423020bffff,,,,,,,,,1,0.1
89194238327ffff,,,,,,,,,1,0.1
8919423929bffff,,,,,,,,,1,0.1
8919424f5d3ffff,,,,,,,,,1,0.1
891942b2bc7ffff,,,,,,,,,1,0.1
891942ccbd3ffff,,,,,,,,,1,0.1
89194325543ffff,,,,,,,,,1,0.1
8919435062bffff,,,,,,,,,1,0.1
891946c9dabffff,,,,,,,,,1,0.1
891948c0ecbffff,,,,,,,,,1,0.1
89194e6b1a3ffff,,,,,,,,,1,0.1
89195176577ffff,,,,,,,,,1,0.1
891951a258fffff,,,,,,,,,1,0.1
891951b3313ffff,,,,,,,,,1,0.1
891951b710fffff,,,,,,,,,1,0.1
891952435cbffff,,,,,,,,,1,0.1
891952541cbffff,,,,,,,,,1,0.1
89195255a23ffff,,,,,,,,,1,0.1
8919529a06bffff,,,,,,,,,1,0.1
891952d6893ffff,,,,,,,,,1,0.1
89195476217ffff,,,,,,,,,1,0.1
8919564366fffff,,,,,,,,,1,0.1
891958380c7ffff,,,,,,,,,1,0.1
8919586b43bffff,,,,,,,,,1,0.1
891958a29a7ffff,,,,,,,,,1,0.1
8919590cdd3ffff,,,,,,,,,1,0.1
89195a108a7ffff,,,,,,,,,1,0.1
89195a40ed3ffff,,,,,,,,,1,0.1
89195b81b27ffff,,,,,,,,,1,0.1
89195bc156fffff,,,,,,,,,1,0.1
89195c0f0dbffff,,,,,,,,,1,0.1
89195c4f303ffff,,,,,,,,,1,0.1
89195ca4a6fffff,,,,,,,,,1,0.1
89195d0b1d3ffff,,,,,,,,,1,0.1
89195d36943ffff,,,,,,,,,1,0.1
89195da432fffff,,,,,,,,,1,0.1
89195da62dbffff,,,,,,,,1,1,0.3
89197370823ffff,,,,,,,,,1,0.1
89182a3b2a3ffff,,,,,,,,1,,0.2
89182a658bbffff,,,,,,,,1,,0.2
89182c8db1bffff,,,,,,,,1,,0.2
891870d8557ffff,,,,,,,,1,,0.2
891909aeac3ffff,,,,,,,,1,,0.2
8919424c55bffff,,,,,,,,1,,0.2
8919426f337ffff,,,,,,,,1,,0.2
89194278abbffff,,,,,,,,1,,0.2
8919429a5afffff,,,,,,,,1,,0.2
8919429a9cfffff,,,,,,,,2,,0.4
891942c5357ffff,,,,,,,,1,,0.2
89194614337ffff,,,,,,,,1,,0.2
8919485968fffff,,,,,,,,1,,0.2
891948c0373ffff,,,,,,,,1,,0.2
89194e143d7ffff,,,,,,,,1,,0.2
8919518ed0bffff,,,,,,,,1,,0.2
891951b6357ffff,,,,,,,,2,,0.4
89195844057ffff,,,,,,,,1,,0.2
8919584430fffff,,,,,,,,1,,0.2
891958449abffff,,,,,,,,1,2,0.4
8919584c957ffff,,,,,,,,1,,0.2
891958724c3ffff,,,,,,,,1,,0.2
8919587b047ffff,,,,,,,,1,,0.2
89195ab55a3ffff,,,,,,,,1,,0.2
89195cb7587ffff,,,,,,,,1,,0.2
89195cd03c7ffff,,,,,,,,1,,0.2
89195d2e02bffff,,,,,,,,1,,0.2
89195da5b97ffff,,,,,,,,1,,0.2
89195db48d3ffff,,,,,,,,1,,0.2
89194a880c7ffff,,,,,,,,,1,0.1
89194ad18a3ffff,,,,,,,,,1,0.1
89195115317ffff,,,,,,,,,1,0.1
89195930297ffff,,,,,,,,,1,0.1
891805b8153ffff,,,,,,,,1,,0.2
89182c11e77ffff,,,,,,,,1,,0.2
89194258357ffff,,,,,,,,1,,0.2
8919485334bffff,,,,,,,,1,,0.2
89194ad362bffff,,,,,,,,2,,0.4
89194ad8e7bffff,,,,,,,,1,,0.2
89194adb5cfffff,,,,,,,,1,,0.2
8919510716bffff,,,,,,,,1,,0.2
891951b2c1bffff,,,,,,,,1,,0.2
891951b4433ffff,,,,,,,,1,,0.2
89195839527ffff,,,,,,,,1,,0.2
89195c2752bffff,,,,,,,,1,1,0.3
89195c29687ffff,,,,,,,,1,,0.2
89195d2026bffff,,,,,,,,1,,0.2
89197272c0bffff,,,,,,,,1,,0.2
8919768c98fffff,,,,,,,,1,,0.2
89194ad35afffff,,,,,,,,,1,0.1
8919586b523ffff,,,,,,,,,1,0.1
89195c9347bffff,,,,,,,,,1,0.1
89194ec939bffff,1,,,,,,,,,1
89194ad35c3ffff,,,,,,,,,1,0.1
8918280ad17ffff,1,,,,1,,,,1,1.7
891909ac577ffff,,,,,1,,,1,,0.8
891909aee6fffff,,,,,1,,,,,0.6
891940726b3ffff,1,1,,,1,,,,,2.5
8919416c6abffff,,,,,1,,,,,0.6
89194aa101bffff,2,,,,1,,,3,,3.2
89194ad018fffff,,,,,2,,,,,1.2
89194ad0d07ffff,,1,,1,4,,,4,1,5
89194ad264fffff,,,,,1,,,,,0.6
89194ad354fffff,,1,,,3,,,,,2.7
891959b80afffff,,,,,2,,,2,,1.6
89195c0ea03ffff,,,,,1,,,,,0.6
89195cc23a3ffff,,1,,,1,,,,1,1.6
89195d24507ffff,,,,,1,,,,2,0.8
89195d24ac3ffff,,,,,1,,,,,0.6
89195d88e3bffff,,,,,1,,,,,0.6
891973420abffff,4,3,,,2,,,5,2,9.1
892a4c146a7ffff,,,,,1,,,,,0.6
89182ac6e33ffff,,,,,1,,,,,0.6
89182c4594bffff,,1,,,1,,,,2,1.7
89182e30a0bffff,1,1,,1,1,,,1,,3.5
89190932ddbffff,,,,,1,,,1,1,0.9
891946cb3cbffff,1,,,,1,,,1,,1.8
89195139d8bffff,,,,,1,,,,,0.6
89195caa1cbffff,,3,,,1,,,,,3.3
89195cd1997ffff,1,1,,,1,,,1,,2.7
89182c8da63ffff,2,1,,,,,,5,,3.9
89182c8db7bffff,1,,,,,,,3,,1.6
89194853263ffff,,,,,,,,3,,0.6
891948ccc9bffff,,,,,,,,1,,0.2
89194a721b7ffff,,,,,,,,2,,0.4
89194ad2283ffff,1,2,,,,,1,7,,4.98
89194ad300fffff,,1,,,,,,10,,2.9
89194ad3067ffff,,5,,,,,,10,,6.5
89194ad3077ffff,,1,,,,,,1,,1.1
89194ad33d3ffff,,1,,,,,,8,,2.5
89194ada99bffff,,,,,,,,2,,0.4
89194ed865bffff,2,3,,,,,,7,,6.1
891952d6e03ffff,,,,,,,,1,1,0.3
89195841cabffff,,2,,,,,,1,,2
89195bb6633ffff,,,,,,,,1,,0.2
89195da4913ffff,,1,,,,,,14,,3.7
89195da4947ffff,,,,,,,,2,,0.4
89195da4d2fffff,1,1,,,,,,6,2,3.3
8919720c94fffff,1,,,,,,,2,,1.4
89197239643ffff,2,,,,,,,9,1,3.9
89197322c23ffff,,2,,,,,,7,1,3.3
89197322c27ffff,,5,,,,,,13,,7.1
89194300457ffff,,,,,,,1,,,0.78
89194ad31abffff,,,,,,,1,1,,0.98
89190986e53ffff,,,,,,,,,1,0.1
89194326953ffff,,,,,,,,,1,0.1
89194a5466fffff,,,,,,,,,1,0.1
89194ad048fffff,,,,,,,,,1,0.1
8919587b5cbffff,,,1,,,,,1,1,1
89195ab492fffff,,,,,,,,,1,0.1
891976bb2d3ffff,1,4,,,1,1,,4,2,6.95
89197272393ffff,,,,,1,,,,,0.6
8918010756bffff,,,,,,,,1,,0.2
89180189853ffff,,1,,,,,,3,1,1.6
89182105c5bffff,,,,,,,,1,,0.2
891828c0053ffff,1,,,,,,,1,,1.2
8918740e4cfffff,,,,,,,,1,,0.2
891874b3507ffff,,,,,,,,1,,0.2
89190139da7ffff,,,,,,,,1,,0.2
891908a6d03ffff,,1,,,,,,1,,1.1
891909ac6a3ffff,1,,,,,,,2,,1.4
8919404abdbffff,,,,,,,,1,,0.2
891940c88d3ffff,,,,,,,,1,,0.2
8919412618fffff,,,,,,,,1,,0.2
8919414f6abffff,,,,,,,,1,,0.2
8919422745bffff,,,,,,,,1,,0.2
89194278003ffff,,,,,,,,1,,0.2
89194279e4bffff,,,,,,,,1,,0.2
8919429a8b7ffff,1,,,,,,,1,,1.2
8919429a9c7ffff,1,4,,,,,,2,5,5.5
891942c5c77ffff,,,,,,,,3,,0.6
891942ceea3ffff,,,,,,,,1,,0.2
89194359c53ffff,1,,,,,,,1,,1.2
8919465a42bffff,,,,,,,,1,,0.2
891946acbd3ffff,1,,,,,,,1,1,1.3
8919485211bffff,,,,,,,,1,,0.2
891948c0247ffff,,,,,,,,1,,0.2
89194a0a683ffff,,,,,,,,1,,0.2
89194a5a3abffff,,,,,,,,1,3,0.5
89194ac1273ffff,,,,,,,,1,,0.2
89194ad1217ffff,,,,,,,,2,,0.4
89194ad3187ffff,,,,,,,,2,,0.4
89194ada0c7ffff,,,,,,,,2,,0.4
89194ada17bffff,,,,,,,,2,,0.4
89194e14557ffff,,,,,,,,1,,0.2
89194e19babffff,,,,,,,,1,,0.2
89194e69c6fffff,,,,,,,,1,,0.2
89194e78577ffff,,,,,,,,1,,0.2
89194e7a41bffff,,,,,,,,1,,0.2
89194ec9aabffff,,,,,,,,1,,0.2
891951aa167ffff,,,,,,,,1,,0.2
891951aaa53ffff,,,,,,,,1,,0.2
891951ad523ffff,,,,,,,,1,,0.2
891952d6dc3ffff,,,,,,,,2,,0.4
8919553997bffff,1,2,,,,,,1,,3
89195578b63ffff,1,,,,,,,2,,1.4
89195832c77ffff,,,,,,,,1,,0.2
891958466c3ffff,,,,,,,,1,,0.2
8919587167bffff,,3,,,,,,6,2,4.1
8919587a1b3ffff,,1,,,,,,2,,1.3
8919590cd1bffff,,,,,,,,1,,0.2
89195912bc3ffff,,,,,,,,1,,0.2
89195990283ffff,,,,,,,,1,,0.2
891959aa07bffff,1,2,,,,,,2,,3.2
891959b9d3bffff,,2,,,,,,2,,2.2
89195b686b7ffff,,,,,,,,1,,0.2
89195b79567ffff,,,,,,,,1,,0.2
89195c0597bffff,,1,,,,,,4,1,1.8
89195c05b97ffff,,,,,,,,2,1,0.5
89195cb628fffff,,,,,,,,1,,0.2
89195d0987bffff,,3,,,,,,9,1,4.6
89195d09a07ffff,,,,,,,,2,,0.4
89195d09a67ffff,,,,,,,,1,,0.2
89195d09ad3ffff,1,,,,,,,1,,1.2
89195d0c167ffff,,,,,,,,1,,0.2
89195d124c7ffff,1,1,,,,,,1,,2.1
89195d1262fffff,,,,,,,,1,,0.2
89195d2b207ffff,,1,,,,,,1,1,1.2
89195da495bffff,1,,,,,,,5,1,2.1
89195da748fffff,,,,,,,,1,,0.2
89195da74a3ffff,,1,,,,,,2,,1.3
89195db4843ffff,,,,,,,,1,,0.2
89195db6957ffff,,,,,,,,1,,0.2
8919722b4d3ffff,,,,,,,,1,,0.2
8919723924bffff,,,,,,,,1,,0.2
891972601bbffff,,,,,,,,1,,0.2
89197271997ffff,,,,,,,,1,,0.2
8919727442bffff,,,,,,,,1,1,0.3
891972894d7ffff,,,,,,,,1,,0.2
8919728b35bffff,,,,,,,,1,,0.2
891972cc1cfffff,,,,,,,,1,,0.2
891973363cfffff,,,,,,,,1,,0.2
89195d332cbffff,1,,,,,,,,1,1.1
891805b4167ffff,,,,,,,,,1,0.1
89182525b97ffff,,,,,,,,,1,0.1
89194ad2413ffff,,1,,,,,,,1,1
89195d29607ffff,,,,,,,,,1,0.1
89195d3124fffff,,,,,,,,,1,0.1
8918254430bffff,,,,,,,,,1,0.1
89182879073ffff,,1,,,,,,,1,1
89182c8e95bffff,,,,,,,,,1,0.1
8919413b607ffff,1,,,,,,,,7,1.7
8919465a0d7ffff,,,,,,,,,2,0.2
89194adb293ffff,1,3,,,,,,1,1,4
891951b72a7ffff,,1,,,,,,,5,1.4
891958390d7ffff,,,,,,,,,2,0.2
89195bc41d3ffff,,,,,,,,,23,2.3
891828c0463ffff,,,,,,,,,1,0.1
89194ad9adbffff,1,,,,,,,,,1
89194ec9d5bffff,,,,,,,,,1,0.1
891950868d7ffff,,,,,,,,,2,0.2
891958440c3ffff,,,,,,,,,1,0.1
89182c8d22fffff,1,,,,,,,,,1
89194ac09afffff,1,,,,,,,2,,1.4
89194ad2467ffff,1,,,,,,,,,1
89194ad35a3ffff,1,,,,,,,,,1
89194adabb3ffff,1,,,,,,,,,1
89194e02237ffff,1,,,,,,,,,1
8919557766fffff,3,1,,,,,,,,3.9
8919582300bffff,1,,,,,,,,,1
89195c80a8fffff,1,1,,,,,,,,1.9
89195d0488bffff,3,,,,,,,,,3
89195d3ada7ffff,1,,,,,,,,,1
8919727431bffff,1,,,,,,,,,1
8919727912bffff,1,,,,,,,,,1
89194ad3653ffff,1,,,,,,,,,1
89195811cbbffff,2,,,,,,,,,2
89195cd81d7ffff,2,3,,,,,,5,,5.7
89195dba42fffff,2,,,,,,,,,2
89195dc4867ffff,1,,,,,,,,,1
89195d7087bffff,,,,,,,,,1,0.1
8909a461b67ffff,,1,,,,,,,,0.9
8909a6b6e93ffff,,1,,,,,,,,0.9
891828b85c7ffff,,1,,,,,,,,0.9
891909a0907ffff,,2,,,,,,1,,2
8919282a053ffff,,1,,,,,,,,0.9
8919416c677ffff,,1,,,,,,,,0.9
89194218ebbffff,,1,,,,,,,,0.9
89194235c73ffff,,1,,,,,,,,0.9
891942c4cb3ffff,,1,,,,,,,,0.9
891942ce867ffff,,2,,,,,,,,1.8
891942cebcbffff,,1,,,,,,,1,1
89194359d6bffff,,1,,,,,,,1,1
89194851427ffff,,1,,,,,,,,0.9
89194853357ffff,,1,,,,,,,,0.9
89194ac2263ffff,,2,,,,,,1,,2
89194ad3363ffff,,1,,,,,,1,,1.1
89194ad64b3ffff,,1,,,,,,1,,1.1
89194e69a13ffff,,2,,,,,,1,,2
89194e69d73ffff,,1,,,,,,,,0.9
891951b2c73ffff,,1,,,,,,,,0.9
891951d4993ffff,,4,,,,,,,,3.6
891958712dbffff,1,4,,,,,,4,4,5.8
891958aabd3ffff,1,1,,,,,,,,1.9
89195915403ffff,,1,,,,,,,,0.9
8919591686fffff,,1,,,,,,,,0.9
8919597306fffff,,1,,,,,,,,0.9
891959a1443ffff,,1,,,,,,,,0.9
891959b9a87ffff,,1,,,,,,,,0.9
89195c209afffff,,1,,,,,,,,0.9
89195c96383ffff,,1,,,,,,,,0.9
89195d098b7ffff,,1,,,,,,,,0.9
89195da1153ffff,1,1,,,,,,,,1.9
89195da3527ffff,,1,,,,,,,,0.9
89195da6b3bffff,,1,,,,,,,,0.9
89195dcd623ffff,,1,,,,,,,,0.9
89197320657ffff,,1,,,,,,,,0.9
8919732c46bffff,,1,,,,,,,,0.9
8919733664fffff,,1,,,,,,1,,1.1
89197665a17ffff,,1,,,,,,,,0.9
891805b4097ffff,,,,,,,,,1,0.1
89182121ba3ffff,,,,,,,,,1,0.1
89194111d0fffff,,,,,,,,,1,0.1
89194219e2fffff,,,,,,,,,1,0.1
89194269ba7ffff,,,,,,,,,1,0.1
89194291667ffff,,,,,,,,,1,0.1
89194ad052bffff,,,,,,,,,1,0.1
89194ad2027ffff,,,,,,,,,1,0.1
89194e48663ffff,,,,,,,,,1,0.1
89194e618dbffff,,,,,,,,,1,0.1
891951b7647ffff,,,,,,,,,1,0.1
891953add03ffff,,,,,,,,,1,0.1
8919597892bffff,,,,,,,,,1,0.1
891959a215bffff,,,,,,,,,1,0.1
89195b4e813ffff,,,,,,,,,1,0.1
89195cace93ffff,,,,,,,,,1,0.1
89195dd7113ffff,,,,,,,,,1,0.1
891874ae34fffff,1,,,,,,,,,1
891951b1e3bffff,,,,1,,,,,,0.8
89182e584b3ffff,,,,1,,,,,,0.8
89195ad0b97ffff,,,,1,,,,,,0.8
89195da4dcfffff,,,,1,,,,1,,1
8919721458fffff,,,,1,,,,,,0.8
89194e69d8fffff,,1,,,,,,,,0.9
89195c9614fffff,,1,,,,,,,,0.9
89194214907ffff,,,,,,,,,1,0.1
89194241823ffff,,,,,,,,,1,0.1
891943059c7ffff,,,,,,,,,1,0.1
89194305cd3ffff,,,,,,,1,,1,0.88
8919485326bffff,,,,,,,,,1,0.1
891958a7083ffff,,,,,,,,,1,0.1
89195c0dabbffff,,,,,,,,,3,0.3
89194856383ffff,,,,,,,2,,,1.56
89195da02d3ffff,,,,,,,1,,,0.78
89182849987ffff,,,,,,,1,,,0.78
89182ca834fffff,1,,,,,,,,,1
891874aac47ffff,1,,,,,,,,,1
891909ae30bffff,1,,,,,,,,,1
8919421b4b3ffff,1,,,,,,,,,1
89194360953ffff,1,,1,,,,,,1,1.8
89194e2ddcbffff,1,,,,,,,,,1
89194e5ad6fffff,1,,,,,,,,,1
8919519a8dbffff,1,,,,,,,,,1
8919586b6bbffff,1,,,,,,,,,1
8919590e2abffff,1,,,,,,,,,1
89195b680abffff,1,,,,,,,,,1
89195c466a3ffff,1,,,,,,,,,1
89195d2966bffff,1,,,,,,,,,1
89195da6573ffff,1,,,,,,,,,1
8919727644bffff,1,,,,,,,,,1
89197337247ffff,1,,,,,,,,,1
891973c80cfffff,1,,,,,,,,,1
89182c6058fffff,,,,,,,,,1,0.1
89194ace2d7ffff,,,1,,,,,,,0.7
8919410538fffff,,,,,,,,,1,0.1
89194acc807ffff,,,,,,,,,1,0.1
8909a46611bffff,,,,,,,,,1,0.1
8909a6b613bffff,,,,,,,,1,1,0.3
8918219288bffff,,,,,,,,,1,0.1
8918231597bffff,,,,,,,,,1,0.1
8918250167bffff,,,,,,,,,1,0.1
89187099227ffff,,,,,,,,,1,0.1
8918729318fffff,,,,,,,,,1,0.1
891909ad5bbffff,,,,,,,,,1,0.1
89194040e93ffff,,,,,,,,,1,0.1
89194042e63ffff,,,,,,,,,1,0.1
8919407266bffff,,,,,,,,1,2,0.4
89194204657ffff,,,,,,,,,1,0.1
89194298dc7ffff,,,,,,,,,1,0.1
891942ab233ffff,,,,,,,,,1,0.1
891942aebc3ffff,,,,,,,,,1,0.1
891942cc0cbffff,,,,,,,,,1,0.1
89194608277ffff,,,,,,,,1,1,0.3
8919465aa67ffff,,,,,,,,,1,0.1
8919465b197ffff,,,,,,,,,1,0.1
891946c9043ffff,,,,,,,,,1,0.1
89194ac244fffff,,,,,,,,,1,0.1
89194e0e09bffff,,,,,,,,,1,0.1
891950961d3ffff,,,,,,,,,1,0.1
891950b7313ffff,,,,,,,,,1,0.1
89195102907ffff,,,,,,,,,1,0.1
89195106d6fffff,,,,,,,,,1,0.1
89195124613ffff,,,,,,,,,1,0.1
8919520160fffff,,,,,,,,,1,0.1
891952123cfffff,,,,,,,,,1,0.1
8919521a43bffff,,,,,,,,,1,0.1
89195282c2fffff,,,,,,,,,1,0.1
891952d4367ffff,,,,,,,,,1,0.1
891954a6ab7ffff,,,,,,,,,1,0.1
89195570917ffff,,,,,,,,,1,0.1
891955d8083ffff,,,,,,,,,1,0.1
89195879897ffff,,,,,,,,,1,0.1
8919588c39bffff,,,,,,,,,1,0.1
8919589127bffff,,,,,,,,,1,0.1
8919589a1c7ffff,,,,,,,,1,1,0.3
891958a3483ffff,,,,,,,,,1,0.1
8919590d697ffff,,,,,,,,,1,0.1
89195931e73ffff,,,,,,,,,1,0.1
89195aa10dbffff,,,,,,,,,1,0.1
89195ad328bffff,,,,,,,,,1,0.1
89195b61007ffff,,,,,,,,,1,0.1
89195b88463ffff,,,,,,,,,1,0.1
89195bc4507ffff,,,,,,,,,1,0.1
89195c04bc3ffff,,,,,,,,,1,0.1
89195c05593ffff,,,,,,,,,1,0.1
89195c2e177ffff,,,,,,,,,1,0.1
89195c32d2fffff,,,,,,,,,1,0.1
89195c3b213ffff,,,,,,,,,1,0.1
89195c64c27ffff,,,,,,,,,1,0.1
89195c752a3ffff,,,,,,,,,1,0.1
89195ca2323ffff,,,,,,,,,1,0.1
89195cb9953ffff,,,,,,,,,1,0.1
89195d51da3ffff,,,,,,,,,1,0.1
89195da64d3ffff,,,,,,,,,1,0.1
89195db0c67ffff,,,,,,,,,1,0.1
89195dbb073ffff,,,,,,,,,1,0.1
8919723a107ffff,,,,,,,,,1,0.1
89197326353ffff,,,,,,,,,1,0.1
89197334937ffff,,,,,,,,,1,0.1
89197610aa3ffff,,,,,,,,,1,0.1
891909ae3b3ffff,,,,,,,,1,,0.2
89194073533ffff,,,,,,,,1,,0.2
8919422db2fffff,,,,,,,,1,,0.2
891942561a7ffff,,,,,,,,1,,0.2
89194303107ffff,,,,,,,,1,,0.2
89194359c5bffff,,,,,,,,1,,0.2
89194a9a253ffff,,,,,,,,1,,0.2
89194ada9c3ffff,,,,,,,,1,,0.2
8919584461bffff,,,,,,,,1,,0.2
8919587260fffff,,,,,,,,1,,0.2
891958d7193ffff,,,,,,,,1,,0.2
89195902403ffff,,,,,,,,1,,0.2
89195904c6fffff,,,,,,,,1,,0.2
89195906a57ffff,,,,,,,,1,,0.2
891959a89c7ffff,,,,,,,,1,,0.2
89195a15193ffff,,,,,,,,1,,0.2
89195a1755bffff,,,,,,,,1,,0.2
89195ab69c7ffff,,,,,,,,1,,0.2
89195c82db3ffff,,,,,,,,1,,0.2
89195ca2d4bffff,,,,,,,,1,,0.2
89195d206c3ffff,,,,,,,,1,,0.2
89195d21863ffff,,,,,,,,1,,0.2
89195d60c47ffff,,,,,,,,1,,0.2
89195b73133ffff,,,,,,,,1,,0.2
891972731bbffff,,,,,,,,1,,0.2
89182551ca7ffff,,,,,,,,,1,0.1
891828a1537ffff,,,,,,,,,1,0.1
891959d26c3ffff,,,,,,,,,1,0.1
8918217320bffff,,,,,,,,1,,0.2
89182a2ac37ffff,,,,,,,,1,,0.2
89182a31467ffff,,,,,,,,1,,0.2
89182a3a1b3ffff,,,,,,,,1,,0.2
89194254ecfffff,,,,,,,,1,,0.2
891948c0a47ffff,,,,,,,,1,,0.2
89194a931dbffff,,,,,,,,1,,0.2
89194ad066bffff,,,,,,,,1,,0.2
89194ad1277ffff,,,,,,,,1,,0.2
89194ada5afffff,,,,,,,,5,,1
89194ada5cfffff,,,,,,,,3,,0.6
89194e688a3ffff,,,,,,,,1,,0.2
89194ec9e47ffff,,,,,,,,1,,0.2
89195104013ffff,,,,,,,,1,,0.2
8919512f29bffff,,,,,,,,1,,0.2
891951b54bbffff,,,,,,,,1,,0.2
89195272c6fffff,,,,,,,,1,,0.2
89195a119cbffff,,,,,,,,1,,0.2
89195ac5533ffff,,,,,,,,1,,0.2
89195b41b9bffff,,,,,,,,1,,0.2
89195cb6673ffff,,,,,,,,1,,0.2
89195da448fffff,,,,,,,,1,,0.2
89195da69cbffff,,,,,,,,1,,0.2
891972770abffff,,,,,,,,1,,0.2
891909b6d8fffff,,,,,,,,,1,0.1
8919593205bffff,,,,,,,,,1,0.1
8919581b4dbffff,,,,,,,,,1,0.1
89195b87287ffff,,,,,,,,,1,0.1
89182e22b37ffff,,,,,,,,,1,0.1
8919511719bffff,,,,,,,,,1,0.1
89195dae9b3ffff,,,,,,,,,1,0.1
8919518225bffff,1,,,,,,,,,1
89195da4593ffff,1,,,,,,,,,1
891942cc2dbffff,1,,,,,,,3,1,1.7
89197322c2fffff,,,,,,,,5,5,1.5
89182315a7bffff,,,,,1,,,,,0.6
89182a04a2bffff,1,3,,,3,,,4,1,6.4
89182e5051bffff,1,,,,1,,,,,1.6
8919416d5a7ffff,,,,,2,,,,,1.2
891948c1dcbffff,,,,,1,,,,,0.6
89194aa859bffff,,,,,1,,,,,0.6
89194ad36abffff,,3,,,1,,,3,1,4
8919541758bffff,,,,,1,,,,,0.6
89195871687ffff,,,,,1,,,,,0.6
8919599514bffff,,,,,1,,,,,0.6
89195cb665bffff,,1,,,3,,,4,,3.5
89195e4610fffff,,,,,1,,,,,0.6
891972c2617ffff,,,,,2,,,,1,1.3
8919735b087ffff,,,,,1,,,,1,0.7
89182a74b97ffff,1,,,,1,,,1,,1.8
8919424c197ffff,,1,,,1,,,,,1.5
89194331d63ffff,1,,,,1,,,1,,1.8
89194ad324fffff,,,,,2,,,18,1,4.9
89194e0a8b3ffff,,,,,1,,,1,1,0.9
891951026abffff,1,1,,,1,,,2,1,3
891959bab47ffff,1,,,,1,,,3,,2.2
89195c393abffff,1,3,,,2,,,,,4.9
89195ca592fffff,,2,,,1,,,6,,3.6
89195ccb2a7ffff,,3,,,2,,,3,3,4.8
89195d8812fffff,,,,,1,,,1,,0.8
89195da6137ffff,,1,,,1,,,1,1,1.8
89195da8a3bffff,,,,,1,,,,,0.6
89197290197ffff,1,,,,1,,,,,1.6
891821d61b7ffff,,,,,,,,1,1,0.3
891909ace8bffff,2,2,,,,,,7,2,5.4
89194075cb3ffff,,,,,,,,1,,0.2
891941aa1b7ffff,,,,,,,,1,,0.2
891942cc28bffff,,,,,,,,2,,0.4
89194ad231bffff,,3,,1,,,,19,1,7.4
89194ad2347ffff,4,,,1,,,,4,1,5.7
89194ec9e2fffff,,,,,,,,1,,0.2
891951b75c7ffff,,,,,,,,6,,1.2
891958b1a53ffff,,,,,,,,1,,0.2
89195a4b513ffff,,,,,,,,2,1,0.5
89195c0590fffff,,,,,,,,2,1,0.5
89195c3338fffff,,,,,,,,6,,1.2
89195c64bd7ffff,,,,,,,,7,,1.4
89195c86097ffff,,,,,,,,1,,0.2
89195d30ba3ffff,,,,,,,,1,,0.2
891909aee4fffff,,,,,,,1,,,0.78
89194a1a4c3ffff,,,,,,,1,,,0.78
89194ad2acbffff,3,,,,,,2,1,1,4.86
89195181cb3ffff,,1,,,,,2,,,2.46
89195912adbffff,2,,,,,,1,2,1,3.28
89182369e9bffff,,,,,,,,,1,0.1
891828c00c7ffff,,,,,,,,3,1,0.7
89182a316d7ffff,,,,,,,,,1,0.1
891976c9423ffff,,,,,,,,,1,0.1
891909ac413ffff,,,,,,,,3,,0.6
89195d09ab3ffff,,,,,,,,1,1,0.3
891825bac1bffff,,,,,,,,1,,0.2
8918280ed7bffff,,,,,,,,1,,0.2
891828c0507ffff,,,,,,,,1,,0.2
89182c0e657ffff,1,,,,,,,1,1,1.3
89182c1615bffff,2,2,,1,,,,4,,5.4
89182c1685bffff,2,,,,,,,1,,2.2
89182c174b7ffff,1,,,,,,,1,,1.2
89182c75e77ffff,,,,,,,,1,,0.2
89182c8de77ffff,,,,,,,,1,,0.2
89182e5866fffff,1,,,,,,,1,1,1.3
89182e5918bffff,,,,,,,,2,1,0.5
891870dad1bffff,,,,,,,,1,,0.2
89190c6d057ffff,,,,,,,,2,,0.4
89192b9330fffff,,,,,,,,1,1,0.3
89192ba55bbffff,,,,,,,,1,,0.2
89194028063ffff,,,,,,,,1,,0.2
89194135613ffff,,,,,,,,4,1,0.9
8919414a547ffff,,,,,,,,1,,0.2
89194262057ffff,,,,,,,,1,,0.2
89194267037ffff,,,,,,,,1,,0.2
8919426a257ffff,,,,,,,,1,,0.2
891942798c3ffff,3,,,,,,,3,1,3.7
891942d208bffff,,,,,,,,4,,0.8
8919435822bffff,,,,,,,,1,,0.2
89194655b0bffff,,,,,,,,1,,0.2
8919484a667ffff,,,,,,,,1,,0.2
89194a074c7ffff,,,,,,,,1,,0.2
89194a0d25bffff,3,3,,,,,4,2,,9.22
89194ac727bffff,,,,,,,,1,,0.2
89194ac950fffff,2,,,,,,,2,,2.4
89194ad1c9bffff,,,,,,,,1,,0.2
89194ad21d7ffff,,,,,,,,1,1,0.3
89194adaccfffff,,,,,,,,1,,0.2
89194e2326fffff,1,,,,,,,1,,1.2
89194e6887bffff,1,1,,,,,,1,,2.1
89194ec9a33ffff,,1,,,,,,3,,1.5
891950865d7ffff,,,,,,,,1,,0.2
89195104183ffff,,,,,,,,1,,0.2
89195106a2bffff,,,,,,,,1,,0.2
8919510c4d3ffff,,,,,,,,3,,0.6
89195132547ffff,,,,,,,,1,,0.2
891951a8d1bffff,,,,,,,,1,,0.2
891951b7567ffff,,2,,,,,,2,,2.2
8919532d103ffff,,,,,,,,1,,0.2
891953b6ba7ffff,,,,,,,,1,,0.2
891953b6e03ffff,,,,,,,,1,,0.2
891954da62bffff,,,,,,,,1,1,0.3
8919558da67ffff,,,,,,,,1,,0.2
891955ab4d3ffff,,,,,,,,1,,0.2
8919583922fffff,,5,,,,,,3,,5.1
89195839357ffff,,1,,,,,,1,,1.1
8919586737bffff,,,,,,,,1,,0.2
891958855c3ffff,,1,,,,,,5,,1.9
891958990afffff,,,,,,,,1,,0.2
891958b5acbffff,1,,,,,,,1,,1.2
891959184d7ffff,,,,,,,,1,,0.2
89195994923ffff,,,,,,,,1,1,0.3
89195995dafffff,,,,,,,,1,,0.2
891959bab57ffff,,,,,,,,1,1,0.3
891959cce4fffff,,,,,,,,2,,0.4
89195a1ab07ffff,,,,,,,,1,,0.2
89195ab2463ffff,,3,,,,,,1,,2.9
89195b4697bffff,,,,,,,,1,,0.2
89195c32a63ffff,,,,,,,,1,,0.2
89195cb9b7bffff,,1,,,,,,1,,1.1
89195cd818bffff,,,,,,,,2,1,0.5
89195d2ea87ffff,,,,,,,,1,,0.2
89195d45033ffff,1,,,,,,,1,,1.2
89195d88127ffff,,,,,,,,1,1,0.3
89195da419bffff,,,,,,,,2,,0.4
89195da486fffff,,,,,,,,3,2,0.8
89195da4d0bffff,,2,,,,,,3,,2.4
89195da4e2bffff,1,,,,,,,4,,1.8
89195da6b43ffff,,,,,,,,2,,0.4
89195da6bbbffff,,,,,,,,1,1,0.3
89195eb032bffff,,,,,,,,1,,0.2
89197270dc3ffff,,,,,,,,1,,0.2
891972764bbffff,2,2,,,,,,2,,4.2
89197276977ffff,,,,,,,,1,,0.2
8919728b197ffff,,,,,,,,1,,0.2
891972b9053ffff,,,,,,,,1,,0.2
891973d498fffff,,,,,,,,1,,0.2
8919586b0d7ffff,,,,,,,,,1,0.1
89194ad058bffff,,1,,,,,,2,8,2.1
89195d6d6bbffff,,,,,,,,,1,0.1
89195dd756fffff,,,,,,,,,1,0.1
89182a30153ffff,2,,,,,,,,1,2.1
89182ab93abffff,,,,,,,,,1,0.1
89194e4446bffff,,1,,,,,,,1,1
891955646b3ffff,,,,,,,,,5,0.5
891955d80d7ffff,,,,,,,,,1,0.1
89195879cd3ffff,,,,,,,,,2,0.2
89195c3496bffff,,,,,,,,,1,0.1
8919725850bffff,,,,,,,,,4,0.4
89194254b23ffff,,,,,,,,,1,0.1
89194a56563ffff,,,,,,,,,1,0.1
891959aa087ffff,,,,,,,,,1,0.1
89195c476bbffff,,1,,,,,,1,2,1.3
891959d4e83ffff,1,,,,,,,,,1
89195da190fffff,1,,,,,,,,,1
89182c1b10bffff,2,,,,,,,1,1,2.3
8919426a183ffff,,,,1,,,,1,1,1.1
89195b1697bffff,,1,,,,,,,1,1
89197279327ffff,,1,,,,,,,1,1
89182e8a4b7ffff,1,,,,,,,,,1
89194a93323ffff,1,,,,,,,,,1
891951b5683ffff,1,,,,,,,,,1
89195879b13ffff,1,,,,,,,,,1
89195dad03bffff,1,,,,,,,,,1
891972634cbffff,1,,,,,,,,,1
89182c1617bffff,1,,,,,,,,,1
891909ad093ffff,2,,,,,,,,,2
89194679dd3ffff,2,,,,,,,,,2
891951ab0d3ffff,4,,,,,,,,,4
891951b6bc7ffff,1,,,,,,,,,1
89195906d03ffff,1,,,,,,,,2,1.2
891959322b7ffff,2,,,,,,,,,2
89195a88ba3ffff,2,,,,,,,,,2
89195d04897ffff,2,,,,,,,,,2
89195da66b3ffff,1,,,,,,,,,1
89195db85c3ffff,1,,,,,,,,,1
8919723902bffff,3,,,,,,,,,3
8919583b24bffff,,,,,,,,,1,0.1
89197290103ffff,,,,,,,,,1,0.1
89182c10b43ffff,,1,,,,,,,,0.9
89182e5b127ffff,,1,,,,,,1,,1.1
89182e6e077ffff,,1,,,,,,,,0.9
89187468bcbffff,,1,,,,,,,,0.9
891874ae063ffff,,1,,,,,,,2,1.1
891909ae14fffff,,1,,,,,,,,0.9
891909b63abffff,2,2,,1,,,,,,4.6
8919296a80fffff,,1,,,,,,,,0.9
89194072607ffff,,2,,,,,,,,1.8
891941345a3ffff,,1,,,,,,,1,1
891941acb5bffff,,1,,,,,,,,0.9
8919422f057ffff,,1,,,,,,,,0.9
8919424c93bffff,,1,,,,,,,,0.9
8919424d853ffff,,1,,,,,,,,0.9
89194276ca3ffff,,1,,,,,,,1,1
8919427b207ffff,,1,,,,,,,,0.9
891942c5813ffff,,1,,,,,,,,0.9
891942cc69bffff,,1,,,,,,,,0.9
891942d6a2fffff,,2,,,,,,,,1.8
89194349b1bffff,,1,,,,,,1,,1.1
891943d1c33ffff,,1,,,,,,,,0.9
89194853367ffff,,2,,,,,,,,1.8
89194a90663ffff,,1,,,,,,,,0.9
89194acea4fffff,,1,,,,,,2,,1.3
89194e69053ffff,,1,,,,,,,,0.9
89194e873b3ffff,,1,,,,,,,,0.9
89194ec9e33ffff,,1,,,,,,,,0.9
89195094b6fffff,,1,1,,,,,,1,1.7
8919510092fffff,,1,,,,,,,,0.9
89195132023ffff,,2,,,,,,,,1.8
8919517980bffff,,1,,,,,,,,0.9
89195194427ffff,,1,,,,,,,,0.9
891951ab51bffff,,1,,,,,,,,0.9
891951ab5afffff,1,2,,,,,,,,2.8
8919584813bffff,1,2,,,,,,,,2.8
8919584f517ffff,,1,,,,,,1,1,1.2
891958a0bafffff,,1,,,,,,,,0.9
8919590d46bffff,,1,,,,,,,,0.9
89195990243ffff,,1,,,,,,,1,1
891959a2953ffff,,1,,,,,,,,0.9
89195c01ccbffff,,1,,,,,,,,0.9
89195c05ad3ffff,,2,,,,,,3,,2.4
89195c34267ffff,,1,,,,,1,1,,1.88
89195c3b00bffff,,1,,,,,,,,0.9
89195cc9c23ffff,,1,,,,,,,,0.9
89195d09b43ffff,,1,,,,,,,,0.9
89195d14223ffff,,1,,,,,,,,0.9
89195d28633ffff,,1,,,,,,,,0.9
89195d64893ffff,,1,,,,,,,,0.9
89197239683ffff,,1,,,,,,,,0.9
891972724afffff,,1,,,,,,,,0.9
89197279ebbffff,,1,,,,,,,,0.9
891972835cfffff,,2,,,,,,,,1.8
8919728b037ffff,,1,,,,,,,,0.9
89197320a73ffff,,1,,,,,,,,0.9
89197322397ffff,,1,,,,,,,,0.9
89182ac136bffff,1,,,,,,,,1,1.1
8919429ae97ffff,,,,,,,,,1,0.1
89194374b4fffff,,,,,,,,,1,0.1
891951b538fffff,,,,,,,,,1,0.1
891959b8cb3ffff,,,,,,,,,1,0.1
891959c1b03ffff,,,,,,,,,1,0.1
89195c00b33ffff,,,,,,,,,1,0.1
89195d2e8d3ffff,,,,,,,,,1,0.1
89195d749a3ffff,,,,,,,,,2,0.2
89195d84aa3ffff,,,,,,,,,1,0.1
89195dcd00fffff,,,,,,,,,1,0.1
89182cb936bffff,,,,1,,,,,,0.8
89182e14117ffff,,,,1,,,,,,0.8
891909ae88bffff,,,,1,,,,,,0.8
89194ac1583ffff,,,,1,,,,,,0.8
89194358277ffff,,,,,,,,,1,0.1
89194a991d3ffff,,,,,,,,,1,0.1
89194ad158fffff,,,,,,,,1,1,0.3
891951d6b17ffff,,,,,,,,,1,0.1
8919582306bffff,,,,,,,,,1,0.1
89195bd6b93ffff,,,,,,,,,1,0.1
8919733689bffff,,,,,,,,,1,0.1
891909a4113ffff,,,,,,,1,,,0.78
89194ad16bbffff,,,,,,,2,,,1.56
891801963c7ffff,1,,,,,,,,,1
89182a05653ffff,1,,,,,,,,,1
8919433a00fffff,1,,,,,,,,,1
8919465482fffff,1,,,,,,,,,1
89194ad15dbffff,1,,,,,,,,1,1.1
89194ad167bffff,1,,,,,,,1,,1.2
89194e0e4abffff,1,,,,,,,,,1
89195100977ffff,1,,,,,,,,,1
89195104417ffff,1,,,,,,,,,1
891958233dbffff,1,,,,,,,,,1
89195c05c57ffff,1,,,,,,,,,1
89195c5aa8fffff,1,,,,,,,,,1
89195caa1c3ffff,1,,,,,,,,,1
89195dd4597ffff,1,,,,,,,,,1
891972033d3ffff,1,,,,,,,,,1
891972744b7ffff,1,,,,,,,,,1
8919728a663ffff,1,,,,,,,,,1
892a4c10933ffff,1,,,,,,,,,1
89194321c9bffff,,,,,,,,,1,0.1
891943582afffff,,,,,,,,,1,0.1
8919435938fffff,,,,,,,,,1,0.1
89194ac351bffff,,,,,,,,,1,0.1
8909a47a48bffff,1,,,,,,,,1,1.1
891825a764fffff,,,,,,,,,1,0.1
8918746516fffff,,,,,,,,,1,0.1
8918746c123ffff,,,,,,,,,1,0.1
8918746e053ffff,,,,,,,,,1,0.1
8918746f267ffff,,,,,,,,,1,0.1
891928033cbffff,,,,,,,,,1,0.1
89192862123ffff,,,,,,,,,1,0.1
8919292f00fffff,,,,,,,,,1,0.1
89194040cd3ffff,,,,,,,,,1,0.1
89194205dcbffff,,,,,,,,,1,0.1
89194209403ffff,,,,,,,,,1,0.1
8919422a19bffff,,,,,,,,,1,0.1
89194238d83ffff,,,,,,,,,1,0.1
891942cc213ffff,,,,,,,,,1,0.1
89194632a8fffff,,,,,,,,,1,0.1
8919465203bffff,,,,,,,,,1,0.1
891948c02b7ffff,,,,,,,,,1,0.1
891948c1d43ffff,,,,,,,,1,1,0.3
89194a0c147ffff,,,,,,,,,1,0.1
89194a0d61bffff,,,,,,,,,1,0.1
89194a42aafffff,,,,,,,,,1,0.1
89194a54393ffff,,,,,,,,,1,0.1
89194a5553bffff,,,,,,,,,1,0.1
89194a786cbffff,,,,,,,,,1,0.1
89194e1407bffff,,,,,,,,,1,0.1
89194e38b2fffff,,,,,,,,,1,0.1
89194ec2bd7ffff,,,,,,,,,1,0.1
89195196b27ffff,,,,,,,,,1,0.1
89195244dc7ffff,,,,,,,,,1,0.1
891952c5a07ffff,,,,,,,,,1,0.1
89195307187ffff,,,,,,,,,1,0.1
891956335b3ffff,,,,,,,,,1,0.1
8919566ce73ffff,,,,,,,,,1,0.1
89195807117ffff,,,,,,,,,1,0.1
891958161bbffff,,,,,,,,,1,0.1
89195840e1bffff,,,,,,,,,1,0.1
8919585ab8fffff,,,,,,,,,1,0.1
891959c73a7ffff,,,,,,,,,1,0.1
89195ad7153ffff,,,,,,,,,1,0.1
89195b440c7ffff,,,,,,,,,1,0.1
89195b83007ffff,,,,,,,,,1,0.1
89195b8ae2bffff,,,,,,,,,1,0.1
89195bccc83ffff,,,,,,,,,1,0.1
89195c00ccfffff,,,,,,,,,1,0.1
89195c089a7ffff,,,,,,,,,1,0.1
89195c26dc3ffff,,,,,,,,,1,0.1
89195d2b03bffff,,,,,,,,,1,0.1
89195d36873ffff,,,,,,,,,1,0.1
89195d50963ffff,,,,,,,,,1,0.1
89195da654bffff,,,,,,,,1,1,0.3
89195dac563ffff,,,,,,,,,1,0.1
89195e2220bffff,,,,,,,,,1,0.1
89195e85c73ffff,,,,,,,,,1,0.1
8919720140fffff,,,,,,,,,1,0.1
89197279dcbffff,,,,,,,,,1,0.1
8919733718fffff,,,,,,,,,1,0.1
8919737298fffff,,,,,,,,,1,0.1
8918740ce5bffff,,,,,,,,1,,0.2
8919092f257ffff,,,,,,,,1,,0.2
89194231c3bffff,,,,,,,,1,,0.2
89194266babffff,,,,,,,,1,,0.2
8919428aa27ffff,,,,,,,,1,,0.2
8919436a187ffff,,,,,,,,1,,0.2
891943c3397ffff,,,,,,,,1,,0.2
89194ac9533ffff,,,,,,,,1,,0.2
89194c58013ffff,,,,,,,,1,,0.2
8919584c49bffff,,,,,,,,1,,0.2
891958786a7ffff,,,,,,,,1,,0.2
89195a8ceb3ffff,,,,,,,,1,,0.2
89195b0a94fffff,,,,,,,,1,,0.2
89195b9316fffff,,,,,,,,1,,0.2
89195d143c7ffff,,,,,,,,1,,0.2
89197260117ffff,,,,,,,,1,,0.2
8919583088bffff,,,,,,,,1,,0.2
89195c81513ffff,,,,,,,,1,,0.2
89197260e13ffff,,,,,,,,1,,0.2
89182c022dbffff,,,,,,,,1,1,0.3
891909af097ffff,,,,,,,,,2,0.2
891942c6a4bffff,,,,,,,,,3,0.3
89194651ec3ffff,,,,,,,,,1,0.1
89194ad1313ffff,,,,,,,,,1,0.1
89194ad1327ffff,,,,,,,,,1,0.1
89194adb023ffff,,,,,,,,,1,0.1
8919587a51bffff,,,,,,,,,1,0.1
89195daea73ffff,,,,,,,,,1,0.1
89182c1702fffff,,,,,,,,1,,0.2
89182c8da67ffff,,,,,,,,1,,0.2
89182e5acc3ffff,,,,,,,,1,,0.2
891874ace9bffff,,,,,,,,1,,0.2
891909ac623ffff,,,,,,,,4,,0.8
891942c4057ffff,,,,,,,,1,,0.2
89194ad246bffff,,,,,,,,1,,0.2
89194ad9183ffff,,,,,,1,,1,4,1.35
89194ada48bffff,,,,,,,,1,,0.2
891953acc83ffff,,,,,,,,1,,0.2
8919567949bffff,,,,,,,,1,,0.2
89195879a5bffff,1,,,,,,,1,,1.2
89195aa038bffff,,,,,,,,1,,0.2
89195da507bffff,,,,,,,,1,,0.2
89195da6b0bffff,,,,,,,,1,,0.2
89195e5b60fffff,,,,,,,,1,,0.2
89197266b3bffff,,,,,,,,1,,0.2
891972c116bffff,,,,,,,,1,,0.2
89197335363ffff,,,,,,,,1,,0.2
8919768d983ffff,1,,,,,,,1,,1.2
8919554d387ffff,,,,,,,,,1,0.1
89190c0f557ffff,,,,,,,,,1,0.1
89195d29617ffff,,,,,,,,,1,0.1
89194105a07ffff,,,,,,1,,,1,0.85
89195b92377ffff,,,,,,,,,1,0.1
891820b849bffff,,,,,,,,,1,0.1
8919465759bffff,,,,,,,,,1,0.1
89194e2a5cfffff,,,,,,,,,1,0.1
89195b00e2fffff,,,,,,,,,1,0.1
89195d3823bffff,,,,,,,,,1,0.1
89195da3577ffff,,,,,,,,,1,0.1
8919402c2afffff,1,,,,,,,,,1
89194ac222bffff,1,,,,,,,,,1
89182c56d9bffff,,,,,,,,,1,0.1
89195567313ffff,,,,,,,,,1,0.1
89182c8dacbffff,1,,,,1,,,,,1.6
89194070527ffff,,,,,1,,,,,0.6
8919433363bffff,,,,,2,,,,,1.2
89194360d0fffff,,,,,1,,,,3,0.9
89194a790dbffff,,,,,2,,,,1,1.3
89194aa804bffff,,,,,1,,,,,0.6
89194e65d67ffff,,,,,1,,,,,0.6
8919587991bffff,,,,,1,,,,1,0.7
891959a2027ffff,,,,,1,,,,1,0.7
89195c05007ffff,,,,,1,,,,,0.6
89195cc0813ffff,,,,,1,,,,,0.6
89195d88ebbffff,,,,,2,,,4,,2
8919727618bffff,1,1,,,1,,,20,1,6.6
89197276517ffff,,1,,,1,,,7,1,3
8919733306bffff,,,,,1,,,,,0.6
891973ad2b3ffff,,,,,2,,,,,1.2
891976822abffff,,1,,,1,,,,,1.5
891943b5a13ffff,,,,,5,,,,1,3.1
89194a93353ffff,,1,,1,1,,,1,,2.5
89194ad3053ffff,1,,,,1,,,4,,2.4
89194ad56dbffff,,,,,1,,,,,0.6
8919598418fffff,,1,,,1,,,1,,1.7
89195a580c3ffff,,,,,2,,,2,,1.6
89195c0c383ffff,,,,,1,,,,,0.6
89195da1b93ffff,,3,,,3,,,5,,5.5
89195daec53ffff,,1,,,1,,1,1,,2.48
89195dba42bffff,,3,,,1,,,5,1,4.4
89197279e87ffff,,2,,,4,,,7,2,5.8
89182e52d37ffff,,,,,,,,1,,0.2
8919412724bffff,,,,,,,,1,,0.2
89194291a6bffff,,,,,,,,5,1,1.1
891942c59dbffff,,1,,,,,,4,,1.7
89194a1a40bffff,,,,,,,,1,,0.2
891951b73dbffff,,,,,,,,1,3,0.5
89195823077ffff,,,,,,,,4,,0.8
89195c82dabffff,,,,,,,,7,1,1.5
89182e86d9bffff,2,,,,,,2,2,1,4.06
89194235e6bffff,,,,,,,1,,,0.78
891951803a3ffff,,,,,,,10,1,,8
8919518502bffff,,,,,,,2,,,1.56
89195a14083ffff,,,,,,,1,,1,0.88
891952d6e57ffff,,1,,,,,,,2,1.1
89182c118b7ffff,,,,,,,,,1,0.1
891801b0047ffff,,,,,,,,1,,0.2
89182025b63ffff,,,,,,,,1,,0.2
891828b8087ffff,,,,,,,,1,,0.2
89182a3a423ffff,,2,,,,,,4,,2.6
89182c12907ffff,,,,1,,,,1,,1
89182c175d7ffff,,2,,,,,,1,,2
89182c1768bffff,2,,,,,,,1,,2.2
89187431e77ffff,,,,,,,,1,,0.2
891875d302bffff,,,,,,,,1,,0.2
891909ac46bffff,,,,,,,,5,,1
891909af343ffff,,,,,,,,3,,0.6
89190d35c0bffff,,,,,,,,3,2,0.8
89190d3641bffff,,,,,,,,1,,0.2
891940406c3ffff,,,,,,,,1,,0.2
89194073523ffff,,2,,,,,,1,,2
8919420c157ffff,,,,,,,,1,,0.2
8919420c967ffff,,,,,,,,3,1,0.7
8919422e437ffff,,,,,,,,1,,0.2
8919424d66fffff,1,,,,,,,1,,1.2
89194254dd3ffff,,,,,,,,2,,0.4
89194372d37ffff,,,,,,,,1,,0.2
891943b280bffff,,,,,,,,1,,0.2
89194a0586bffff,,,,,,,,2,,0.4
89194a0d24fffff,,,,,,,9,4,,7.82
89194aca1afffff,1,,,,,,,1,,1.2
89194ad141bffff,2,,,,,,,1,,2.2
89194ad2627ffff,,,,,,,,1,,0.2
89194ad3007ffff,,,,,,,,2,,0.4
89194ad6b77ffff,,,,,,,,1,,0.2
89194ada807ffff,,1,,,,,,1,,1.1
89194e0d607ffff,1,,,,,,,3,,1.6
89194e486bbffff,,,,,,,,1,,0.2
89194e4d9c3ffff,,,,,,,,1,,0.2
89194e621cbffff,1,,,,,,,1,,1.2
89194e6b04fffff,,,,,,,,1,,0.2
89194ec9bd3ffff,1,,,,1,,,6,1,2.9
89194ec9e2bffff,,,,,,,,1,,0.2
89195100d77ffff,,,,,,,,1,,0.2
8919513a40bffff,,,,,,,,1,,0.2
891951a8a2fffff,,,,,,,,1,,0.2
891951b4397ffff,,,,,,,,1,,0.2
891951b567bffff,1,2,,1,,,,5,1,4.7
891952c666bffff,,,,,,,,1,1,0.3
891953b6e17ffff,,,,,,,,2,,0.4
891954d1607ffff,,,,,,,,1,,0.2
89195545b6fffff,,,,,,,,1,,0.2
8919555198fffff,,,,,,,,1,1,0.3
8919557723bffff,,,,,,,,1,,0.2
8919562247bffff,,,,,,,,2,,0.4
89195814e33ffff,,,,,,,,1,,0.2
8919583902fffff,,,,,,,,1,,0.2
8919586198fffff,,,,,,,,1,,0.2
891958ad41bffff,,,,,,,,1,,0.2
89195946e67ffff,,,,,,,,1,1,0.3
8919594e253ffff,,,,,,,,2,,0.4
89195b09e7bffff,,,,,,,,1,,0.2
89195b44033ffff,,,,,,,,1,,0.2
89195b44437ffff,1,8,,,,,,3,,8.8
89195b7a93bffff,,,,,,,,2,,0.4
89195bd680fffff,,,,,,,,1,,0.2
89195c0590bffff,,,,,,,,1,,0.2
89195c471a7ffff,,,,,,,,1,,0.2
89195c75387ffff,,,,,,,,4,,0.8
89195cb664fffff,,,,,,,,1,,0.2
89195cd9b97ffff,,,,,,,,1,,0.2
89195d09b9bffff,,,,,,,,5,,1
89195d19c77ffff,,,,,,,,1,,0.2
89195d24a77ffff,,,,,,,,2,,0.4
89195d2ec6fffff,,,,,,,,1,,0.2
89195d36557ffff,,1,,,,,,1,,1.1
89195d3835bffff,,,,,,,,1,,0.2
89195d6d63bffff,1,,,,,,,2,,1.4
89195d7630bffff,,,,,,,,1,,0.2
89195da49dbffff,4,1,,1,,,,4,,6.5
89195da4ab3ffff,1,,,,,,,1,,1.2
89195da4d73ffff,1,,,,,,,1,1,1.3
89195da6ecbffff,,,,,,,,1,,0.2
89195daeeb7ffff,,,,,,,,1,,0.2
89195db0837ffff,,,,,,,,2,,0.4
89195db5e17ffff,,,,,,,,1,,0.2
89195dbadb3ffff,,,,,,,,1,1,0.3
891972745a7ffff,1,,,,,,,1,,1.2
89197275023ffff,,,,,,,,1,,0.2
89197335c93ffff,,,,,,,,1,1,0.3
89197665a77ffff,,,,,,,,1,,0.2
891976a914bffff,,,,,,,,1,1,0.3
8919720aacfffff,,,,,,,,,1,0.1
8919404eb2bffff,,,,,,,,,1,0.1
8919412986fffff,,,,,,,,,1,0.1
891942ab677ffff,,,,,,,,,1,0.1
89194adb467ffff,,,,,,,,,1,0.1
89195c0312bffff,,,,,,,,,1,0.1
89195d8a80fffff,,,,,,,,,3,0.3
89194e6dedbffff,,,,,,,,,1,0.1
89195a8d98bffff,,,,,,,,,1,0.1
89194a9b0abffff,1,1,,,,,,,1,2
8919598ca5bffff,1,,,,,,,1,,1.2
89195dac0c3ffff,1,,,,,,,,,1
89194eceb23ffff,,2,,,,,,,2,2
8919512f04fffff,,,,,,,,,1,0.1
89194aa105bffff,,,,,,,,,1,0.1
89182a31457ffff,1,,,,,,,,,1
89182c2d9afffff,1,,,,,,,,,1
89182e98bafffff,1,,,,,,,,,1
8919464f5a7ffff,1,,,,,,,2,,1.4
89182cab357ffff,1,,,,,,,,,1
8919422d497ffff,2,,,,,,,,,2
89194aca6b7ffff,1,,,,,,,,,1
89194edb14fffff,1,,,,,,,,,1
891959a9cb3ffff,1,,,,,,,,,1
89195c3a48bffff,1,,,,,,,,,1
891951b6183ffff,,,,1,,,,,,0.8
8918280ac03ffff,,1,,1,,,,1,,1.9
89182a7482fffff,,1,,,,,,1,,1.1
89182c16c57ffff,,1,,,,,,,,0.9
89182e6c2a3ffff,,2,,,,,,,,1.8
891909a6a4bffff,1,2,,,,,,,,2.8
89192b6ea27ffff,,1,,,,,,,,0.9
891941aca63ffff,,1,,,,,,,1,1
891942c4c93ffff,,1,,,,,,,,0.9
89194305eb7ffff,1,1,,,,,,,,1.9
8919485338bffff,1,2,,,,,,,,2.8
89194a1a44fffff,,1,,,,,,2,,1.3
89194aa1677ffff,,1,,,,,,,,0.9
89194ad0cabffff,,1,,,,,,,,0.9
89194e74d9bffff,,1,,,,,,,,0.9
89194ecaa6bffff,1,3,,,,,,,,3.7
891951b847bffff,,1,,,,,,,,0.9
891951d6523ffff,,1,,,,,,,,0.9
8919542c813ffff,,1,,,,,,,,0.9
8919556460bffff,,1,,,,,,,1,1
8919556730fffff,,1,,,,,,,,0.9
89195832b4fffff,1,1,,,,,,,,1.9
8919583934fffff,,1,,,,,,,,0.9
8919584c917ffff,,2,,,,,,,,1.8
8919586b493ffff,,1,,,,,,,1,1
89195873223ffff,,1,,,,,,1,,1.1
89195882e43ffff,,2,,,,,,,1,1.9
891959b9e27ffff,,1,,,,,,,,0.9
89195c00bcbffff,,1,,,,,,,,0.9
89195c0518fffff,1,2,,,,,,,,2.8
89195c08d63ffff,,1,,,,,,,1,1
89195c3140bffff,1,1,,,,,,1,,2.1
89195c3410fffff,,2,,,,,,,1,1.9
89195c3b217ffff,,1,,,,,,,,0.9
89195c4a9c7ffff,,2,,1,,,,1,,2.8
89195c5aaabffff,1,1,,,,,,,1,2
89195cc2e5bffff,,1,,,,,,,,0.9
89195da0d8bffff,,1,,,,,,,,0.9
89195da2587ffff,,1,,,,,,1,,1.1
89195da4483ffff,,1,,,,,,,,0.9
89195da487bffff,,1,,,,,,1,,1.1
89195da5693ffff,,1,,,,,,,,0.9
89195db0b03ffff,,2,,,,,,,,1.8
89195db8b73ffff,,1,,,,,,1,,1.1
89195dbb0cbffff,,2,,,,,,,,1.8
89195e8e40bffff,,1,,,,,,,,0.9
89197262cbbffff,,1,,,,,,,,0.9
8919768c807ffff,,1,,,,,,,,0.9
891823a65d7ffff,,,,,,,,,1,0.1
89182c146cfffff,,,,,,,,,1,0.1
89194205187ffff,,,,,,,,,1,0.1
8919424f577ffff,,,,,,,,,1,0.1
8919430c52bffff,,,,,,,,,1,0.1
89194326d4bffff,,,,,,,,,1,0.1
89194acc1a7ffff,,,,,,,,,1,0.1
89194e1a82bffff,,,,,,,,,1,0.1
891951b608bffff,,,,,,,,,1,0.1
891959b0b97ffff,,,,,,,,,1,0.1
891959b999bffff,,,,,,,,,1,0.1
89197242e4fffff,,,,,,,,,1,0.1
89194a72597ffff,,,,1,,,,,,0.8
891823422b7ffff,,,,,,,,,2,0.2
89194e69347ffff,,,,1,,,,,,0.8
89195169b17ffff,,,,1,,,,,1,0.9
89195981827ffff,,1,,1,,,,1,,1.9
89195d2c267ffff,,1,,1,,,,,1,1.8
89195d46da7ffff,,,,1,,,,,,0.8
89195dae3a7ffff,,,,1,,,,,,0.8
89194370277ffff,1,1,,,,,,,,1.9
89194a720a3ffff,,,,,,,1,,,0.78
89192b32e23ffff,,,,1,,,,,,0.8
89195862933ffff,,,,1,,,,,,0.8
89194853093ffff,,,,,,,,,1,0.1
89194e6d387ffff,,,,,,,,,1,0.1
89195180627ffff,,,,,,,,,1,0.1
89195bd6877ffff,,,,,,,,,1,0.1
89195d4538fffff,,,,,,,,,1,0.1
89194105a63ffff,,,,,,,1,,,0.78
89194ad22d7ffff,,,,,,,1,2,1,1.28
89194e52053ffff,,,,,,,1,,,0.78
8919512264fffff,,,,,,,1,,,0.78
89182c171abffff,1,,,,,,,1,,1.2
89182c6c48bffff,1,,,,,,,,,1
891909ae9b7ffff,1,,,,,,,,,1
8919423b323ffff,1,,,,,,,,,1
8919424f433ffff,1,,,,,,,,,1
89194a7a2d7ffff,1,,,,,,,,,1
89194aaa583ffff,1,,,,,,,,,1
89194ac2663ffff,3,,,,,,,,,3
89194e0919bffff,2,,,,,,,,,2
89195910957ffff,1,,,,,,,,,1
89195c3a807ffff,1,,,,,,,,,1
89195c55b27ffff,1,,,,,,,,,1
89195da1133ffff,1,,,,,,,,,1
8919727718fffff,1,,,,,,,,,1
8919768eabbffff,1,,,,,,,,,1
891943594afffff,,,,,,,,,1,0.1
89195dad9abffff,,,,,,,,,1,0.1
8909a42a2d7ffff,,,,,,,,,1,0.1
8909a686e2bffff,,,,,,,,,1,0.1
891821c1313ffff,,,,,,,,,1,0.1
89182501dbbffff,,,,,,,,,1,0.1
89182a89583ffff,,,,,,,,,1,0.1
89182d2e3d3ffff,,,,,,,,,1,0.1
891870d046fffff,,,,,,,,,1,0.1
89187463367ffff,,,,,,,,,1,0.1
8918746ebc3ffff,,,,,,,,1,1,0.3
89187476c87ffff,,,,,,,,,1,0.1
891874ac00fffff,,,,,,,,,1,0.1
891908000afffff,,,,,,,,,2,0.2
8919096e53bffff,,,,,,,,,1,0.1
891940428d7ffff,,,,,,,,,1,0.1
89194056453ffff,,,,,,,,,1,0.1
8919405b50bffff,,,,,,,,,1,0.1
89194160627ffff,,,,,,,,,1,0.1
8919417a373ffff,,,,,,,,,1,0.1
89194219363ffff,,,,,,,,,1,0.1
8919425696fffff,,,,,,,,,1,0.1
89194290507ffff,,,,,,,,,1,0.1
8919429550bffff,,,,,,,,,1,0.1
891942d6d97ffff,,,,,,,,,1,0.1
8919430313bffff,,,,,,,,,1,0.1
891943499a7ffff,,,,,,,,,1,0.1
891943ba227ffff,,,,,,,,,1,0.1
89194642e0fffff,,,,,,,,,1,0.1
89194647417ffff,,,,,,,,,1,0.1
89194a0d557ffff,,,,,,,,,1,0.1
89194a4e63bffff,,,,,,,,,1,0.1
89194a91b97ffff,,,,,,,,,1,0.1
89194ad9d5bffff,,,,,,,,,1,0.1
89194c49963ffff,,,,,,,,,1,0.1
89194e2f467ffff,,,,,,,,,1,0.1
89194e4d033ffff,,,,,,,,,1,0.1
89194e83223ffff,,,,,,,,,1,0.1
89194e8d2b7ffff,,,,,,,,,1,0.1
8919512550bffff,,,,,,,,,1,0.1
8919513aaafffff,,,,,,,,,1,0.1
8919520c5a7ffff,,,,,,,,,1,0.1
89195250a93ffff,,,,,,,,,1,0.1
891952523abffff,,,,,,,,,1,0.1
8919528d68fffff,,,,,,,,,1,0.1
891952d6e27ffff,,,,,,,,,1,0.1
8919552cc87ffff,,,,,,,,,1,0.1
89195546c83ffff,,,,,,,,,1,0.1
89195575d77ffff,,,,,,,,,1,0.1
891955d8cdbffff,,,,,,,,,1,0.1
8919589886bffff,,,,,,,,,1,0.1
891958a124fffff,,,,,,,,,1,0.1
89195a12a53ffff,,,,,,,,,1,0.1
89195a8f00fffff,,,,,,,,,1,0.1
89195b01b97ffff,,,,,,,,,1,0.1
89195b78273ffff,,,,,,,,,1,0.1
89195b87027ffff,,,,,,,,,1,0.1
89195b8f4d3ffff,,,,,,,,,1,0.1
89195bc0573ffff,,,,,,,,,1,0.1
89195c0f207ffff,,,,,,,,,1,0.1
89195c221bbffff,,,,,,,,,1,0.1
89195cac37bffff,,,,,,,,,1,0.1
89195cb6693ffff,,,,,,,,,1,0.1
89195cd1d2fffff,,,,,,,,1,1,0.3
89195d78237ffff,,,,,,,,,1,0.1
89195d9a66fffff,,,,,,,,,1,0.1
89195dcb66bffff,,,,,,,,,1,0.1
89195dda6bbffff,,,,,,,,,1,0.1
89195e22c23ffff,,,,,,,,,1,0.1
89195e36adbffff,,,,,,,,,1,0.1
89195e5b677ffff,,,,,,,,,1,0.1
89195e713cbffff,,,,,,,,,1,0.1
89195eae323ffff,,,,,,,,,1,0.1
89197329537ffff,,,,,,,,,1,0.1
89197335333ffff,,,,,,,,1,1,0.3
891973d0013ffff,,,,,,,,,1,0.1
89182c152a3ffff,,,,,,,,1,,0.2
89182e22b33ffff,,,,,,,,2,,0.4
8918748a23bffff,,,,,,,,1,,0.2
89194104d7bffff,,,,,,,,2,,0.4
89194246d33ffff,,,,,,,,1,,0.2
8919424c5c3ffff,,,,,,,,1,,0.2
891943c1517ffff,,,,,,,,1,,0.2
891948c19a3ffff,,,,,,,,1,,0.2
89194ad00b3ffff,,,,,,,,1,,0.2
89194ad014bffff,,,,,,,,1,,0.2
89194ad1057ffff,,,,,,,,1,,0.2
89194ad237bffff,,,,,,,,2,,0.4
89194ad2cdbffff,,,,,,,,1,,0.2
89194e1b22fffff,,,,,,,,1,,0.2
89194e536a3ffff,,,,,,,,1,,0.2
89194e62a8bffff,,,,,,,,1,,0.2
89194ec9a03ffff,,,,,,,,4,,0.8
891958648c3ffff,,,,,,,,1,,0.2
891959b1133ffff,,,,,,,,1,,0.2
891959d5bc3ffff,,,,,,,,1,,0.2
89195a1345bffff,,,,,,,,1,,0.2
89195aa768fffff,,,,,,,,1,,0.2
89195ab9ccbffff,,,,,,,,1,,0.2
89195d54b77ffff,,,,,,,,1,,0.2
89195d776cfffff,,,,,,,,1,,0.2
89194a4b58fffff,,,,,,,,1,,0.2
8918238ad57ffff,,,,,,,,,1,0.1
89182a3a54fffff,,,,,,,,,1,0.1
8919420f693ffff,,,,,,,,,1,0.1
891958854cfffff,,,,,,,,,1,0.1
891959b83b3ffff,,,,,,,,,2,0.2
89195d209c3ffff,,,,,,,,,1,0.1
891828c7377ffff,,,,,,,,1,,0.2
89182cab077ffff,,,,,,,,1,,0.2
89190899d97ffff,,,,,,,,1,,0.2
89194ad08cfffff,,,,,,,,1,,0.2
89194ad1d47ffff,,,,,,,,1,,0.2
89194e091c3ffff,,,,,,,,1,,0.2
89194e6819bffff,,,,,,,,1,,0.2
89194e68267ffff,,,,,,,,1,,0.2
89194ec9b5bffff,,,,,,,,1,,0.2
891951b4007ffff,,,,,,,,1,,0.2
891958393d3ffff,,,,,,,,1,,0.2
89195876cd7ffff,,,,,,,,1,,0.2
89195c05bb7ffff,,,,,,,,9,2,2
89195cadccfffff,,,,,,,,1,,0.2
89195d4893bffff,,,,,,,,1,,0.2
89195d6ec53ffff,,,,,,,,1,,0.2
8919720cb8fffff,,,,,,,,1,,0.2
8919416c693ffff,,,,,,,,,3,0.3
89195c96d5bffff,,,,,,,,,1,0.1
891909ac043ffff,,,,,,,,,1,0.1
89195806e6bffff,,,,,,,,,1,0.1
89195d67003ffff,,,,,,,,,1,0.1
89195930487ffff,,,,,,,,,1,0.1
89195c0c6a3ffff,,,,,,,,,1,0.1
89195c0cecfffff,,,,,,,,,1,0.1
89197264e13ffff,,,,,,,,,2,0.2
891805aa0abffff,1,,,,,,,,,1
891821d9b83ffff,1,,,,,,,,,1
89182ea9d4fffff,1,,,,,,,,,1
8919410ea03ffff,,,,,1,,,,,0.6
89194a0d43bffff,,,,,1,,,1,,0.8
89194a72187ffff,,9,,,6,,3,13,1,16.74
89194a7a543ffff,,,,,1,,,,,0.6
89194aa849bffff,,,,,1,,,,,0.6
89194e652b7ffff,2,,,,1,,,1,,2.8
891951803dbffff,,,,,1,,1,,,1.38
8919591a98bffff,,,,,1,,,,,0.6
8919597ac0fffff,,,,,1,,,,,0.6
89195c0594bffff,,1,,,3,,,8,,4.3
89195c1a2bbffff,,,,,1,,,,,0.6
89195da5b6fffff,2,,,,1,,,,,2.6
89195dd719bffff,,,,,1,,,,1,0.7
89197260163ffff,,,,,1,,,,1,0.7
892a4c140dbffff,,,,,1,,,1,,0.8
891823a0a4fffff,,,,,1,,,1,,0.8
89182c145c7ffff,,,,,1,,,,,0.6
8919435b227ffff,,,,,1,,,,,0.6
89194ad0517ffff,1,,,,1,,,,1,1.7
89194ad0e53ffff,2,2,,,2,,,4,2,6
89195b4089bffff,2,,,,1,,,4,,3.4
89195c1550fffff,,2,,1,1,,,5,1,4.3
89195cd1117ffff,3,2,,,1,,,10,,7.4
89195d824a7ffff,,3,,,3,,,11,2,6.9
89195d8aedbffff,,1,,,1,,,2,,1.9
89182e6c42bffff,3,1,,1,,,,1,1,5
891876a4807ffff,1,3,,,,,,12,1,6.2
891909ac677ffff,,,,,,,,1,,0.2
89194220bcfffff,,,,,,,,3,,0.6
891942546c3ffff,,,,,,,,4,2,1
89194358067ffff,,,,,,,,2,1,0.5
89194ad14afffff,,2,,,,,,6,,3
89195971547ffff,1,1,,,,,,3,1,2.6
89195b4442bffff,,2,,,,,,10,1,3.9
89195c95303ffff,,,,,,,,2,,0.4
89195da6ba7ffff,,,,,,,,1,1,0.3
891972765abffff,,,,,,,,4,1,0.9
89194376e8bffff,,1,,,,,2,,2,2.66
8919518034bffff,,,,,,,1,,,0.78
8919588c397ffff,,,,,,,1,,,0.78
89195c04467ffff,,,,,,,1,,,0.78
8919723925bffff,,,,,,,2,4,1,2.46
891952d6c7bffff,,,,,,,,,2,0.2
89195b7316bffff,2,3,,,,,,1,1,5
89190bd25cbffff,,,,,,,,,1,0.1
891951aac37ffff,,,,,,,,,1,0.1
8919543b06bffff,,,,,,,,,1,0.1
891954d1557ffff,,,,,,,,,1,0.1
8918212a39bffff,,,,,,,,1,,0.2
89182854383ffff,,,,,,,,1,,0.2
89182a3144fffff,,,,,,,,1,,0.2
89182a31453ffff,,,,,,,,1,,0.2
89182ac81a7ffff,,,,,,,,1,,0.2
89182c174b3ffff,2,,,,,,,5,1,3.1
89182c17687ffff,,,,,,,,1,,0.2
89182c8c03bffff,,,,,,,,1,,0.2
89182c8c22fffff,,,,,,,,1,,0.2
89182c8d807ffff,,,,,,,,1,,0.2
89182ca8007ffff,,,,,,,,1,,0.2
89182e6e357ffff,,,,,,,,2,1,0.5
8919082698bffff,,,,,,,,1,,0.2
89190940b0bffff,,,,,,,,1,,0.2
891909a5253ffff,,,,,,,,1,,0.2
891909a9c63ffff,,,,,,,,1,,0.2
89190d69e4bffff,,,,,,,,1,,0.2
89194105bdbffff,,,,,,,,1,,0.2
8919417604fffff,,1,,,,,,1,4,1.5
89194252553ffff,,1,,,,,,1,,1.1
8919427584fffff,,,,,,,,1,,0.2
891942c5d7bffff,1,7,,,,,1,11,4,10.68
8919434b263ffff,,,,,,,,1,,0.2
89194363107ffff,,,,,,,,1,,0.2
891948c1dd3ffff,,,,,,,,1,,0.2
89194a04d03ffff,,,,,,,,2,,0.4
89194a5a30fffff,,,,,,,,1,,0.2
89194a8320fffff,,1,,,,,,1,,1.1
89194acababffff,,,,,,,,1,,0.2
89194ad064bffff,,,,,,,,1,,0.2
89194ad1053ffff,,,,,,,,1,,0.2
89194ad1457ffff,,1,,,,,,2,,1.3
89194ad308bffff,,1,,,,,,10,,2.9
89194ad3417ffff,,,,,,,,1,,0.2
89194ad6c63ffff,,,,,,,,1,,0.2
89194ada49bffff,,,,,,,,2,,0.4
89194ada4b7ffff,,,,,,,,1,,0.2
89194e445dbffff,,,,,,,,1,,0.2
89194e49907ffff,,,,,,,,1,,0.2
89194e51e83ffff,,,,,,,,1,,0.2
89194e68843ffff,,,,,,,,1,,0.2
89194e68a6bffff,,,,,,,,1,,0.2
89194e6d647ffff,2,,,,,,,2,2,2.6
89194ec9b23ffff,1,1,,,,,,1,,2.1
8919512309bffff,,1,,,,,,1,,1.1
89195162163ffff,,,,,,,,1,,0.2
891951b685bffff,1,,,,,,,7,,2.4
89195272817ffff,,,,,,,,1,,0.2
8919528ee0bffff,,,,,,,,1,,0.2
89195432547ffff,,,,,,,,1,,0.2
8919580f06fffff,,,,,,,,1,,0.2
89195831257ffff,,,,,,,,1,,0.2
89195839037ffff,,,,,,,,2,,0.4
89195839267ffff,,,,1,,,,1,,1
891958393cfffff,1,1,,1,,,,3,1,3.4
8919584488bffff,,,,,,,,2,1,0.5
89195855863ffff,,,,,,,,1,,0.2
891958594a3ffff,,,,,,,,1,,0.2
8919586b4c7ffff,,,,,,,,1,,0.2
8919586e46bffff,,,,,,,,1,,0.2
8919587358bffff,,,,,,,,1,,0.2
89195876c43ffff,,,,,,,,1,,0.2
8919588554fffff,,,,,,,,2,,0.4
8919588556fffff,,,,,,,,1,,0.2
891959aa00fffff,1,3,,,,,,9,,5.5
891959aa257ffff,,,,,,,,1,2,0.4
891959b44afffff,1,1,,,,,,3,,2.5
891959b8d17ffff,,,,,,,,1,1,0.3
891959ba923ffff,1,1,,,,,,3,,2.5
89195ab2477ffff,,,,,,,,1,,0.2
89195ab748fffff,,,,,,,,2,,0.4
89195c0592bffff,,,,,,,,1,,0.2
89195c0cd23ffff,,,,,,,,1,,0.2
89195cc5177ffff,,,,,,,,1,,0.2
89195d20d33ffff,,,,,,,,1,,0.2
89195d8204fffff,,,,,,,,1,,0.2
89195da3193ffff,,2,,,,,,3,1,2.5
89195da4953ffff,,3,,,,,,2,1,3.2
89195da49abffff,,,,,,,,2,1,0.5
89195da49cfffff,,1,,,,,,2,1,1.4
89195da4b27ffff,,2,,,,,,3,,2.4
89195da6887ffff,,,,,,,,1,,0.2
89195dae30bffff,,,,,,,,1,,0.2
8919556406fffff,,,,,,,,,1,0.1
89195d2b56bffff,,,,,,,,,1,0.1
89182a02243ffff,,1,,,,,,2,1,1.4
891909a4cafffff,,,,,,,,,1,0.1
8919407214bffff,,,,,,,,,3,0.3
89194105dabffff,,,,,,,,,2,0.2
89194a01b23ffff,,,,,,,,,1,0.1
8919586b087ffff,,1,,,,,,,1,1
8919586b497ffff,,,,,,,,1,1,0.3
89195c3ac37ffff,,,,,,,,,1,0.1
8919727208bffff,,,,,,,,,1,0.1
891972cc46fffff,,,,,,,,,1,0.1
891973a8d5bffff,,,,,,,,,2,0.2
891976b95c3ffff,,,,,,,,,1,0.1
89182a3a487ffff,1,,,,,,,,1,1.1
89194ad0cafffff,,,,,,,,,2,0.2
891952d6ad3ffff,1,,,,,,,,,1
89182004c57ffff,,,,1,,,,,,0.8
891821ac10bffff,1,3,,1,,,,1,,4.7
89182c0e64fffff,,,,,,,,,1,0.1
89187476e07ffff,1,1,,,,,,,1,2
89194ad0937ffff,1,,,,,,,,1,1.1
89194ada553ffff,1,,,,,,,,,1
89194e2e60bffff,2,,,,,,,,,2
8919512b01bffff,1,,,,,,,,,1
89195912a27ffff,1,,,,,,,,,1
8919599a9afffff,1,,,,,,,,,1
89195d04d7bffff,1,,,,,,,,,1
89195d2f077ffff,2,,,,,,,,,2
89182173273ffff,1,,,,,,,,,1
89182c1760bffff,1,,,,,,,,,1
891901254d7ffff,1,,,,,,,,,1
89194359903ffff,2,,,,,,,,,2
891825013cbffff,,1,,,,,,,,0.9
8918280b067ffff,,1,,,,,,,,0.9
89182811c97ffff,,1,,,,,,1,,1.1
8918746f22bffff,,1,,,,,,,,0.9
8918748e3dbffff,,1,,,,,,,,0.9
8919092f247ffff,,1,,,,,,,,0.9
89192b681cbffff,,2,,,,,,,,1.8
8919420ed3bffff,,1,,,,,,,,0.9
891942116bbffff,,1,,,,,,,,0.9
891942a9867ffff,,1,,,,,,,,0.9
8919434dbbbffff,,1,,,,,,,,0.9
891943c8163ffff,,1,,,,,,1,,1.1
89194a90697ffff,,1,,,,,,,,0.9
89194ad1453ffff,,2,,,,,,1,,2
89194ad36d7ffff,,1,,,,1,,,,1.65
89194ad8ca7ffff,,1,,,,,,,,0.9
89194ad9903ffff,,1,,,,,,3,,1.5
89194e65ac3ffff,,1,,,,,,,,0.9
89194e6900fffff,,2,,,,,,,1,1.9
891951170bbffff,,1,,,,,,,,0.9
8919518b25bffff,,2,,,,,,,1,1.9
891951a134bffff,,1,,,,,,,,0.9
8919556b1d3ffff,,1,,,,,,1,1,1.2
89195839023ffff,,1,,,,,,,,0.9
891958710c3ffff,,1,,,,,,2,,1.3
8919587160bffff,,3,,,,,,,,2.7
891959731a7ffff,,1,,,,,,,,0.9
891959baac7ffff,,1,,,,,,,,0.9
89195ab6987ffff,,1,,,,,,,,0.9
89195b71193ffff,,1,,,,,,,,0.9
89195b8f397ffff,,1,,,,,,,,0.9
89195c0c687ffff,,1,,,,,,,,0.9
89195c0dd57ffff,,1,,,,,,,,0.9
89195cc03afffff,,1,,,,,,,,0.9
89195cc220bffff,,1,,,,,,,,0.9
89195ccb3dbffff,,1,,,,,,1,,1.1
89195da4a0fffff,,1,,,,,,,,0.9
89195dd46abffff,,2,,,,,,,,1.8
89195dd6287ffff,,1,,1,,,,,,1.7
89195e69e63ffff,,1,,,,,,1,1,1.2
891972740d3ffff,,1,,,,,,,,0.9
891973350d7ffff,,1,,,,,,,,0.9
89197335327ffff,,1,,,,,,,,0.9
891973a8a2fffff,,1,,,,,,,,0.9
891959a8847ffff,,,,,,1,,,,0.75
891825a4693ffff,,,,,,,,,2,0.2
89182a0226fffff,,,,,,,,,1,0.1
89182e30a47ffff,1,,,,,,,,1,1.1
89182eb4007ffff,,,,,,,,,1,0.1
89194e52cdbffff,,,,,,,,,1,0.1
891951a201bffff,,,,,,,,,1,0.1
89195899dabffff,,,,,,,,,1,0.1
89195cb71cfffff,,,,,,,,,1,0.1
89195dacc4fffff,,,,,,,,,2,0.2
89194364257ffff,,,,1,,,,,,0.8
89195b9667bffff,1,,,1,,,,3,1,2.5
89195dac85bffff,,,,1,,,,,,0.8
891801a4893ffff,,1,,,,,,,,0.9
891909aee87ffff,,1,,,,,,,,0.9
8919436360fffff,,1,,,,,,,1,1
89194a0d20bffff,,,,,,,4,,1,3.22
89194a0d2abffff,,,,,,,2,,,1.56
89194049387ffff,,,,,,,,,1,0.1
8919413568fffff,,,,,,,,,1,0.1
89194136687ffff,,,,,,,,,1,0.1
89194e68eb3ffff,,,,,,,,,1,0.1
89195c0eaa7ffff,,,,,,,,,1,0.1
89195da6e0fffff,,,,,,,,,2,0.2
89195dda41bffff,,,,,,,,,1,0.1
89197275633ffff,,,,,,,,,2,0.2
89190dad973ffff,,,,,,,1,,,0.78
891942751d3ffff,,,,,,,1,,,0.78
89182c168abffff,1,,,,,,,,,1
89194358c0bffff,1,,,,,,,,,1
891948c1883ffff,1,,,,,,,,,1
89194ac2a1bffff,1,,,,,,,,,1
89194ac310fffff,1,,,,,,,,,1
891951b6e4bffff,1,,,,,,,,,1
8919554615bffff,1,,,,,,,1,,1.2
8919584566fffff,1,,,,,,,,,1
89195ab6d93ffff,1,,,,,,,,,1
89195b6141bffff,1,,,,,,,,,1
89195c3a053ffff,1,,,,,,,,,1
89195d246a3ffff,1,,,,,,,,,1
89197274413ffff,1,,,,,,,,,1
8919727711bffff,1,,,,,,,,,1
89190924213ffff,,,,,,,,,1,0.1
89194a7963bffff,,,,,,,,,1,0.1
89182199c7bffff,,,,,,,,,1,0.1
8918242ce2fffff,,,,,,,,,1,0.1
8918250ad53ffff,,,,,,,,,1,0.1
89182e05ca3ffff,,,,,,,,,1,0.1
89187490117ffff,,,,,,,,,1,0.1
891875d2bdbffff,,,,,,,,,1,0.1
8919013a887ffff,,,,,,,,,1,0.1
8919082742bffff,,,,,,,,,1,0.1
891909a4e97ffff,,,,,,,,,1,0.1
89192c298cfffff,,,,,,,,,1,0.1
8919410402bffff,,,,,,,,,1,0.1
8919411a3d7ffff,,,,,,,,,1,0.1
8919412d28bffff,,,,,,,,,1,0.1
8919420cb97ffff,,,,,,,,,1,0.1
891942141c7ffff,,,,,,,,,1,0.1
8919428e0d7ffff,,,,,,,,,1,0.1
891942dae47ffff,,,,,,,,,1,0.1
891948cc8d3ffff,,,,,,,,1,1,0.3
89194a954a3ffff,,,,,,,,,1,0.1
89194e69937ffff,,,,,,,,,1,0.1
89194ec328fffff,,,,,,,,,1,0.1
891950b29cbffff,,,,,,,,,1,0.1
89195189d9bffff,,,,,,,,,1,0.1
89195195d37ffff,,,,,,,,,1,0.1
891951ab22bffff,,,,,,,,,1,0.1
891951b4327ffff,,,,,,,,,1,0.1
8919520ced3ffff,,,,,,,,,1,0.1
891952d63cfffff,,,,,,,,,1,0.1
89195575c4fffff,,,,,,,,,1,0.1
891956785dbffff,,,,,,,,,2,0.2
8919580dc93ffff,,,,,,,,,1,0.1
891958483a7ffff,,,,,,,,,1,0.1
891958b0557ffff,,,,,,,,,1,0.1
891958b9207ffff,,,,,,,,,1,0.1
891958d4943ffff,,,,,,,,,1,0.1
891959b6617ffff,,,,,,,,,1,0.1
89195a154afffff,,,,,,,,,1,0.1
89195b6142fffff,,,,,,,,,1,0.1
89195b6a983ffff,,,,,,,,,1,0.1
89195b6d38fffff,,,,,,,,,1,0.1
89195b6d563ffff,,,,,,,,,1,0.1
89195b6f3abffff,,,,,,,,,1,0.1
89195b72037ffff,,,,,,,,1,1,0.3
89195b842d7ffff,,,,,,,,1,1,0.3
89195b9b46fffff,,,,,,,,,1,0.1
89195c17533ffff,,,,,,,,,1,0.1
89195c7680bffff,,,,,,,,,1,0.1
89195caf51bffff,,,,,,,,,1,0.1
89195d211d7ffff,,,,,,,,,1,0.1
89195d89e9bffff,,,,,,,,,1,0.1
89195e3220fffff,,,,,,,,,1,0.1
89195e6c1b3ffff,,,,,,,,,1,0.1
89197239337ffff,,,,,,,,,1,0.1
89197325eb3ffff,,,,,,,,,1,0.1
8919732690fffff,,,,,,,,,1,0.1
891973ad3d3ffff,,,,,,,,,1,0.1
891976012cfffff,,,,,,,,,1,0.1
89182e98b23ffff,,,,,,,,3,,0.6
89194279653ffff,,,,,,,,1,,0.2
891942a3103ffff,,,,,,,,1,,0.2
891943d1c8bffff,,,,,,,,1,,0.2
8919465916fffff,,,,,,,,1,,0.2
891948582d3ffff,,,,,,,,1,,0.2
8919485b453ffff,,,,,,,,1,,0.2
89194a89e93ffff,,,,,,,,1,,0.2
89194ad136fffff,,,,,,,,1,,0.2
89194ad354bffff,,,,,,,,1,,0.2
89194ed0d37ffff,,,,,,,,1,,0.2
891951235dbffff,,,,,,,,1,,0.2
891952d6e1bffff,,,,,,,,1,,0.2
8919584e917ffff,,,,,,,,1,,0.2
891959a10dbffff,,,,,,,,1,,0.2
89194204e03ffff,,,,,,,,1,,0.2
891909af28fffff,,,,,,,,1,,0.2
891828c00afffff,,,,,,,,,1,0.1
89194e21417ffff,,,,,,,,,2,0.2
8919593223bffff,,,,,,,,,1,0.1
89195a562dbffff,,,,,,,,,1,0.1
89197322cb3ffff,,,,,,,,,1,0.1
891976b9473ffff,,,,,,,,,1,0.1
891825ace03ffff,,,,,,,,1,,0.2
891828cd493ffff,1,,,,,,,1,1,1.3
89182e586d7ffff,,,,,,,,1,,0.2
89190c8eb6fffff,,,,,,,,1,,0.2
89190d809a7ffff,,,,,,,,1,,0.2
8919422ec97ffff,,,,,,,,1,,0.2
89194841d27ffff,,,,,,,,1,,0.2
89194aa109bffff,,,,,,,,1,,0.2
89194aca1abffff,,,,,,,,1,2,0.4
89194ace667ffff,,,,,,,,1,,0.2
89194ada5d3ffff,,,,,,,,1,,0.2
89194e29b2fffff,,,,,,,,1,,0.2
89194e69db7ffff,,,,,,,,1,,0.2
89195110597ffff,,,,,,,,1,,0.2
8919512d283ffff,,,,,,,,1,,0.2
89195138e7bffff,,,,,,,,1,,0.2
8919528224fffff,,,,,,,,1,,0.2
89195823073ffff,,,,,,,,1,,0.2
89195839103ffff,,,,,,,,1,,0.2
8919586b517ffff,,,,,,,,2,,0.4
891958854a3ffff,,,,,,,,1,,0.2
891959ab3cfffff,,,,,,,,1,,0.2
891959b0833ffff,,,,,,,,1,,0.2
89195c4ad8fffff,,,,,,,,1,,0.2
89195d29387ffff,,,,,,,,1,,0.2
89197241147ffff,,,,,,,,1,,0.2
89197274233ffff,,,,,,,,1,,0.2
8919586b5c3ffff,,,,,,,,,1,0.1
89194e6dc9bffff,,,,,,1,,,,0.75
8919422cb33ffff,,,,,,,,,1,0.1
8919589ab3bffff,,,,,,,,,1,0.1
89190905c93ffff,,,,,,,,,1,0.1
89190d86353ffff,,,,,,,,,1,0.1
891942ab03bffff,,,,,,,,,1,0.1
89194a8e113ffff,,,,,,,,,1,0.1
89194e6d5cfffff,,,,,,,,,1,0.1
891952902c7ffff,,,,,,,,,1,0.1
8919587a157ffff,,,,,,,,,2,0.2
89195d8a967ffff,,,,,,,,,1,0.1
891954d90d3ffff,,,,1,,,,,,0.8
89182ac68cbffff,,,,,,,,,1,0.1
891828c518bffff,,,,,,,,,1,0.1
89195d28297ffff,1,,,,,,,,,1
89197290523ffff,1,,,,,,,,,1
891805b412fffff,,,,,,,,,1,0.1
891870d8897ffff,,,,,,,,,1,0.1
89180115643ffff,1,,,,1,,,1,2,2
8919416c603ffff,,,,,1,,,,1,0.7
8919421abb3ffff,,,,,1,,,,,0.6
89194853333ffff,,,,,1,,,,,0.6
89194ad32abffff,,,,,1,,,,1,0.7
89194ad664bffff,,1,,,2,,,1,1,2.4
89194e68a17ffff,,,,,1,,,,,0.6
8919518016bffff,,2,,,2,,1,4,1,4.68
89195db88a3ffff,,,,,1,,,,,0.6
8919723a063ffff,1,,,,1,,,,,1.6
89197272e7bffff,,,,,2,,,,,1.2
89197278033ffff,,,,,1,,,,1,0.7
8919768c81bffff,1,1,,,1,,,1,1,2.8
89182c1694bffff,1,,,,1,,,,,1.6
8918749550bffff,,,,,1,,,,,0.6
8919429a98bffff,,,,,1,,,2,,1
89194accb17ffff,,,,,1,,,1,,0.8
89194ad15bbffff,,1,,,1,,,4,,2.3
8919519ac7bffff,1,1,,,1,,2,2,4,4.86
8919590258fffff,,2,,,6,,,2,1,5.9
89195a158c7ffff,1,,,,1,,,1,,1.8
89195da1863ffff,,,,,1,,,1,,0.8
89182ca994fffff,1,,,,,,,2,,1.4
89194105a0fffff,,3,,4,,,,5,1,7
891942406dbffff,2,1,,,,,,6,2,4.3
8919435806bffff,,4,,,,,,5,,4.6
891943d0813ffff,,,,,,,,1,,0.2
891946523a7ffff,,,,,,,,1,,0.2
89194a905d3ffff,,,,,,,,1,,0.2
89194ad2a43ffff,,,,,,,,1,,0.2
89194ad3033ffff,,,,,,,,11,1,2.3
89194ad346bffff,,,,1,,1,,16,2,4.95
89194e6982bffff,,2,,,,,,11,,4
89195d16a3bffff,,,,,,,,4,,0.8
89195da3567ffff,,,,,,,,11,,2.2
89195da49d7ffff,,3,,,,,,9,,4.5
89195da5367ffff,,1,,,,,,1,,1.1
89197322c3bffff,,,,,,,,3,,0.6
8919518021bffff,,,,,,,1,,,0.78
89182e49193ffff,,,,,,,,,1,0.1
8919559564bffff,,,,,,,,,1,0.1
891801898c3ffff,1,,,,,,,3,,1.6
891801898cbffff,,,,,,,,4,1,0.9
891823b8637ffff,,,,,,,,1,,0.2
8918255a863ffff,1,1,,,,,,1,,2.1
89182a3a5c3ffff,,,,,,,,2,1,0.5
89182c129b7ffff,,,,,,,,1,,0.2
89182c17033ffff,,,,,,,,1,1,0.3
89182c83113ffff,,,,,,,,1,,0.2
89182c88c2bffff,,,,,,,,1,,0.2
89182c8ddd3ffff,,,,,,,,1,,0.2
89182c98dabffff,,,,,,,,1,,0.2
891909ac40bffff,1,1,,,,,,1,,2.1
8919420cbc3ffff,,,,,,,,1,,0.2
891942396d7ffff,,2,,,,,,2,1,2.3
8919428e6a3ffff,,,,,,,,1,,0.2
8919429a817ffff,,,,,,,,2,,0.4
891942c5e87ffff,2,1,,,,,,4,,3.7
891942cc2cbffff,1,,,,,,,1,1,1.3
8919434c347ffff,1,,,,,,,1,,1.2
89194359c4fffff,,,,,,,,1,,0.2
8919436a18bffff,1,1,,1,,,,1,1,3
8919484a66fffff,,,,,,,,1,,0.2
89194a069c3ffff,1,,,,,,,1,,1.2
89194a88b33ffff,1,2,,,,,,4,,3.6
89194ac964fffff,,,,,,,,1,,0.2
89194ac98a7ffff,,,,,,,,1,,0.2
89194ad1317ffff,,1,,,,,,2,,1.3
89194ad144fffff,,,,,,,,3,1,0.7
89194ad260fffff,1,,,,,,,1,,1.2
89194ad2ecbffff,,,,,,,,4,,0.8
89194ad3583ffff,,,,,,,,1,,0.2
89194ad70bbffff,,1,,,,,,3,1,1.6
89194ada507ffff,3,,,,,,,2,,3.4
89194c49b27ffff,,1,,,,,,2,1,1.4
89194e26a53ffff,,,,,,,,1,,0.2
89194e69a73ffff,,,,,,,,1,,0.2
89194ec9e67ffff,,,,,,,,1,,0.2
8919510c0c7ffff,2,,,,,,,1,,2.2
8919511650fffff,,,,,,,,1,,0.2
89195180b6fffff,,,,,,,,1,,0.2
89195184b7bffff,1,,,,,,,1,,1.2
891951894abffff,,,,,,,,1,,0.2
89195246cb7ffff,,,,,,,,1,1,0.3
89195249edbffff,,,,,,,,1,,0.2
89195305487ffff,,,,,,,,1,,0.2
89195545d4bffff,,,,,,,,1,,0.2
89195546153ffff,,1,,,,,,2,1,1.4
891955654cfffff,,1,,,,,,1,,1.1
891955b72cbffff,,,,,,,,2,2,0.6
8919580920fffff,1,,,,,,,8,3,2.9
8919580e477ffff,,,,,,,,1,,0.2
89195848eb3ffff,,,,,,,,1,1,0.3
891958595dbffff,,,,1,,,,2,,1.2
89195879b4fffff,,,,,,,,1,,0.2
891958b1a4fffff,,,,,,,,1,1,0.3
8919590e2a3ffff,,,,,,,,1,1,0.3
891959b4433ffff,,,,,,,,1,,0.2
89195b54c33ffff,,,,,,,,1,,0.2
89195bb4c07ffff,,,,,,,,1,,0.2
89195bc324bffff,,,,,,,,1,,0.2
89195c0415bffff,,,,,,,,1,,0.2
89195c3b103ffff,,1,,,,,,1,1,1.2
89195c8295bffff,,,,,,,,1,,0.2
89195c8e4c7ffff,,,,,,,,1,,0.2
89195d2ebb3ffff,1,1,,,,,,1,,2.1
89195d3512bffff,,,,,,,,1,1,0.3
89195d35b13ffff,,,,,,,,1,,0.2
89195d363d3ffff,,,,,,,,1,,0.2
89195d36483ffff,,,,,,,,1,,0.2
89195d465d3ffff,,,,,,,,1,,0.2
89195da4337ffff,1,,,,,,,4,,1.8
89195da68b7ffff,,,,,,,,1,,0.2
89195eca16bffff,,,,,,,,1,1,0.3
8919723040fffff,,,,,,,,1,,0.2
891972765cfffff,1,,,,,,,2,,1.4
8919763114bffff,,,,,,,,1,,0.2
89195cb4153ffff,,,,,,,,,1,0.1
89195d469b7ffff,,1,,,,,,,1,1
89194283637ffff,,,,,,,,,2,0.2
89194ada33bffff,,,,,,,,,1,0.1
89180196267ffff,,,,,,,,,1,0.1
891801a253bffff,,,,,,,,,1,0.1
8918280ac2bffff,,,,,,,,,1,0.1
8918280acc7ffff,,,,,,,,,1,0.1
89182a48bbbffff,,,,,,,,,1,0.1
891942184cfffff,,,,,,,,,1,0.1
891953af043ffff,,,,,,,,,1,0.1
891954c68dbffff,,,,,,,,,1,0.1
89195d2d527ffff,,,,,,,,,2,0.2
89195973327ffff,,,,,,,,,1,0.1
8919597332fffff,,,,,,,,,1,0.1
89182c8f0cbffff,1,,,,,,,,,1
8919407260bffff,,1,,,,,,1,2,1.3
8919584810fffff,,1,,,,,,,1,1
89195aa755bffff,,,,,,,,,1,0.1
89195ab5d4bffff,,,,,,,,,1,0.1
89194ad2ec3ffff,1,,,,,,,1,,1.2
891955d8eabffff,2,,,,,,,,,2
891959baa63ffff,2,1,,,,,,1,,3.1
89195d25d37ffff,1,,,,,,,,,1
89195da5373ffff,1,,,,,,,,,1
89195db698bffff,1,,,,,,,,,1
89182c17097ffff,1,,,,,,,1,,1.2
891909aee57ffff,1,,,,,,,,,1
89194276193ffff,1,,,,,,,,,1
89194ad057bffff,1,,,,,,,,1,1.1
89194e69893ffff,2,,,,,,,,,2
8919722b623ffff,2,,,,,,,,,2
89180534613ffff,,1,,,,,,,,0.9
89182c11887ffff,,2,,,,,,,,1.8
891940731c7ffff,,1,,,,,,,,0.9
891941ac6c3ffff,,1,,,,,,1,1,1.2
891942830cbffff,,1,,,,,,,,0.9
89194284543ffff,,1,,,,,,,,0.9
891942ce66fffff,,1,,,,,,,,0.9
891942d2393ffff,,1,,,,,,,,0.9
8919434dd53ffff,,1,,,,,,,,0.9
891948545bbffff,,2,,,,,,1,,2
89194aa867bffff,,1,,,,,,,,0.9
89194ace62bffff,1,1,,,,,,,,1.9
89194ad1bdbffff,,2,,,,,,,,1.8
89194e01227ffff,,1,,,,,,,,0.9
89194e2542bffff,1,2,,,,,,,1,2.9
89195123473ffff,1,1,,,,,,,,1.9
891951b62cbffff,,4,,,,,,,1,3.7
8919587a59bffff,,1,,,,,,1,2,1.3
8919587b5dbffff,1,1,,,,,,3,,2.5
89195882657ffff,,1,,,,,,,1,1
89195908a6bffff,1,1,,,,,,,1,2
891959aa457ffff,,1,,,,,,,,0.9
891959ab623ffff,,1,,,,,,,,0.9
891959d588fffff,,1,,,,,,,,0.9
89195b713a7ffff,,1,,,,,,,,0.9
89195c02143ffff,,1,,,,,,,,0.9
89195c20937ffff,,1,,,,,,,1,1
89195c3a2afffff,,1,,,,,,,1,1
89195c44457ffff,,1,,,,,,,,0.9
89195cc05b3ffff,,1,,,,,,,,0.9
89195d153d7ffff,,1,,,,,,,,0.9
89195d24a1bffff,,1,,,,,,,,0.9
89195d2dcafffff,,1,,,,,,2,,1.3
89195d48563ffff,,1,,,,,,,,0.9
89195d88c5bffff,,1,,,,,,,,0.9
89195da1d37ffff,,1,,,,,,,,0.9
89195da4067ffff,1,1,,,,,,2,,2.3
89195da4c37ffff,,1,,,,,,2,1,1.4
89195daa5bbffff,,1,,,,,,,,0.9
89195dae603ffff,,1,,,,,,,1,1
8919724dcafffff,,1,,,,,,,,0.9
891972705d7ffff,1,1,,,,,,,,1.9
891972ceecbffff,,1,,,,,,,,0.9
89182c163a7ffff,,,,,,,,1,1,0.3
891943b2a33ffff,,,,,,,,,1,0.1
89194ac1b43ffff,,,,,,,,,1,0.1
89194ac2a3bffff,,,,,,,,,1,0.1
89194ad64d3ffff,,,,,,,,1,1,0.3
89194e6609bffff,,,,,,,,,1,0.1
8919510502fffff,,,,,,,,,1,0.1
891951a8207ffff,,,,,,,,,1,0.1
8919543b507ffff,,,,,,,,,1,0.1
89195daccd7ffff,,,,,,,,,1,0.1
89195dad387ffff,,,,,,,,,1,0.1
8919720c90fffff,,,,,,,,,1,0.1
8918018446fffff,,,,1,,,,,,0.8
8919414a1a7ffff,,,,1,,,,,,0.8
891951b0313ffff,,,,1,,,,,,0.8
89195d2b547ffff,,,,1,,,,,,0.8
89182c1705bffff,,1,,,,,,,,0.9
89194a0d237ffff,,,,,,,1,,,0.78
891874ad0d7ffff,,,,,,,,,1,0.1
8919414f123ffff,,,,,,,,,1,0.1
891941acb53ffff,,,,,,,,,2,0.2
891942549dbffff,,,,,,,,,2,0.2
89194adb14bffff,,,,,,,1,1,,0.98
89182c8db63ffff,1,,,,,,,,,1
891942b0db3ffff,1,,,,,,,,,1
8919434f323ffff,1,,,,,,,,1,1.1
89194364e4fffff,1,,,,,,,,,1
8919462453bffff,1,,,,,,,,1,1.1
891946742c7ffff,1,,,,,,,,,1
89194ad31d3ffff,1,,,,,,,1,1,1.3
89194ec984fffff,1,,,,,,,,,1
891954d24cfffff,1,,,,,,,,,1
89195970647ffff,1,,,,,,,,,1
89195b8e293ffff,1,,,,,,,,1,1.1
89195c1a12bffff,1,,,,,,,,,1
89195cd0a43ffff,1,,,,,,,,,1
89195d31497ffff,1,,,,,,,,,1
89195d4c5afffff,1,,,,,,,,,1
891972766abffff,1,,,,,,,,,1
89197278393ffff,1,,,,,,,1,1,1.3
89197336643ffff,1,,,,,,,,,1
8919735b54fffff,1,,,,,,,,,1
89195da535bffff,,,,,,,,,1,0.1
89194305ab7ffff,,,1,,,,,,,0.7
8919587a0a7ffff,,,,,,,,,3,0.3
89182004c03ffff,,,,,,,,,1,0.1
8918218eb93ffff,,,,,,,,,1,0.1
891825a60b3ffff,,,,,,,,,1,0.1
89187438693ffff,,,,,,,,,1,0.1
89187468d87ffff,,,,,,,,,1,0.1
891901a11a7ffff,,,,,,,,,1,0.1
8919288f237ffff,,,,,,,,,1,0.1
89192b89e87ffff,,,,,,,,,1,0.1
89194072003ffff,,,,,,,,,1,0.1
891940d8343ffff,,,,,,,,,1,0.1
8919410e92bffff,,,,,,,,,1,0.1
8919410ed07ffff,,,,,,,,,1,0.1
89194132377ffff,,,,,,,,1,1,0.3
8919413a39bffff,,,,,,,,,1,0.1
891941666a7ffff,,,,,,,,,1,0.1
89194201da7ffff,,,,,,,,,1,0.1
89194206367ffff,,,,,,,,,1,0.1
891942071abffff,,,,,,,,,1,0.1
8919420ca2bffff,,,,,,,,,1,0.1
89194211b97ffff,,,,,,,,,1,0.1
89194239373ffff,,,,,,,,2,1,0.5
8919423b5afffff,,,,,,,,,1,0.1
89194262023ffff,,,,,,,,,1,0.1
8919429b297ffff,,,,,,,,,1,0.1
891942a7393ffff,,,,,,,,,1,0.1
891942ab6b3ffff,,,,,,,,,1,0.1
891942b24cbffff,,,,,,,,,1,0.1
891942b2a27ffff,,,,,,,,,1,0.1
891942c9943ffff,,,,,,,,,1,0.1
89194363327ffff,,,,,,,,,1,0.1
891943905c7ffff,,,,,,,,,1,0.1
89194650673ffff,,,,,,,,,1,0.1
8919466d1a7ffff,,,,,,,,,1,0.1
891946c9683ffff,,,,,,,,,1,0.1
89194a04c27ffff,,,,,,,,,1,0.1
89194a0551bffff,,,,,,,,,1,0.1
89194a450d3ffff,,,,,,,,,1,0.1
89194a53397ffff,,,,,,,,,1,0.1
89194ac2847ffff,,,,,,,,,1,0.1
89194c4848fffff,,,,,,,,,1,0.1
89194c5a5cfffff,,,,,,,,,1,0.1
89194e26a5bffff,,,,,,,,,1,0.1
89194e684c7ffff,,,,,,,,,1,0.1
89194e68ca7ffff,,,,,,,,,1,0.1
89194e9b49bffff,,,,,,,,,1,0.1
89194ecc86bffff,,,,,,,,,1,0.1
891951151d7ffff,,,,,,,,,1,0.1
891952d4897ffff,,,,,,,,,1,0.1
8919541922fffff,,,,,,,,,1,0.1
8919556504fffff,,,,,,,,,1,0.1
891955d0667ffff,,,,,,,,,1,0.1
8919580ee43ffff,,,,,,,,,1,0.1
8919582358bffff,,,,,,,,,1,0.1
891958288afffff,,,,,,,,,1,0.1
89195875a0fffff,,,,,,,,,1,0.1
8919587931bffff,,,,,,,,,1,0.1
891958d208bffff,,,,,,,,,1,0.1
891959b7683ffff,,,,,,,,,1,0.1
891959cdd07ffff,,,,,,,,,1,0.1
89195ba3143ffff,,,,,,,,,1,0.1
89195bb306fffff,,,,,,,,,1,0.1
89195c02363ffff,,,,,,,,,1,0.1
89195c04163ffff,,,,,,,,,1,0.1
89195c0c04bffff,,,,,,,,,1,0.1
89195c0e9cbffff,,,,,,,,,1,0.1
89195c4407bffff,,,,,,,,1,1,0.3
89195cab68fffff,,,,,,,,,1,0.1
89195d4ee2bffff,,,,,,,,,1,0.1
89195e6f00bffff,,,,,,,,,1,0.1
89195e7338fffff,,,,,,,,,1,0.1
8919720aad3ffff,,,,,,,,,1,0.1
8919733198bffff,,,,,,,,,1,0.1
891973348d3ffff,,,,,,,,,1,0.1
89197604e13ffff,,,,,,,,,1,0.1
89182a16447ffff,,,,,,,,1,,0.2
891874aeb33ffff,,,,,,,,1,,0.2
89192c62bdbffff,,,,,,,,1,,0.2
89194070207ffff,,,,,,,,1,,0.2
8919424c9d7ffff,,,,,,,,2,,0.4
89194291e2fffff,,,,,,,,1,,0.2
89194a4018bffff,,,,,,,,1,,0.2
89194ad1137ffff,,,,,,,,1,,0.2
891951b6343ffff,,,,,,,,1,,0.2
8919593a54bffff,,,,,,,,1,,0.2
89195992257ffff,,,,,,,,1,,0.2
891959d5d73ffff,,,,,,,,1,,0.2
89195a175b7ffff,,,,,,,,1,,0.2
89195ab995bffff,,,,,,,,1,,0.2
89195cb2567ffff,,,,,,,,1,,0.2
89195d2b0abffff,,,,,,,,1,,0.2
89195d2b1c7ffff,,,,,,,,2,,0.4
89195d2d303ffff,,,,,,,,1,,0.2
89195d57147ffff,,,,,,,,1,,0.2
89195da4c17ffff,,,,,,,,1,,0.2
89195ec847bffff,,,,,,,,1,,0.2
891946cda2fffff,,,,,,,,1,,0.2
89190892d77ffff,,,,,,,,,4,0.4
891959c7107ffff,,,,,,,,,1,0.1
891828b86bbffff,,,,,,,,1,,0.2
89187461d63ffff,,,,,,,,1,,0.2
891941af087ffff,,,,,,,,1,,0.2
891942c5277ffff,,,,,,,,1,,0.2
891942cdd93ffff,,,,,,,,1,,0.2
89194ab0377ffff,,,,,,,,1,,0.2
89194ad2523ffff,,,,,,,,1,,0.2
89194ad94afffff,,,,,,,,1,,0.2
89194e69b83ffff,,,,,,,,1,,0.2
89194e6d173ffff,,,,,,,,1,,0.2
8919556204bffff,,,,,,,,1,,0.2
89195817193ffff,,,,,,,,1,,0.2
8919584ee7bffff,,,,,,,,1,,0.2
89195a1588fffff,,,,,,,,1,,0.2
89195a22c8bffff,,,,,,,,1,,0.2
89195c11cd3ffff,,,,,,,,1,,0.2
89195d09acfffff,,,,,,,,1,,0.2
89195d1530bffff,,,,,,,,1,,0.2
89195d38227ffff,,,,,,,,1,,0.2
89195da6097ffff,,,,,,,,1,,0.2
8919724dc0bffff,,,,,,,,1,,0.2
89197278d93ffff,,,,,,,,1,,0.2
891948506d3ffff,,,,,,,,,1,0.1
891942a8217ffff,,,,,,,,,1,0.1
89194e60237ffff,,,,,,,,,1,0.1
89182e8de0bffff,,,,,,,,,1,0.1
89190978d0bffff,,,,,,,,,1,0.1
89195b61a73ffff,,,,,,,,,1,0.1
89187461ac7ffff,1,,,,,,,,,1
8919420906bffff,1,,,,,,,,,1
89197276377ffff,1,,,,,,,,,1
89182a3a0b7ffff,,,,,1,,,,,0.6
891909ac53bffff,,4,,,2,,,7,1,6.3
891909ac6bbffff,,,,,1,,,1,2,1
89194a7a19bffff,,,,,2,,,,1,1.3
89194ad3373ffff,,1,,,1,,,1,1,1.8
89194e64a73ffff,,,,,1,,,,1,0.7
89195104613ffff,,,,,2,,,2,,1.6
89195181dc3ffff,,,,,1,,,1,,0.8
891958271d3ffff,,1,,,1,,,1,,1.7
8919582756bffff,4,2,,,1,,,1,,6.6
89195904cb7ffff,2,1,,,4,,,1,1,5.6
8919591010bffff,,,,,1,,,,,0.6
89195915133ffff,,,,,1,,,1,1,0.9
89195917267ffff,,,,,1,,,,,0.6
891959a89dbffff,,,,,1,,,,1,0.7
891959b9a8fffff,1,2,,,1,,,3,,4
89195c2a0abffff,,1,,,2,,,,,2.1
89195ca2d4fffff,,,,,1,,,1,,0.8
89195da4e77ffff,,,,,1,,,,,0.6
89197276d17ffff,1,,,,2,,,,,2.2
89182a02247ffff,,1,,,1,,,1,,1.7
89182e58607ffff,1,,,,1,,3,3,2,4.74
89182e6c4cfffff,1,1,,,1,,1,6,2,4.68
891943ccb87ffff,,,,,1,,,,1,0.7
89194a0f593ffff,,,,,1,,,4,,1.4
89194a1a447ffff,1,3,,,2,,,9,2,6.9
89194e873abffff,,1,,,1,,,12,1,4
8919543b513ffff,,2,,,1,,,4,1,3.3
891955a9c57ffff,,,,,1,,,,,0.6
89195ab944bffff,,,,,1,,,,,0.6
89195dae127ffff,,,,,3,,,,,1.8
89195db245bffff,,1,,,1,,,,,1.5
89195db8b63ffff,,,,,1,,,,,0.6
8918284f613ffff,,,,,,,,1,,0.2
8918746aac3ffff,,,,,,,,2,,0.4
891909a411bffff,,,,,,,,1,,0.2
89194a72197ffff,1,2,,,,,4,7,1,7.42
89194ad302bffff,,,,,,,,3,1,0.7
8919588c01bffff,1,,,,,,,2,,1.4
89195da4d03ffff,1,2,,,,,,8,,4.4
89182e5b3afffff,,,,,,,1,,,0.78
89195180173ffff,,,,,,,3,,,2.34
891951803b7ffff,,1,,1,,,16,2,,14.58
891909a9063ffff,,,,,,,,,1,0.1
89195858cdbffff,,,,,,,,1,2,0.4
891828c057bffff,,,,,,,,1,,0.2
89182a2ac7bffff,,2,,,,,,3,,2.4
89182aad0cbffff,,,,,,,,1,,0.2
89182c173dbffff,,,,,,,,1,,0.2
89182c1743bffff,2,2,,,,,,7,,5.2
89182c6560fffff,,,,,,,,1,,0.2
89182c8db47ffff,3,,,,,,,1,,3.2
89182c8f183ffff,,,,,,,,1,,0.2
89182e752bbffff,2,,,,,,,1,,2.2
891870daa1bffff,,,,,,,,4,,0.8
89187416c2bffff,,,,,,,,3,,0.6
89187476e6fffff,,,,,,,,1,,0.2
891909071d7ffff,1,,,,,,,2,,1.4
891909ac0dbffff,2,1,,,,,,5,1,4
89190d85413ffff,,,,,,,,1,1,0.3
8919404289bffff,1,,,,,,,1,,1.2
891942552a7ffff,,2,,,,,,1,,2
891942cec0fffff,1,2,,,,,,3,,3.4
89194360d6bffff,,,,,,,,1,,0.2
891943a03afffff,,,,,,,,1,,0.2
89194a049c7ffff,,,,,,,,1,,0.2
89194a08983ffff,,,,,,,,5,2,1.2
89194aa108fffff,,,,,,,,1,,0.2
89194ac0c0fffff,1,1,,,,,,2,2,2.5
89194ad1407ffff,,,,,,,,2,1,0.5
89194ad22a3ffff,1,,,,,,,2,,1.4
89194ad3217ffff,,,,,,,,1,1,0.3
89194ad9d3bffff,,,,,,,,1,,0.2
89194ad9e63ffff,,,,,,,,1,,0.2
89194ada483ffff,,,,,,,,1,,0.2
89194c49b3bffff,,3,,,,,,1,,2.9
89194e0cc83ffff,,,,,,,,1,,0.2
89194e5355bffff,2,,,,,,,3,,2.6
89194e65a7bffff,,,,,,,,1,,0.2
89194e783afffff,,,,,,,,1,,0.2
89194e8cd8bffff,,,,,,,,1,,0.2
891951a6167ffff,1,,,,,,,2,1,1.5
891951b7087ffff,,,,,,,,2,,0.4
891951b7343ffff,,,,,,,,1,,0.2
891951d4d2fffff,,1,,,,,,1,,1.1
891953070a7ffff,,,,,,,,2,,0.4
891953ae4b7ffff,,,,,,,,1,,0.2
89195546c97ffff,,,,,,,,1,,0.2
891955622b3ffff,,,,,,,,2,,0.4
8919581696bffff,,,,,,,,1,,0.2
891958a75d7ffff,1,2,,,,,,4,,3.6
89195979913ffff,,,,,,,,1,,0.2
8919597a3c7ffff,1,,,,,,,1,1,1.3
8919597b233ffff,,,,,,,,1,1,0.3
89195994e2bffff,,,,,,,,1,,0.2
891959aa283ffff,,,,,,,,1,,0.2
891959b80a3ffff,,,,,,,,1,,0.2
89195b7334bffff,,,,,,,,1,,0.2
89195c05187ffff,,3,,,,,,1,,2.9
89195c11817ffff,,,,,,,,1,,0.2
89195c47617ffff,,,,,,,,1,1,0.3
89195cb0a23ffff,,,,,,,,1,,0.2
89195d271b7ffff,,,,,,,,1,,0.2
89195d30493ffff,,4,,,,,,3,,4.2
89195d45023ffff,,,,,,,,1,,0.2
89195d4502bffff,1,,,,,,,1,,1.2
89195d451cbffff,,,,,,,,1,,0.2
89195da5a17ffff,,,,,,,,1,,0.2
89195da68a7ffff,,,,,,,,1,,0.2
89195da6e4bffff,,,,,,,,2,,0.4
89195dadba7ffff,,1,,,,,,2,,1.3
89195db2443ffff,,,,,,,,1,,0.2
89195e0a677ffff,,,,,,,,2,1,0.5
8919720193bffff,,,,,,,,2,,0.4
8919720b39bffff,,,,,,,,1,,0.2
8919724c0d3ffff,,,,,,,,1,,0.2
89197260513ffff,,,,,,,,1,,0.2
89197270d8bffff,,,,,,,,1,,0.2
8919728842fffff,,1,,,,,,3,1,1.6
8919728a467ffff,,,,,,,,1,,0.2
8919732e68bffff,,,,,,,,1,,0.2
8919733538fffff,,1,,,,,,8,,2.5
891973ade27ffff,,1,,,,,,1,,1.1
891976bb2d7ffff,,4,,,,,,5,,4.6
89195cd11b3ffff,2,2,,,,,,1,1,4.1
89195dae567ffff,,1,,,,,,,1,1
89182aa7157ffff,,,,,,,,1,1,0.3
89190135c33ffff,,,,,,,,,1,0.1
89194359943ffff,,,,,,,,,1,0.1
89194a5b2c7ffff,,,,,,,,,1,0.1
89194adb0cbffff,1,,,,,,,,3,1.3
89194adb2b3ffff,,,,,,,,,3,0.3
89195096a27ffff,,,,,,,,,1,0.1
891954da52bffff,,,,,,,,,1,0.1
89195d2001bffff,,,,,,,,,1,0.1
89195da4cc7ffff,,,,,,,,,1,0.1
89195e713d3ffff,,,,,,,,,1,0.1
8919733154bffff,,,,,,,,,1,0.1
89182c12dafffff,,,,,,,,1,1,0.3
89195c753d7ffff,,,,,,,,,1,0.1
89182e56347ffff,1,,,,,,,,,1
89194261aa7ffff,1,,,,,,,,,1
89195d098a3ffff,,,,,,,,,1,0.1
89197208803ffff,,,,,,,,,1,0.1
89197276387ffff,,,,,,,,,1,0.1
8918230f553ffff,1,,,,,,,1,,1.2
89182c17547ffff,1,1,,,,,,2,,2.3
8919296dd93ffff,2,,,,,,,1,1,2.3
8919426a603ffff,2,1,,1,,,,,,3.7
891951b5d47ffff,1,,,,,,,,,1
89195b40c6fffff,1,4,,,,,,1,,4.8
89195b44477ffff,1,2,,,,,,1,,3
89195c34003ffff,2,,,,,,,,,2
89195dbad87ffff,1,,,,,,,4,,1.8
891972775b7ffff,1,1,,,,,,,,1.9
89182c16ccbffff,2,,,,,,,,,2
89194ac33cfffff,1,,,,,,,,,1
89194e69ab7ffff,1,,,,,,,,,1
89194e759dbffff,2,,,,,,,,,2
891951853afffff,1,,,,,,,,,1
891959733bbffff,1,,,,,,,,,1
891972a83d7ffff,1,,,,,,,,,1
89194254827ffff,,,,,,,,,1,0.1
89192b6c1bbffff,,,,,,,,1,1,0.3
8918280ac67ffff,,1,,,,,,,,0.9
89182c8da73ffff,,1,,,,,,,,0.9
89182c8dc6fffff,,1,,,,,,,,0.9
89182eb5ca7ffff,,1,,,,,,1,2,1.3
891909a53b3ffff,,1,,,,,,1,,1.1
8919414642bffff,,1,,,,,,,,0.9
8919421914bffff,,1,,,,,,,,0.9
8919423b68fffff,,1,,,,,,,,0.9
8919426b693ffff,,2,,,,,,,,1.8
8919433b597ffff,,1,,,,,,,,0.9
89194358a2bffff,,1,,,,,,,,0.9
8919465137bffff,,1,,,,,,,1,1
891948c0a5bffff,,1,,,,,,,,0.9
89194ada60bffff,,1,,1,,,,,,1.7
89194adb38bffff,,1,,,,,,,,0.9
89194e00a63ffff,,1,,,,,,,,0.9
89194e39a5bffff,,1,,,,,,,,0.9
89194e69a3bffff,,2,,,,,,1,,2
89194e6d66fffff,,1,,,,,,1,,1.1
89194e7436fffff,,1,,,,,,4,1,1.8
89194e7b577ffff,,1,,1,,,,,1,1.8
8919512f2a3ffff,,1,,,,,,2,,1.3
89195131213ffff,,1,,,,,,,1,1
8919518f307ffff,,1,,,,,,,,0.9
891951a2da7ffff,,1,,,,,,,,0.9
891951ba9b7ffff,,1,,,,,,,,0.9
891952d6a87ffff,,1,,,,,,,,0.9
89195306edbffff,,1,,,,,,,,0.9
89195839e8bffff,,2,,,,,,,,1.8
891958a75c7ffff,,1,,,,,,,,0.9
89195910197ffff,,2,,,,,,,,1.8
89195910833ffff,,1,,,,,,,,0.9
89195912b93ffff,,2,,,,,,,,1.8
891959aa54bffff,,2,,,,,,,1,1.9
891959b0d63ffff,,1,,,,,,,,0.9
891959d935bffff,,2,,,,,,,,1.8
89195bc4e8bffff,,1,,,,,,,,0.9
89195bc4e8fffff,,1,,,,,,,,0.9
89195c391a3ffff,,1,,,,,,,,0.9
89195c95c5bffff,,1,,,,,,,,0.9
89195cd118bffff,1,1,,,,,,,,1.9
89195d290abffff,,1,,,,,,,,0.9
89195d2b137ffff,1,1,,,,,,,,1.9
89195d2b1dbffff,,1,,,,,,,,0.9
89195d2ee4fffff,,4,,,,,,2,,4
89195d34237ffff,,2,,,,,,,,1.8
89195d698dbffff,,1,,,,,,,1,1
89195daee4bffff,,1,,,,,,,,0.9
89195db4823ffff,,1,,,,,,1,1,1.2
89195dd7347ffff,,1,,,,,,,,0.9
8919726f68fffff,,1,,,,,,,,0.9
891972cc18fffff,,1,,,,,,1,,1.1
89182a91d8fffff,,,,,,,,,1,0.1
89182aae543ffff,,,,,,,,,1,0.1
891909c9cc7ffff,,,,,,,,,1,0.1
8919422c5a7ffff,,,,,,,,,1,0.1
8919424e317ffff,,,,,,,,,1,0.1
8919436239bffff,,,,,,,,,1,0.1
89194a0b21bffff,,,,,,,,,1,0.1
89194e85483ffff,1,,,,,,,,2,1.2
8919512b4a3ffff,,,,,,,,,1,0.1
891959ba90bffff,,,,,,,,,2,0.2
89195c0f58bffff,,,,,,,,,1,0.1
89195da4b57ffff,,,,,,,,,1,0.1
89195da62c3ffff,,,,,,,,1,1,0.3
89195dac2a3ffff,,,,,,,,,1,0.1
8919723932fffff,,,,,,,,,1,0.1
891942d084fffff,,,,,,,,,1,0.1
89197316b8fffff,,,,,,,,,1,0.1
89195ca946fffff,,,,,,,,1,,0.2
891951b7607ffff,,,,1,,,,,,0.8
8919424cc77ffff,,,,,,,,,1,0.1
8919427940bffff,,,,,,,,,1,0.1
89194283457ffff,,,,,,,,,1,0.1
89195caa98fffff,,,,,,,,,1,0.1
89190129577ffff,,,,,,,1,,,0.78
89194856e5bffff,,,,,,,1,,,0.78
89182c0aaa3ffff,1,,,,,,,,,1
891942cce5bffff,1,,,,,,,,,1
89194e0c60fffff,1,,,,,,,,,1
89194e0e23bffff,1,,,,,,,,,1
89194e68a63ffff,1,,,,,,,,,1
8919527a973ffff,1,,,,,,,,,1
891958b926bffff,1,,,,,,,,,1
89195901a8fffff,1,,,,,,,,1,1.1
89195c0c1c3ffff,1,,,,,,,,,1
89195cc0537ffff,1,,,,,,,,,1
89195cd9b9bffff,1,,,,,,,1,1,1.3
89195d75c93ffff,1,,,,,,,1,,1.2
89195da8edbffff,1,,,,,,,1,,1.2
89197230403ffff,1,,,,,,,,,1
891972761cbffff,1,,,,,,,1,1,1.3
8919733660bffff,1,,,,,,,,,1
89197664a37ffff,1,,,,,,,,,1
8919428e62fffff,,,1,,,,,,,0.7
89195b46e03ffff,,,1,,,,,,,0.7
89194351cc3ffff,,,,,,,,,1,0.1
8919435837bffff,,,,,,,,,1,0.1
89182566dd7ffff,,,,,,,,,1,0.1
89182567677ffff,,,,,,,,,1,0.1
891875d0a47ffff,,,,,,,,,1,0.1
8919400da27ffff,,,,,,,,,1,0.1
89194044067ffff,,,,,,,,,1,0.1
8919407b64bffff,,,,,,,,,1,0.1
89194104dcbffff,,,,,,,,,1,0.1
891941560bbffff,,,,,,,,,1,0.1
891941622cbffff,,,,,,,,,1,0.1
89194202303ffff,,,,,,,,,1,0.1
8919420ce0fffff,,,,,,,,,1,0.1
891942569afffff,,,,,,,,,1,0.1
891942841afffff,,,,,,,,,1,0.1
891942a1d6fffff,,,,,,,,,1,0.1
891942b36cbffff,,,,,,,,,1,0.1
891942c8b73ffff,,,,,,,,,1,0.1
891942cdca3ffff,,,,,,,,,1,0.1
89194a0605bffff,,,,,,,,,1,0.1
89194ad0ab3ffff,,,,,,,,,2,0.2
89194ad2223ffff,,,,,,,,,1,0.1
89194c58953ffff,,,,,,,,1,1,0.3
89194e6aa0fffff,,,,,,,,,1,0.1
89194e84d07ffff,,,,,,,,,1,0.1
89194ed9e67ffff,,,,,,,,,1,0.1
89195102d4fffff,,,,,,,,,1,0.1
891951062a7ffff,,,,,,,,,1,0.1
891951070dbffff,,,,,,,,,1,0.1
891951b2c37ffff,,,,,,,,,1,0.1
89195202667ffff,,,,,,,,,1,0.1
8919520ae03ffff,,,,,,,,,1,0.1
8919524312fffff,,,,,,,,,1,0.1
891952cd0b7ffff,,,,,,,,,1,0.1
891952d45d3ffff,,,,,,,,,1,0.1
891955d8cd7ffff,,,,,,,,,1,0.1
891958062afffff,,,,,,,,,1,0.1
89195807223ffff,,,,,,,,,1,0.1
891958383cfffff,,,,,,,,,1,0.1
8919586b55bffff,,,,,,,,,1,0.1
89195887377ffff,,,,,,,,,1,0.1
891958b0a9bffff,,,,,,,,,1,0.1
891958c2943ffff,,,,,,,,,1,0.1
891959141a7ffff,,,,,,,,,1,0.1
89195914d43ffff,,,,,,,,,1,0.1
89195ab4d13ffff,,,,,,,,,1,0.1
89195b46363ffff,,,,,,,,,1,0.1
89195b788c3ffff,,,,,,,,,1,0.1
89195c0353bffff,,,,,,,,,1,0.1
89195c0c64fffff,,,,,,,,,1,0.1
89195c0cd93ffff,,,,,,,,,1,0.1
89195c1488fffff,,,,,,,,,1,0.1
89195c234b7ffff,,,,,,,,,1,0.1
89195c39527ffff,,,,,,,,,1,0.1
89195c7160bffff,,,,,,,,,1,0.1
89195cadda7ffff,,,,,,,,,1,0.1
89195d8598bffff,,,,,,,,,1,0.1
891972cc10fffff,,,,,,,,,1,0.1
89197310acfffff,,,,,,,,,1,0.1
891973134cfffff,,,,,,,,,1,0.1
89197325b9bffff,,,,,,,,,1,0.1
8919768c8c7ffff,,,,,,,,,1,0.1
89180189e27ffff,,,,,,,,1,,0.2
89182c0984fffff,,,,,,,,1,,0.2
89182cab057ffff,,,,,,,,1,,0.2
891946391dbffff,,,,,,,,1,,0.2
89194ad0d13ffff,,,,,,,,2,,0.4
89194e6d5c7ffff,,,,,,,,1,,0.2
891951b6aa3ffff,,,,,,,,1,,0.2
891958420abffff,,,,,,,,1,,0.2
891958462b3ffff,,,,,,,,1,,0.2
8919584adcbffff,,,,,,,,1,,0.2
8919587b4abffff,,,,,,,,1,,0.2
891959b9177ffff,,,,,,,,1,,0.2
89195a11863ffff,,,,,,,,1,,0.2
89195aaa857ffff,,,,,,,,2,,0.4
89195ab68b7ffff,,,,,,,,1,,0.2
89195c0d843ffff,,,,,,,,1,,0.2
89195c62e77ffff,,,,,,,,1,,0.2
89195c82dcfffff,,,,,,,,1,,0.2
89195d204b7ffff,,,,,,,,1,,0.2
89195d2b383ffff,,,,,,,,1,,0.2
89195db2a53ffff,,,,,,,,1,,0.2
89194210c53ffff,,,,,,,,1,,0.2
891942765abffff,,,,,,,,1,,0.2
89195805847ffff,,,,,,,,1,,0.2
8919720c68fffff,,,,,,,,1,,0.2
89182e82217ffff,,,,,,,,,1,0.1
89194a91b8bffff,,,,,,,,,1,0.1
89194ad01dbffff,,,,,,,,,1,0.1
89194e21413ffff,,,,,,,,,1,0.1
89195da6e13ffff,,,,,,,,,5,0.5
891825ba65bffff,,,,,,,,1,,0.2
89182ab9373ffff,,,,,,,,1,,0.2
89182e98b33ffff,,,,,,,,2,,0.4
8918743834bffff,,,,,,,,1,,0.2
89190898cabffff,,,,,,,,1,,0.2
89194075c77ffff,,,,,,,,1,,0.2
89194ad2297ffff,,,,,,,,3,,0.6
89194ada3a7ffff,,,,,,,,3,1,0.7
89194e25467ffff,,,,,,,,1,,0.2
89194edb327ffff,,,,,,,,1,,0.2
89195195d2bffff,,,,,,,,2,,0.4
891951b667bffff,,,,,,,,1,,0.2
8919580c813ffff,,,,,,,,1,,0.2
89195816d83ffff,,,,,,,,1,,0.2
8919588732bffff,,,,,,,,1,,0.2
8919590d46fffff,,,,,,,,1,,0.2
8919591025bffff,,,,,,,,1,,0.2
891959cdd97ffff,,,,,,,,2,,0.4
89195d2cc33ffff,,,,,,,,1,,0.2
89195d65027ffff,,,,,,,,1,,0.2
89195da6877ffff,,,,,,,,1,,0.2
891972b9057ffff,,,,,,,,1,,0.2
892a4c14463ffff,,,,,,,,1,,0.2
89182aad68fffff,,,,1,,,,,,0.8
89195990e67ffff,,,,,,,,,1,0.1
89194219143ffff,,,,,,1,,,,0.75
89194ad8c3bffff,1,,,,,,,,1,1.1
89194e61e83ffff,,,,,,,,,1,0.1
891959168a7ffff,,,,,,,,,1,0.1
8919736f237ffff,,,,,,,,,1,0.1
8919422cd33ffff,1,,,,,,,,,1
89194ace04bffff,1,,,,,,,,,1
89194ace5c3ffff,1,,,,,,,,,1
891942ce677ffff,,,,,,,,,1,0.1
89182e58653ffff,,,,,3,,4,,,4.92
89182e9314fffff,,,,,1,,,,,0.6
891909accdbffff,1,1,,,1,,,2,2,3.1
891909af44fffff,,,,,1,,,,,0.6
89192b6cc1bffff,,,,,1,,,,,0.6
89192b74883ffff,,,,,1,,,,,0.6
891940720afffff,,,,,1,,,,,0.6
891942d202fffff,,,,,1,,,,,0.6
891946562cbffff,,,,,1,,,,,0.6
89194a08b9bffff,1,,,,2,,,,,2.2
89194a88847ffff,,,,1,1,,,,,1.4
89194ad0407ffff,,2,,,1,,1,9,2,5.18
89194ad05c7ffff,1,,,,1,,,,,1.6
89194ad2a4fffff,,1,,,1,,2,,,3.06
89194ad88c7ffff,,,,,1,,,,4,1
89194e4dbd3ffff,,,,,1,,,,1,0.7
89195904ca3ffff,,5,,1,9,,,7,,12.1
89195932277ffff,,,,,2,,,1,,1.4
891959b80a7ffff,,,,,3,,,,,1.8
891959b99abffff,,3,,,1,,,,1,3.4
891959b9d1bffff,,,,,1,,,,,0.6
89195c0ea73ffff,,,,,2,,,,2,1.4
89195ca5983ffff,1,,,,1,,,2,2,2.2
89195d88b2bffff,,,,,1,,,,,0.6
891972390b3ffff,1,,,,1,,,,,1.6
89197274637ffff,,,,,1,,,1,,0.8
891972cc183ffff,2,3,,,6,,,4,1,9.2
89197325667ffff,,,,,1,,,,,0.6
8918233a8c7ffff,,,,,1,,,,,0.6
89182a3b00fffff,,,,,1,,,1,,0.8
89194305d07ffff,,1,,,1,,,,,1.5
891943bb27bffff,,,,,1,,,,,0.6
8919484a043ffff,1,3,,,4,,,2,1,6.6
89194ad34afffff,,,,,1,,,4,,1.4
891951b338bffff,,,,,1,,,1,,0.8
8919586b4b3ffff,,,,,1,,,13,,3.2
89195c25457ffff,,,,,2,,,3,,1.8
89195c95b47ffff,,1,,,1,,,,,1.5
89195da5447ffff,,,,,1,,,3,1,1.3
8919727650fffff,,1,,,2,,,11,,4.3
89197324057ffff,3,5,,,2,,,2,2,9.3
891909b8bcbffff,,,,,,,,2,,0.4
89190b3448fffff,,,,,,,,1,,0.2
8919420c973ffff,,,,,,,,5,,1
8919423968bffff,,,,,,,1,4,,1.58
891942912d3ffff,2,2,,,,,,2,,4.2
8919435ae93ffff,,,,,,,,1,,0.2
89194ac1c8bffff,,,,,,,,1,1,0.3
89194ad04abffff,,1,,,,,,3,1,1.6
89194ad11c3ffff,,,,,,,1,4,1,1.68
89194ad324bffff,,1,,,,,,12,,3.3
891951b7573ffff,,,,,,,1,3,,1.38
89195970497ffff,1,2,,1,,,,9,1,5.5
89195971003ffff,,1,,,1,,,2,,1.9
89195aba14fffff,,,,,,,,1,,0.2
89195cada6fffff,,,,,,,,1,,0.2
8919720cb87ffff,,1,,,,,,18,,4.5
891972761c3ffff,,,,,,,,3,,0.6
89197279e83ffff,,,,,,,,4,1,0.9
891943d022fffff,,,,,,,2,,,1.56
891951803abffff,,,,,,,2,,,1.56
89195d09bd7ffff,,,,,,,1,1,,0.98
89182aad637ffff,,,,,,,,,1,0.1
891909acc4bffff,,,,,,,,,1,0.1
89195838267ffff,,,,,,,,,1,0.1
891821228cfffff,,,,,,,,1,,0.2
891825ba113ffff,,,,,,,,1,,0.2
89182a9097bffff,1,,,,,,,2,,1.4
89182c10dabffff,,,,,,,,1,,0.2
89182c14037ffff,,,,,,,,1,,0.2
89182c16393ffff,2,1,,,,,,3,1,3.6
89182c16e83ffff,,,,,,,,2,,0.4
89182c17197ffff,,,,,,,,2,,0.4
89182c1744fffff,,,,,,,,2,,0.4
89182ca8343ffff,,,,,,,,1,,0.2
8918746ea33ffff,,1,,,,,,3,,1.5
89187476627ffff,,,,,,,,1,1,0.3
891874ac16fffff,,,,,,,,1,,0.2
891874ae633ffff,,,,,,,,1,,0.2
8919092c497ffff,,,,,,,,1,,0.2
89190932e23ffff,1,,,,,,,1,,1.2
89190d9400bffff,,,,,,,,1,,0.2
8919282a0cbffff,,3,,,,,,1,,2.9
89192c603a7ffff,,,,,,,,1,,0.2
891941208abffff,,,,,,,,1,,0.2
891942210bbffff,,,,,,,,1,1,0.3
8919427a22bffff,1,3,,,,,,2,1,4.2
8919429a80bffff,,,,,,,,1,,0.2
8919429a903ffff,,,,,,,,2,,0.4
89194365683ffff,,,,,,,,1,,0.2
8919467831bffff,,1,,,,,,2,1,1.4
891948192c7ffff,,,,,,,,1,,0.2
891948545b3ffff,,,,,,,,2,,0.4
89194855a0fffff,,,,,,,,4,,0.8
891948cc617ffff,1,1,,,,,,2,1,2.4
89194a0a007ffff,,,,,,,,1,,0.2
89194a72227ffff,,,,,,,,1,,0.2
89194a9a403ffff,,,,,,,,1,,0.2
89194aca5a7ffff,,,,,,,,1,2,0.4
89194ad0277ffff,,,,,,,,1,1,0.3
89194ad132fffff,,,,,,,,1,,0.2
89194ad13cfffff,,,,,,,,1,,0.2
89194ad1473ffff,,1,,,,,,1,1,1.2
89194ad1603ffff,,1,,,,,,1,,1.1
89194ad311bffff,,1,,,,,,4,,1.7
89194ad3423ffff,,,,,,,,1,,0.2
89194ad3477ffff,,,,,,,,3,,0.6
89194ad363bffff,,,,1,,,,1,,1
89194e0206fffff,,,,,,,,1,,0.2
89194e45833ffff,1,,,,,,,5,,2
89194e68187ffff,,1,,,,,,2,,1.3
89194e69a87ffff,,,,,,,,1,,0.2
89194e78a43ffff,,,,,,,,1,,0.2
891951100bbffff,,,,,,,,1,,0.2
89195195d3bffff,,,,,,,,1,,0.2
891951aae9bffff,,,,,,,,1,,0.2
891952d1503ffff,,,,1,,,,1,,1
891954d0137ffff,,1,,,,,,4,,1.7
89195509d73ffff,,,,,,,,1,,0.2
8919550d06bffff,2,,,,,,,3,,2.6
8919555084bffff,,,,,,,,1,,0.2
8919581a863ffff,,,,,,,,1,,0.2
89195823193ffff,,,,,,,,1,,0.2
8919583b273ffff,,1,,,,,,1,1,1.2
89195876c9bffff,,,,,,,,2,,0.4
8919587a503ffff,1,1,,,,,,3,,2.5
8919587a573ffff,2,2,,,,,,5,1,4.9
89195885567ffff,,,,,,,,1,,0.2
8919588dd47ffff,,,,,,,,1,,0.2
891958b5b63ffff,,,,,,,,2,,0.4
89195902517ffff,,1,,,,,,2,1,1.4
89195988bd3ffff,,,,,,,,2,,0.4
89195ab6973ffff,2,,,,,,,7,1,3.5
89195b4447bffff,,,,,,,,1,,0.2
89195c0058bffff,,1,,,,,,2,,1.3
89195c04243ffff,,,,,,,,1,,0.2
89195c1718bffff,,1,,,,,,1,1,1.2
89195c30243ffff,,,,,,,,1,,0.2
89195c44287ffff,,,,,,,,2,,0.4
89195cada57ffff,,,,,,,,1,,0.2
89195cb627bffff,,,,,,,,1,,0.2
89195cc0497ffff,,1,,1,,,,1,,1.9
89195d0984fffff,,3,,,,,,1,1,3
89195d0998bffff,,,,,,,,1,,0.2
89195d28667ffff,,,,,,,,1,,0.2
89195d2aa4fffff,,,,,,,,1,,0.2
89195d2cb4fffff,1,1,,,,,,4,,2.7
89195d59cafffff,,,,,,,,1,,0.2
89195d84b37ffff,,,,,,,,1,,0.2
89195da129bffff,,,,,,,,1,,0.2
89195da4d6fffff,,,,,,,,4,1,0.9
89195da5517ffff,,,,,,,,1,,0.2
89195ec80cfffff,,,,,,,,1,,0.2
89195ed2d37ffff,,,,,,,,1,,0.2
8919720cb27ffff,,,,,,,,3,,0.6
8919723965bffff,,,,,,,,1,,0.2
8919728a56bffff,,,,,,,,2,,0.4
8919728b187ffff,,,,,,,,1,,0.2
89197334eabffff,1,,,,,,,2,,1.4
891908b6ccfffff,,,,,,,,,2,0.2
89195dd718bffff,,,,,,,,,1,0.1
89182a31013ffff,,,,,,,,,1,0.1
89182c16357ffff,,,,,,,,,1,0.1
89187468867ffff,,,,,,,,,1,0.1
8919410532fffff,,,,,,,,,3,0.3
89194e153bbffff,,,,,,,,,1,0.1
891951a19c3ffff,,1,,,,,,,1,1
89195932057ffff,,,,,,,,,2,0.2
89195988837ffff,,,,,,,,,1,0.1
89195a503cfffff,1,1,,,,,,,2,2.1
89195c33147ffff,,,,,,,,1,1,0.3
891973ad04fffff,,,,,,,,,3,0.3
89195862e93ffff,,,,,,,,,1,0.1
89182e6e1c3ffff,1,,,,,,,,,1
89195c0e953ffff,2,,,,,,,,,2
89195da5467ffff,1,,,,,,,,,1
89195da4a93ffff,,,,,,,,,1,0.1
89182a58ebbffff,1,,,,,,,3,,1.6
89182e58447ffff,1,,,,,,,,,1
89182e6c617ffff,2,1,,,,,,,,2.9
89182e98b2bffff,1,2,,,,,,2,,3.2
89194ad14cfffff,1,2,,,,,,1,,3
89194e0d36bffff,1,,,,,,,,,1
891951a60b3ffff,1,,,,,,,2,,1.4
89195da4807ffff,1,,,,,,,1,,1.2
8919727932fffff,2,4,,,,,,,,5.6
891959a1477ffff,3,4,,,,,,1,,6.8
89195c8e373ffff,2,1,,,,,,1,,3.1
89182c16273ffff,,1,,1,,,,,,1.7
89182c7a203ffff,,1,,,,,,,1,1
89182c9b24bffff,,1,,,,,,,,0.9
89187471a97ffff,,1,,,,,,,,0.9
8919092ccd7ffff,,1,,,,,,,,0.9
891909ae14bffff,,1,,,,,,,,0.9
8919400d24fffff,,1,,,,,,,,0.9
891940722d7ffff,,1,,,,,,,,0.9
89194136487ffff,,2,,,,,,1,2,2.2
8919421145bffff,,2,,,,,,,,1.8
891942c582fffff,,1,,,,,,,1,1
8919435824bffff,,1,,,,,,,,0.9
891943655c3ffff,,1,,,,,,,1,1
8919485b4c7ffff,,1,,,,,,1,,1.1
891948c1373ffff,,1,,,,,,,1,1
891948c19c7ffff,,1,,,,,,,1,1
89194a155abffff,,1,,,,,,,,0.9
89194a55ba7ffff,,1,,,,,,,,0.9
89194a914abffff,,1,,,,,,,,0.9
89194a9541bffff,,1,,,,,,,,0.9
89194accb13ffff,,2,,,,,,1,,2
89194ad22d3ffff,,2,,,,,2,,,3.36
89194ad245bffff,,1,,,,,,,,0.9
89194e2a5d7ffff,,1,,,,,,,,0.9
89194e49ec3ffff,,2,,,,,,,,1.8
89194e699cbffff,,1,,,,,,2,,1.3
89194e6a983ffff,,1,,,,,,,,0.9
89195130623ffff,,1,,,,,,,,0.9
8919518088bffff,,1,,,,,,,,0.9
8919528720bffff,,1,,,,,,,,0.9
891953a514bffff,,1,,,,,,1,1,1.2
89195508967ffff,,1,,,,,,,,0.9
8919550d613ffff,,1,,,,,,,1,1
89195848ea7ffff,,1,,,,,,,,0.9
8919587222fffff,,1,,,,,,,,0.9
89195879a0fffff,1,1,,,,,,2,,2.3
8919587a18bffff,1,1,,,,,,1,10,3.1
891958ad343ffff,,2,,,,,,,,1.8
891959ab6a7ffff,,1,,,,,,,,0.9
89195ab9a9bffff,,1,,,,,,1,,1.1
89195b4455bffff,,1,,,,,,2,,1.3
89195c03177ffff,,1,,,,,,,,0.9
89195c0e097ffff,,1,,,,,,,,0.9
89195c34257ffff,1,1,,,,,,,1,2
89195cb6427ffff,1,3,,,,,,,1,3.8
89195cc0317ffff,,1,,,,,,,,0.9
89195d73533ffff,,1,,,,,,1,,1.1
89195dd1b47ffff,,1,,,,,,,,0.9
89197239603ffff,,1,,,,,,,,0.9
891972760cbffff,,1,,,,,,1,,1.1
89197335637ffff,,1,,,,,,,,0.9
8919768cc1bffff,,1,,,,,,,,0.9
8918215a107ffff,,,,,,,,,1,0.1
89182845b57ffff,,,,,,,,,1,0.1
891909b5db7ffff,,,,,,,,,1,0.1
89194ad730fffff,,,,,,,,,1,0.1
89194e87213ffff,,,,,,,,1,2,0.4
89195261533ffff,,,,,,,,,2,0.2
891955a612fffff,,,,,,,,,1,0.1
8919587a187ffff,,,,,,,,,1,0.1
89195d26aa7ffff,,,,,,,,,1,0.1
89195d32267ffff,,,,,,,,,1,0.1
89195dc4bb3ffff,,,,,,,,,2,0.2
8919724dcabffff,,,,,,,,,1,0.1
891950b237bffff,,,,,,,,,1,0.1
8919420cbb7ffff,,,,1,,,,,,0.8
8919424dda7ffff,,,,1,,,,,,0.8
89194ad90cbffff,,,,1,,,,,,0.8
89194ada5b7ffff,,,,1,,,,3,,1.4
891959ab193ffff,,,,1,,,,,1,0.9
89182ab0e4fffff,,1,,,,,,,,0.9
89182e71ccfffff,,1,,,,,,,,0.9
89194a0d243ffff,,,,,,,2,,,1.56
89194a72033ffff,,,,,,,2,,,1.56
89194a720abffff,,,,,,,1,,,0.78
89194a720afffff,,,,,,,2,,,1.56
89194a7256bffff,,,,,,,4,,,3.12
891942ce9a3ffff,1,,,,,,,,2,1.2
8919510e5b3ffff,,,,,,,,,1,0.1
89195180507ffff,,,,,,,,,2,0.2
891958b596fffff,,,,,,,,,1,0.1
8919728c6cfffff,,,,,,,,,2,0.2
89182c421a3ffff,1,,,,,,,,,1
89182e98947ffff,1,,,,,,,,,1
891909a96a3ffff,1,,,,,,,,,1
891909b411bffff,1,,,,,,,,1,1.1
8919410c19bffff,1,,,,,,,,,1
8919421a943ffff,1,,,,,,,,,1
8919423908bffff,1,,,,,,,,,1
8919426694bffff,1,,,,,,,,,1
89194654263ffff,1,,,,,,,,,1
89194e692b7ffff,1,,,,,,,1,,1.2
8919528251bffff,1,,,,,,,,1,1.1
8919584c48fffff,1,,,,,,,,,1
89195b0ab77ffff,1,,,,,,,,,1
89195c05883ffff,1,,,,,,,,,1
89195c4a9abffff,1,,,,,,,,,1
89195ca342fffff,1,,,,,,,,,1
8919435b263ffff,,,,,,,,,1,0.1
89182570bb7ffff,,,,,,,,,1,0.1
89182572c2fffff,,,,,,,,,1,0.1
891825aee3bffff,,,,,,,,,1,0.1
891825b4903ffff,,,,,,,,,1,0.1
89182c10d57ffff,,,,,,,,,1,0.1
89194171ecfffff,,,,,,,,,1,0.1
8919420093bffff,,,,,,,,,1,0.1
89194206527ffff,,,,,,,,,1,0.1
8919420e97bffff,,,,,,,,,1,0.1
8919420ed03ffff,,,,,,,,,1,0.1
89194214863ffff,,,,,,,,,1,0.1
8919421ad63ffff,,,,,,,,,1,0.1
89194220827ffff,,,,,,,,,1,0.1
8919423109bffff,,,,,,,,,1,0.1
89194232027ffff,,,,,,,,,1,0.1
89194291a2bffff,,,,,,,,,1,0.1
891942a9623ffff,,,,,,,,,1,0.1
891942ad887ffff,,,,,,,,,1,0.1
89194371b23ffff,,,,,,,,,1,0.1
8919464f1b3ffff,,,,,,,,,1,0.1
891946524afffff,,,,,,,,,1,0.1
89194664393ffff,,,,,,,,1,1,0.3
891946c82c7ffff,,,,,,,,,1,0.1
891946c832fffff,,,,,,,,1,1,0.3
89194848497ffff,,,,,,,,,1,0.1
89194ad52d7ffff,,,,,,,,,1,0.1
891950d0217ffff,,,,,,,,,1,0.1
8919511090fffff,,,,,,,,,1,0.1
89195115a2bffff,,,,,,,,,1,0.1
89195182a4fffff,,,,,,,,,1,0.1
891951bae4fffff,,,,,,,,,1,0.1
8919524ed6fffff,,,,,,,,,1,0.1
891952d43abffff,,,,,,,,,1,0.1
891952d5967ffff,,,,,,,,,1,0.1
89195470d8fffff,,,,,,,,,1,0.1
89195526d23ffff,,,,,,,,,1,0.1
8919566dbc3ffff,,,,,,,,,1,0.1
89195816c6fffff,,,,,,,,,1,0.1
89195838273ffff,,,,,,,,,1,0.1
8919583901bffff,,,,,,,,,1,0.1
89195839377ffff,,,,,,,,,1,0.1
89195848e7bffff,,,,,,,,,1,0.1
891958a6617ffff,,,,,,,,,1,0.1
891959b0d77ffff,,,,,,,,,1,0.1
891959b6087ffff,,,,,,,,,1,0.1
89195ad1d83ffff,,,,,,,,,1,0.1
89195b86ebbffff,,,,,,,,,1,0.1
89195c0c1d7ffff,,,,,,,,,1,0.1
89195c0cd27ffff,,,,,,,,,1,0.1
89195c123cbffff,,,,,,,,,1,0.1
89195c142d3ffff,,,,,,,,,1,0.1
89195cac0cbffff,,,,,,,,,1,0.1
89195da6acfffff,,,,,,,,,1,0.1
8919720194fffff,,,,,,,,,1,0.1
891972cc313ffff,,,,,,,,,1,0.1
8919768eb6bffff,,,,,,,,,1,0.1
891976c626bffff,,,,,,,,,1,0.1
89182e21e43ffff,,,,,,,,1,,0.2
891942116a7ffff,,,,,,,,1,,0.2
8919424cc3bffff,,,,,,,,1,,0.2
89194a0c14fffff,,,,,,,,1,,0.2
89194a5a307ffff,,,,,,,,1,,0.2
89194ad837bffff,,,,,,,,1,,0.2
8919582644bffff,,,,,,,,1,,0.2
89195830cb3ffff,,,,,,,,1,,0.2
89195842613ffff,,,,,,,,1,,0.2
8919584656bffff,,,,,,,,1,,0.2
8919586b397ffff,,,,,,,,1,,0.2
891958710cbffff,,,,,,,,1,,0.2
89195ada087ffff,,,,,,,,1,,0.2
89195d47303ffff,,,,,,,,1,,0.2
89195da626fffff,,,,,,,,1,,0.2
89197200a9bffff,,,,,,,,1,,0.2
891972ae663ffff,,,,,,,,1,,0.2
891874ae0bbffff,,,,,,,,1,,0.2
89194128e03ffff,,,,,,,,1,,0.2
8919420c85bffff,,,,,,,,1,,0.2
891942c528fffff,,,,,,,,1,,0.2
89194aa80d3ffff,,,,,,,,1,,0.2
89195882147ffff,,,,,,,,1,,0.2
891805b4077ffff,,,,,,,,,1,0.1
89182ea0ea3ffff,,,,,,,,,1,0.1
8919411ac83ffff,,,,,,,,,1,0.1
891955bab6bffff,,,,,,,,,1,0.1
89195b7256bffff,,,,,,,,,1,0.1
89195c34013ffff,,,,,,,,,2,0.2
89182551cafffff,,,,,,,,1,,0.2
89182c1a33bffff,,,,,,,,1,,0.2
89182c1a957ffff,,,,,,,,1,,0.2
8918747ad27ffff,,,,,,,,1,,0.2
891909ad887ffff,,,,,,,,1,,0.2
891941425c7ffff,,,,,,,,1,,0.2
8919424a227ffff,,,,,,,,1,,0.2
8919427a3afffff,,,,,,,,1,,0.2
89194359a97ffff,,,,,,,,2,,0.4
89194652397ffff,,,,,,,,1,,0.2
89194ac0063ffff,,,,,,,,1,,0.2
89194acea0bffff,,,,,,,,2,,0.4
89194e69c2bffff,,,,,,,,2,,0.4
8919518963bffff,,,,,,,,1,,0.2
891951b74a3ffff,,,,,,,,1,,0.2
89195848eafffff,,,,,,,,1,,0.2
89195aa03a7ffff,,,,,,,,1,,0.2
89195ad0207ffff,,,,,,,,1,,0.2
89195ad8d53ffff,,,,,,,,1,,0.2
89195cc016bffff,,,,,,,,1,,0.2
89195cc03a7ffff,,,,,,,,1,,0.2
89195d09acbffff,,,,,,,,1,,0.2
89195d399d3ffff,,,,,,,,1,,0.2
89195da5833ffff,,,,,,,,1,,0.2
89195e055abffff,,,,,,,,1,,0.2
89197658e13ffff,,,,,,,,1,,0.2
891952d69cbffff,,,,1,,,,,,0.8
89195d2e83bffff,,,,,,,,,1,0.1
89194e3966fffff,,,,,,,,,1,0.1
891952d6c43ffff,,,,,,,,,1,0.1
89197279113ffff,,,,,,,,,1,0.1
89194e75d63ffff,,,,,,,,,1,0.1
89194e2a0dbffff,,,,,,,,,1,0.1
89195cc2a8bffff,,,,,,,,,1,0.1
89194ad9eb7ffff,,,,,,,,,1,0.1
891952d6eafffff,,,,,,,,,1,0.1
89182e5a3c3ffff,1,,,,,,,,,1
89195904d53ffff,1,,,,,,,,,1
89194e6999bffff,,,,1,1,,,6,1,2.7
891909aead3ffff,,,,,2,,,2,1,1.7
891909ac533ffff,,,,,3,,,4,,2.6
891909ace0bffff,1,,,,1,,,1,,1.8
89190d1746bffff,,,,,1,,,,,0.6
8919410cdb3ffff,,,,,1,,,,,0.6
89194129a43ffff,,,,,1,,,,,0.6
8919416e26fffff,,,,,2,,,,,1.2
89194205993ffff,,,,,1,,,,1,0.7
89194359cd7ffff,,1,,,1,,,,,1.5
8919484a017ffff,,,,,1,,,,,0.6
89194aaaedbffff,1,,,,1,,,1,1,1.9
89194ada843ffff,,,,,1,,2,,,2.16
891953af5abffff,1,,,,1,,,,,1.6
8919590614fffff,,,,1,1,,,1,2,1.8
891959aa2bbffff,,1,,,1,,,,,1.5
891959b80c7ffff,,1,,,1,,,1,1,1.8
89195c0eaafffff,,,,,3,,,,1,1.9
89195c26277ffff,,,,,1,,1,,1,1.48
89195c340b3ffff,3,3,,,1,,,,,6.3
89195d0994fffff,,,,,1,,,,,0.6
89195d6d6abffff,,,,,1,,,,,0.6
89197209d93ffff,,,,,1,,,,,0.6
89182c1740bffff,1,1,,,1,,,2,,2.9
891909ac473ffff,1,2,,,3,,,10,1,6.7
89194038a6bffff,,,,,4,,,1,,2.6
89194ad8e27ffff,1,1,,,1,,,,,2.5
89194ada2c3ffff,2,1,,,1,,,7,1,5
8919590d473ffff,,2,,,2,,,1,1,3.3
891959c1b3bffff,,,,,1,,,,,0.6
89195c05943ffff,,3,,,2,,1,3,3,5.58
89195da6807ffff,,7,,,2,,,4,1,8.4
89182c1741bffff,1,2,,,,,,12,,5.2
89194ad2d53ffff,,1,,,,,,5,,1.9
89194ad30c7ffff,,3,,,,,,9,2,4.7
89194ad362fffff,,,,,,,,2,1,0.5
89194ada56fffff,,1,,,,,,3,,1.5
89194e76babffff,,,,,,,,1,,0.2
8919580008bffff,,,,,,,,1,,0.2
8919586b4a3ffff,,6,,1,,,,25,2,11.4
8919588c047ffff,,1,,,,,,12,,3.3
891958c0187ffff,,,,,,,,1,,0.2
89195b706d3ffff,2,3,,,,,,13,1,7.4
89195bd72b7ffff,,,,,,,,2,,0.4
89195c05bb3ffff,,,,,1,,,3,1,1.3
89195cb664bffff,,,,,,,,7,,1.4
89195da4997ffff,,2,,1,,,,12,,5
89195da49cbffff,3,2,,,,,,8,,6.4
891870d938fffff,,,,,,,1,,3,1.08
89195c8e977ffff,,,,,,,1,,,0.78
89195da6c67ffff,1,1,,,,,2,3,,4.06
891909ae8c7ffff,,,,,,,,,1,0.1
89195107363ffff,,,,,,,,,1,0.1
8919436095bffff,,,,,,,,,1,0.1
8919484291bffff,,,,,,,,,1,0.1
89194ad9d43ffff,,,,,,,,3,1,0.7
891828ba37bffff,1,,,,,,,2,1,1.5
89182a31653ffff,1,1,,,,,,1,,2.1
89182c1746fffff,1,1,,,,,,1,1,2.2
89182c174bbffff,,,,,,,,5,,1
89187439cbbffff,1,,,,,,,5,1,2.1
89187461a43ffff,,,,,,,,1,,0.2
891909ac10fffff,,,,,,,,1,,0.2
891909ac43bffff,,2,,,,,,6,,3
89194135693ffff,,,,,,,,1,1,0.3
89194209663ffff,,,,,,,,2,,0.4
8919422f313ffff,,,,,,,,2,,0.4
8919427653bffff,,,,,,,,1,,0.2
89194298503ffff,,,,,,,,1,,0.2
891942c585bffff,1,1,,,,,,2,1,2.4
891942c6b37ffff,,,,,,,,1,,0.2
891942ce14bffff,,,,,,,,1,,0.2
891942cebc7ffff,1,1,,,,,,1,7,2.8
89194326993ffff,,,,,,,,1,,0.2
89194349353ffff,,,,,,,,1,,0.2
891943d05b7ffff,,1,,,,,,1,,1.1
89194856e4bffff,,,,,,,,2,,0.4
89194a58807ffff,,,,,,,,1,,0.2
89194a7200bffff,,,,,,,,1,1,0.3
89194a90083ffff,,,,,,,,1,,0.2
89194ad161bffff,1,,,,,,,5,1,2.1
89194ad2617ffff,,,,,,,,1,,0.2
89194ad326fffff,,,,,,1,,4,,1.55
89194ad34a7ffff,,,,,,,,2,,0.4
89194ad75b3ffff,,1,,,,,,1,,1.1
89194ad90c3ffff,,1,,,,,,2,,1.3
89194ad99bbffff,2,1,,,,,,2,,3.3
89194e24197ffff,,,,,,,,1,,0.2
89194e8c8abffff,,,,,,,,1,,0.2
89194ed866bffff,,,,,,,,2,3,0.7
89195185ed3ffff,,1,,,,,,1,2,1.3
891951890cfffff,1,1,,,,,,3,1,2.6
891951b4817ffff,,,,,,,,1,,0.2
891951b860fffff,1,,,,,,,1,,1.2
891955ae873ffff,,,,,,,,1,,0.2
891955d8ec7ffff,,,,,,,,1,,0.2
8919581896bffff,,,,,,,,1,,0.2
89195822c7bffff,,,,,,,,1,,0.2
891958390c7ffff,,1,,,,,,1,,1.1
89195879b43ffff,1,2,,,,,,1,,3
8919587a29bffff,,,,,,,,1,,0.2
891958b9acbffff,1,1,,,,,,2,1,2.4
891958c93cbffff,1,1,,,,,,4,,2.7
8919590cc33ffff,1,,,,,,,1,,1.2
89195988b9bffff,1,,,,,,,4,,1.8
89195ab666fffff,,,,,,,,1,1,0.3
89195ab68bbffff,,,,,,,,1,,0.2
89195ac5d4bffff,,,,,,,,1,,0.2
89195b02193ffff,1,,,,,,,1,1,1.3
89195b4a8afffff,,,,,,,,1,,0.2
89195b721d3ffff,,,,,,,,1,,0.2
89195b7a9bbffff,,1,,,,,,7,1,2.4
89195c00e8bffff,,,,,,,,1,,0.2
89195c0429bffff,,,,,,,,1,,0.2
89195c04397ffff,,,,,,,,1,,0.2
89195c05947ffff,,2,,,,,,5,1,2.9
89195c353dbffff,,,,,,,,1,,0.2
89195c36c57ffff,,,,,,,,1,,0.2
89195c58eabffff,,,,,,,,1,,0.2
89195c62eafffff,,,,,,,,1,,0.2
89195cb7507ffff,,,,,,,,1,,0.2
89195cc76c7ffff,2,,,,,,,1,,2.2
89195d88e83ffff,,,,,,,,1,,0.2
89195da31bbffff,,,,,,,,1,1,0.3
89195da4d77ffff,,,,,,,,2,,0.4
89195da55bbffff,,,,,,,,1,,0.2
89195dad867ffff,,,,,,,,1,,0.2
89195dc4e73ffff,,,,,,,,1,,0.2
89195e976cbffff,,,,,,,,1,,0.2
8919723964bffff,,,,,,,,3,,0.6
891972754b3ffff,,,,,,,,1,1,0.3
891973224abffff,,,,,,,,1,,0.2
89182e6c4c7ffff,3,,,,,,,,2,3.2
89194664ab3ffff,,,,,,,,,1,0.1
89195c4f683ffff,,1,,,,,,1,2,1.3
89187468a23ffff,,,,,,,,,1,0.1
89190ea59c3ffff,,,,,,,,,1,0.1
89194ad0dabffff,,,,,,,,,1,0.1
89194ad6b57ffff,,,,,,,,,1,0.1
89195586b47ffff,,,,,,,,,1,0.1
89195d85353ffff,,,,,,,,,1,0.1
89197261393ffff,,,,,,,,,1,0.1
89197270d5bffff,,,,,,,,,3,0.3
89182a33663ffff,,,,,,,,,1,0.1
89194e8650bffff,,,,,,,,,1,0.1
891828876afffff,1,,,,,,,,,1
89195cb66abffff,1,,,,,,,,1,1.1
89195cbb503ffff,,,,,,,,,1,0.1
89194a04d07ffff,1,,,,,,,,,1
89194a7a56fffff,1,,,,,,,,,1
89194a881afffff,1,1,,,,,,,,1.9
89194ad321bffff,2,1,,,,,,,,2.9
891951809bbffff,2,,,,,,,,1,2.1
891955d8177ffff,1,,,,,,,,,1
89195ab6d2fffff,1,,,,,,,,,1
89195d90b7bffff,1,,,,,,,2,,1.4
89195da48c3ffff,2,,,,,,,,,2
89195da4a1bffff,2,,,,,,,,,2
8919732061bffff,1,,,,,,,,1,1.1
891801a8493ffff,2,,,,,,,,1,2.1
891828b8587ffff,1,,,,,,,,,1
891909af3a3ffff,1,,,1,,,,,1,1.9
89195d44573ffff,1,,,,,,,,,1
891972386afffff,2,,,,,,,,,2
89197276123ffff,1,,,,,,,,,1
89194a04d33ffff,,,,,,,,1,1,0.3
891825b111bffff,,1,,,,,,,,0.9
8918280ac0fffff,,5,,,,,,5,1,5.6
89182a3a0b3ffff,,1,,,,,,,,0.9
89182c12d97ffff,1,1,,,,,,1,,2.1
89182c16e17ffff,,1,,,,,,,,0.9
89182c256c7ffff,,2,,,,,,,,1.8
89182c9b257ffff,,1,,,,,,,,0.9
891909aeeb7ffff,,2,,,,,,1,,2
8919402f497ffff,,1,,,,,,,1,1
891948cc89bffff,,1,,,,,,,,0.9
89194a931d3ffff,,1,,,,,,3,,1.5
89194ad2c07ffff,,2,,,,,,,,1.8
89194ad3547ffff,,1,,,,,,,,0.9
89194ad8d7bffff,,1,,,,,,,,0.9
89194ada97bffff,,1,,,,,,,,0.9
89194e38a63ffff,,2,,,,,,,,1.8
89194e69abbffff,,1,,,,,,,,0.9
89194e871bbffff,,1,,,,,,,,0.9
89195104047ffff,,1,,,,,,,,0.9
891951b29a3ffff,,1,,,,,,,,0.9
891951bab87ffff,,1,,,,,,,,0.9
891951bb6abffff,,1,,,,,,,,0.9
8919529a427ffff,,2,,,,,,,,1.8
891954d1e43ffff,,1,,,,,,,,0.9
8919550d6cfffff,,1,,,,,,,,0.9
891955640c7ffff,,1,,,,,,,1,1
89195564623ffff,,1,,,,,,,,0.9
8919580f293ffff,,1,,,,,,,1,1
8919591560fffff,,3,,,,,,,,2.7
891959322a3ffff,1,1,,,,,,1,1,2.2
891959ab62bffff,,1,,,,,,,,0.9
891959b9967ffff,,1,,,,,,2,,1.3
891959b99a3ffff,,1,,,,,,,,0.9
89195b614a7ffff,1,1,,,,,,,1,2
89195c04257ffff,,1,,,,,,,,0.9
89195c3aacfffff,1,1,,,,,,2,,2.3
89195c5450fffff,,1,,,,,,,,0.9
89195c95a63ffff,,1,,,,,,,,0.9
89195ccb2a3ffff,1,2,,,,,,,,2.8
89195d6ec5bffff,,1,,,,,,1,,1.1
89195d90a37ffff,,1,,,,,,,,0.9
89195da6077ffff,,1,,,,,,,1,1
89195daee03ffff,,1,,,,,,,,0.9
89195dba013ffff,,1,,,,,,,,0.9
89195dd60d7ffff,,1,,,,,,,1,1
8919724f247ffff,1,2,,,,,,,1,2.9
89197335387ffff,,2,,,,,,,,1.8
891973adb33ffff,,1,,,,,,,1,1
89182a90b8fffff,,,,,,,,,1,0.1
8919090ee4bffff,,,,,,,,,1,0.1
891909a89b7ffff,,,,,,,,,1,0.1
891909ac427ffff,,,,,,,,2,2,0.6
89194075c43ffff,,,,,,,,,1,0.1
89194214913ffff,,,,,,,,,1,0.1
8919424c1b3ffff,,,,,,,,,1,0.1
89194e6a9bbffff,,,,,,,,,1,0.1
89194ed8d77ffff,,,,,,,,,1,0.1
8919513a4dbffff,,,,,,,,,1,0.1
8919526158fffff,,,,,,,,,2,0.2
89195a88b67ffff,,,,,,,,,1,0.1
891942083a3ffff,,,,,,,,,1,0.1
89194ad26afffff,,,,,,,,,1,0.1
89182e563d7ffff,,,,1,,,,,,0.8
8919436cb0bffff,,,,1,,,,,,0.8
8919768eb0bffff,1,,,1,,,,,,1.8
8919557368bffff,,1,,,,,,,,0.9
89195902587ffff,,1,,,,,,,,0.9
891874a1153ffff,,,,,,,,,1,0.1
891958b1b53ffff,,,,,,,,1,1,0.3
89195da51b3ffff,,,,,,,,,1,0.1
891870d1483ffff,,,,,,,1,,,0.78
89194e809bbffff,,,,,,,1,,,0.78
89194a7a007ffff,1,,,,,,,,,1
89194ac1653ffff,1,,,,,,,,1,1.1
89195188327ffff,2,,,,,,,,1,2.1
891951b5c97ffff,1,,,,,,,,,1
891958980d7ffff,1,,,,,,,,1,1.1
8919599006bffff,1,,,,,,,,,1
891959aa693ffff,1,,,,,,,1,1,1.3
891959cb0d7ffff,1,,,,,,,,,1
89195b6b6cbffff,1,,,,,,,,1,1.1
89195b7a977ffff,1,,,,,,,,1,1.1
89195c3b193ffff,1,,,,,,,,,1
89195cc0e93ffff,1,,,,,,,,,1
8919427659bffff,,,,,,,,,1,0.1
89195da4a23ffff,,,,,,,,,1,0.1
891874ac3b3ffff,,,1,,,,,,,0.7
891959034bbffff,,,,,,,,,1,0.1
891805b4ec3ffff,,,,,,,,,1,0.1
89182e6c5d3ffff,,,,,,,,,1,0.1
89182526b73ffff,,,,,,,,,1,0.1
891825ada93ffff,,,,,,,,,1,0.1
89182996c73ffff,,,,,,,,1,2,0.4
891870d0827ffff,,,,,,,,,1,0.1
8918748e237ffff,,,,,,,,,1,0.1
891901a1c53ffff,,,,,,,,,1,0.1
89190a85683ffff,,,,,,,,,1,0.1
89190c64467ffff,,,,,,,,,1,0.1
89190d023d3ffff,,,,,,,,,1,0.1
89192aa0b73ffff,,,,,,,,,1,0.1
8919410620bffff,,,,,,,,,1,0.1
89194135463ffff,,,,,,,,,1,0.1
89194201e4bffff,,,,,,,,,1,0.1
891942820afffff,,,,,,,,,1,0.1
8919429ac87ffff,,,,,,,,,1,0.1
891942b23d3ffff,,,,,,,,,1,0.1
891942cc8d3ffff,,,,,,,,,1,0.1
891948c1c2fffff,,,,,,,,,1,0.1
89194a14b9bffff,,,,,,,,,1,0.1
89194a1a68bffff,,,,,,,,,1,0.1
89194a7a10bffff,,,,,,,,,1,0.1
89194ad7197ffff,,,,,,,,,1,0.1
89194c4b373ffff,,,,,,,,,1,0.1
89194e6a3c7ffff,,,,,,,,,1,0.1
89194e6db77ffff,,,,,,,,,1,0.1
89194e87053ffff,,,,,,,,,1,0.1
89194e8cdcbffff,,,,,,,,,1,0.1
8919510db57ffff,,,,,,,,,1,0.1
8919511431bffff,,,,,,,,,1,0.1
8919511756fffff,,,,,,,,,2,0.2
89195252053ffff,,,,,,,,,1,0.1
891952cc1dbffff,,,,,,,,,1,0.1
891952d2a13ffff,,,,,,,,,1,0.1
8919547ac03ffff,,,,,,,,,1,0.1
891954a01a3ffff,,,,,,,,,1,0.1
891954a5477ffff,,,,,,,,,1,0.1
8919550d067ffff,,,,,,,,,1,0.1
8919554956fffff,,,,,,,,,1,0.1
8919554c24fffff,,,,,,,,,1,0.1
89195660113ffff,,,,,,,,,1,0.1
891956642cbffff,,,,,,,,,1,0.1
89195877587ffff,,,,,,,,,1,0.1
891958ccdbbffff,,,,,,,,,1,0.1
8919591212bffff,,,,,,,,,1,0.1
89195b6f313ffff,,,,,,,,1,2,0.4
89195c0180fffff,,,,,,,,,1,0.1
89195c02a97ffff,,,,,,,,,1,0.1
89195c05e9bffff,,,,,,,,,1,0.1
89195c0dd73ffff,,,,,,,,,1,0.1
89195c0f17bffff,,,,,,,,,1,0.1
89195c3156bffff,,,,,,,,,1,0.1
89195c3b36bffff,,,,,,,,,1,0.1
89195caabd7ffff,,,,,,,,,1,0.1
89195cac697ffff,,,,,,,,,1,0.1
89195d3700fffff,,,,,,,,,1,0.1
89195d704d3ffff,,,,,,,,,1,0.1
89195dcb067ffff,,,,,,,,,1,0.1
89195e61303ffff,,,,,,,,,1,0.1
89197316d37ffff,,,,,,,,,1,0.1
89197320b4bffff,,,,,,,,,1,0.1
8919732464fffff,,,,,,,,,1,0.1
89197336637ffff,,,,,,,,,1,0.1
891942cabd3ffff,,,,,,,,1,,0.2
891948cd39bffff,,,,,,,,1,,0.2
89194a89a7bffff,,,,,,,,1,,0.2
89194a9624bffff,,,,,,,,1,,0.2
89194ad223bffff,,,,,,,,1,,0.2
89194ec9b17ffff,,,,,,,,1,,0.2
891951aa987ffff,,,,,,,,1,,0.2
8919584414bffff,,,,,,,,1,,0.2
89195879a77ffff,,,,,,,,1,,0.2
891958933d3ffff,,,,,,,,1,,0.2
891958ba913ffff,,,,,,,,2,,0.4
891959b40cbffff,,,,,,,,1,1,0.3
89195a8521bffff,,,,,,,,1,,0.2
89195b80ea3ffff,,,,,,,,2,,0.4
89195c4a9d3ffff,,,,,,,,2,,0.4
89195c82aa3ffff,,,,,,,,1,,0.2
89195cbac93ffff,,,,,,,,1,,0.2
89195d7141bffff,,,,,,,,1,,0.2
89195da4b9bffff,,,,,,,,2,,0.4
89195db5973ffff,,,,,,,,1,,0.2
89195e7166fffff,,,,,,,,1,,0.2
8919720cbc7ffff,,,,,,,,1,,0.2
89182c8c057ffff,,,,,,,,,1,0.1
89195c0ea33ffff,,,,,,,,,1,0.1
89195d24e37ffff,,,,,,,,,1,0.1
89195da6a87ffff,,,,,,,,,2,0.2
89195da6e27ffff,,,,,,,,,3,0.3
89197334463ffff,,,,,,,,,1,0.1
891805baa67ffff,,,,,,,,1,,0.2
89182a3a013ffff,,,,,,,,1,,0.2
8918746c0abffff,,,,,,,,1,,0.2
89190120907ffff,,,,,,,,1,,0.2
8919099988bffff,,,,,,,,1,1,0.3
891909ac47bffff,,,,,,,,3,,0.6
89192c60a0fffff,,,,,,,,1,,0.2
8919420a8dbffff,,,,,,,,1,,0.2
8919484a6afffff,,,,,,,,1,,0.2
89194ad166bffff,,,,,,,,1,,0.2
89194ad3027ffff,,,,,,,,1,,0.2
89194e68a13ffff,,,,,,,,1,,0.2
891951b55a7ffff,,,,,,,,1,,0.2
891955b72dbffff,,,,,,,,1,,0.2
89195830cb7ffff,,,,,,,,2,,0.4
891958c2b43ffff,,,,,,,,1,,0.2
8919591408fffff,,,,,,,,1,,0.2
89195ab65b3ffff,,,,,,,,1,,0.2
89195da6a17ffff,,,,,,,,1,,0.2
89195da6a77ffff,,,,,,,,1,,0.2
8919720cb67ffff,,,,,,,,1,,0.2
89197224813ffff,,,,,,,,1,,0.2
891943b2927ffff,,,,,,,,,1,0.1
8919512346fffff,,,,1,,,,,,0.8
8919519ae17ffff,,,,,,,,,1,0.1
89195915c13ffff,,,,,,,,,1,0.1
89194ad2c2fffff,,,,,,,,,1,0.1
8919590633bffff,,,,,,,,,1,0.1
89194e6d0cfffff,,,,,,1,,,,0.75
891870d2c93ffff,,,,,,,,,1,0.1
89195b6f3b3ffff,,,,,,,,,1,0.1
89197243473ffff,,,,,,,,,1,0.1
891943c8107ffff,,,,,,,,,1,0.1
8919465608fffff,,,,,,,,,1,0.1
89195492a33ffff,,,,,,,,,1,0.1
8919584ced3ffff,,,,,,,,,1,0.1
89195d820abffff,,,,,,,,,1,0.1
89195e466c7ffff,,,,,,,,,1,0.1
89197277023ffff,,,,,,,,,1,0.1
89195b125afffff,1,,,,,,,,,1
891958726abffff,,,,,,,,,1,0.1
8919720cb9bffff,1,1,,,,,,2,3,2.6
8919722487bffff,,,,,,,,,1,0.1
891909ac51bffff,,2,,,,,,4,1,2.7
8919465a433ffff,,,,,2,,,,1,1.3
89194acb523ffff,,,,,1,,,,,0.6
89194ad032bffff,,,,,1,,,2,,1
89194ad20abffff,1,,,,1,,,,,1.6
89194adabc7ffff,,,,,1,,1,2,,1.78
89194e65d27ffff,,,,,1,,,,,0.6
89194e8009bffff,,,,,1,,,,1,0.7
891951054dbffff,,,,,2,,,,,1.2
89195910d23ffff,,1,,,1,,,,,1.5
891959129b3ffff,,,,,2,,,,1,1.3
89195914017ffff,,,,,1,,,,1,0.7
89195932233ffff,,,,,1,,,,1,0.7
891959b8e67ffff,,,,,1,,,,,0.6
891959b9e2fffff,,2,,,1,,,,,2.4
89195c340bbffff,4,3,,,2,,,6,5,9.6
89195c915abffff,,,,,1,,,1,1,0.9
89195d88517ffff,,,,,1,,,,1,0.7
891972152bbffff,,,,1,1,,,,,1.4
8919724e177ffff,,,,,1,,,,,0.6
8919726016fffff,,,,,1,,,,,0.6
8919728b12bffff,1,4,,,1,,,23,2,10
89182aad6afffff,,,,,1,,,1,,0.8
89182c17503ffff,2,,,,1,,,,,2.6
89182e505c3ffff,1,,,,1,,,,,1.6
8919013588bffff,1,,,1,1,,,2,1,2.9
89194358ed7ffff,1,1,,,1,,,5,,3.5
8919435990bffff,1,1,,,1,,,,1,2.6
89194ad1647ffff,,3,,,1,,,,1,3.4
89194e75d0fffff,2,1,,,8,,,6,1,9
891951b6e2fffff,,,,,1,,,,,0.6
89195632abbffff,1,,,,3,,,1,2,3.2
89195855037ffff,,,1,,2,,,5,1,3
89195c1a3c3ffff,,1,,,1,,,2,,1.9
8919720cba3ffff,1,2,,,2,,,3,,4.6
891942550abffff,,,,,,1,,3,,1.35
891943269cfffff,,,,1,,,,3,,1.4
891946cb0cfffff,,,,,,,,1,,0.2
89194e2a613ffff,1,,,,,,,1,,1.2
89195123463ffff,,2,,1,,,,3,,3.2
891955673dbffff,,,,,,,,1,1,0.3
89195da498fffff,,,,,,,,19,1,3.9
891972152abffff,,,,,,,,1,1,0.3
8919728b133ffff,,,,,,,,2,,0.4
89194358073ffff,,,,,,,1,1,2,1.18
89195b78263ffff,,,,,,,1,,1,0.88
891952d6c63ffff,,,,,,,,,1,0.1
891909ac0d7ffff,,,,1,,,,1,1,1.1
89192b6c133ffff,,,,,,,,,1,0.1
89180c9348bffff,,,,,,,,1,,0.2
891821ac143ffff,1,,,,,,,1,,1.2
89182302907ffff,,,,,,,,1,,0.2
891823029abffff,2,,,,,,,2,,2.4
89182a7495bffff,1,,,,,,,1,1,1.3
89182c0202bffff,,,,,,,,1,,0.2
89182c1334bffff,3,1,,1,,,,1,,4.9
89182c14543ffff,,,,,,,,1,1,0.3
89182c1709bffff,2,,,,,,,1,,2.2
89182c174cfffff,,,,,,,,1,,0.2
89182c17583ffff,,1,,,,,,1,,1.1
89182e05ca7ffff,1,,,,,,,1,,1.2
89182e14113ffff,,1,,,,,,1,,1.1
89182e6c453ffff,,1,,,,,,5,2,2.1
89182e6e067ffff,,,,,,,,1,,0.2
89190881ecbffff,,,,,,,,1,1,0.3
89190c7804fffff,,,,,,,,1,,0.2
89194125e33ffff,,,,,,,,1,,0.2
89194278593ffff,,2,,,,,,2,,2.2
891942b9c6bffff,,,,,,,,1,,0.2
891942c4c47ffff,,,,,,,,1,,0.2
891942c5dabffff,,,,,,,,1,,0.2
891942c92b3ffff,,,,1,,,,4,,1.6
8919434b413ffff,,,,,,,,1,,0.2
8919465a543ffff,,,,,,,,1,,0.2
89194a0d10bffff,,,,,,,,1,1,0.3
89194aa10bbffff,,,,,,,,3,,0.6
89194ab0143ffff,,,,,,,,1,,0.2
89194ac2327ffff,,1,,,,,,2,,1.3
89194ad22c7ffff,,,,,,,,1,,0.2
89194ad2557ffff,3,,,,,,,2,,3.4
89194ad3433ffff,1,2,,,,,,2,,3.2
89194ada3b7ffff,,,,,,,,2,,0.4
89194ada47bffff,1,1,,,,,,1,,2.1
89194e0a9a3ffff,,,,,,,,1,,0.2
89194e6527bffff,,,,,,,,1,1,0.3
89194e69bafffff,,,,,,,,1,,0.2
89194ec9a1bffff,,,,,,,,6,,1.2
89194ec9a5bffff,,,,,,,,1,,0.2
89194ed6a4bffff,,3,,,,,,5,4,4.1
8919510559bffff,,,,,,,,2,,0.4
8919512343bffff,,2,,,,,,4,,2.6
89195169babffff,1,,,,,,,2,,1.4
891951a2357ffff,,,,,,,,1,,0.2
891952d683bffff,,,,,,,,1,,0.2
891952d6bd7ffff,,,,,,,,1,,0.2
891955475c3ffff,,,,,,,,1,,0.2
8919557539bffff,,,,,,,,1,,0.2
891955765a7ffff,,2,,,,,,2,,2.2
89195820097ffff,,,,,,,,1,,0.2
89195876c87ffff,,,,,,,,1,,0.2
891958a2117ffff,,,,,,,,3,1,0.7
891959025c7ffff,,,,,,,,1,1,0.3
8919590358fffff,,1,,,,,,1,1,1.2
8919593237bffff,,,,,,,,1,,0.2
89195a8705bffff,,,,,,,,1,,0.2
89195b18947ffff,,2,,,,,,3,,2.4
89195b46b1bffff,,,,1,,,,1,1,1.1
89195b8f533ffff,,,,,,,,1,,0.2
89195bcb4dbffff,,,,,,,,1,,0.2
89195bd425bffff,,,,,,,,1,,0.2
89195c05867ffff,,,,,,,,1,,0.2
89195c05ba7ffff,,,,,,,,2,,0.4
89195c0f6abffff,1,,,,,,,1,,1.2
89195c2b047ffff,,,,,,,,1,,0.2
89195c341dbffff,2,,,,,,,2,,2.4
89195d09b27ffff,,,,,,,,1,,0.2
89195d26067ffff,,,,,,,,1,,0.2
89195d2e143ffff,,2,,,,,,3,1,2.5
89195d3094fffff,,,,,,,,1,,0.2
89195d34973ffff,,,,,,,,1,,0.2
89195d3603bffff,,,,,,,,1,,0.2
89195d65153ffff,,,,,,,,2,1,0.5
89195d770d7ffff,,,,,,,,1,,0.2
89195d8dd23ffff,,,,,,,,1,,0.2
89195da5993ffff,1,,,,,,,5,1,2.1
89195da6a2fffff,,1,,,,,,1,,1.1
89195da8a77ffff,,,,,,,,1,,0.2
8919727318fffff,,,,,,,,1,,0.2
89197276037ffff,,,,,,,,1,,0.2
89197276053ffff,1,,,,,,,1,1,1.3
8919728b123ffff,,,,,,,,2,,0.4
891972cc503ffff,,,,,,,,1,,0.2
891972cc563ffff,,,,,,,,1,,0.2
89197336e47ffff,,,,,,,,1,,0.2
891976b9617ffff,,1,,,,,,1,,1.1
89190dd2027ffff,,,,,,,,,1,0.1
89195860833ffff,,,,,,,,,1,0.1
8919720c93bffff,,,,,,,,,1,0.1
8919588546fffff,,,,,,,,,1,0.1
891942ce87bffff,,,,,,,,1,1,0.3
8919465a4abffff,,,,,,,1,,1,0.88
89194adb473ffff,,,,,,,,,1,0.1
89195501537ffff,,,,,,,,,1,0.1
8919586b58fffff,,,,,,,,,2,0.2
89195c03117ffff,,,,,,,,,1,0.1
89197276907ffff,,,,,,,,,1,0.1
89194326da7ffff,,,,,,,,,1,0.1
8919434a247ffff,,,,,,,,,1,0.1
89195971557ffff,,,,,,,,,1,0.1
89194e6cb4bffff,1,,,,,,,,,1
8919510716fffff,1,,,,,,,,,1
89182c8dc43ffff,,,,,,,,,1,0.1
89195915433ffff,,,,,,,,,2,0.2
89195c34157ffff,,,,,,,,,1,0.1
891941000b3ffff,1,1,,,,,,,,1.9
8919424c24fffff,1,,,,,,,,,1
89195879c43ffff,1,,,,,,,,,1
89195da4acbffff,1,,,,,,,,,1
89182e17443ffff,1,,,,,,,,,1
89195c45267ffff,1,,,,,,,,,1
89195d2496bffff,,,,,,,,,1,0.1
891805b4383ffff,,1,,,,,,,,0.9
89182c140b3ffff,,1,,,,,,,,0.9
89182e3168fffff,,2,,,,,,,2,2
89182e86dd7ffff,1,1,,,,,,1,,2.1
89187468d77ffff,,1,,,,,,,,0.9
8919428e6afffff,,1,,,,,,,,0.9
891943329b7ffff,,1,,,,,,,1,1
8919434929bffff,,1,,,,,,,,0.9
8919434cb7bffff,1,1,,,,,,,,1.9
891943608a7ffff,,1,,,,,,,,0.9
891948c1137ffff,,1,,,,,,,,0.9
89194a1b6b7ffff,,1,,,,,,,,0.9
89194ac2227ffff,,2,,,,,,,1,1.9
89194acc903ffff,,1,,,,,,,,0.9
89194e2a43bffff,,2,,,,,,,,1.8
89194e52acbffff,,1,,,,,,,,0.9
89195170157ffff,,1,,,,,,,,0.9
891958163cfffff,,1,,,,,,,,0.9
89195880103ffff,,2,,,,,,,,1.8
891958c23a7ffff,,1,,,,,,,,0.9
8919590268fffff,,1,,,,,,,,0.9
8919591545bffff,1,1,,,,,,,,1.9
8919594486bffff,,1,,,,,,,,0.9
891959ab083ffff,,1,,,,,,,1,1
89195b46ea3ffff,,3,,,,,,,,2.7
89195c87507ffff,,1,,,,,,,,0.9
89195ca016fffff,,1,,,,,,,,0.9
89195cd9873ffff,,1,,,,,,,,0.9
89195d0252fffff,,1,,,,,,,,0.9
89195d82513ffff,,1,,,,,,,,0.9
89195db951bffff,,1,,,,,,,,0.9
8919720e69bffff,,1,,,,,,,1,1
891972396c7ffff,,1,,,,,,1,,1.1
8919727666bffff,,1,,,,,,,,0.9
89195932013ffff,,1,,,,,,,,0.9
891909a904fffff,,,,,,,,,1,0.1
89192b6f28fffff,,,,,,,,,1,0.1
891942cdd4bffff,,,,,,,,,1,0.1
8919435b1a3ffff,,,,,,,,,2,0.2
891946ad3d3ffff,,,,,,,,,1,0.1
89194a8e187ffff,,,,,,,,,1,0.1
89194acccc3ffff,,,,,,,,,1,0.1
89194ad8687ffff,,,,,,,,,1,0.1
89194e6058fffff,,,,,,,,,1,0.1
89194e77467ffff,,,,,,,,,1,0.1
8919587a483ffff,,,,,,,,,2,0.2
891959aa0c7ffff,,,,,,,,,1,0.1
891959b1bcbffff,,,,,,,,,1,0.1
89195c0518bffff,,,,,,,,,1,0.1
89194a5188fffff,,,,,,,,,1,0.1
89195da6b7bffff,,,,1,,,,,,0.8
8919093062bffff,,,,1,,,,,,0.8
891909398cfffff,,,,1,,,,,,0.8
89194042a6bffff,,,,1,,,,,,0.8
891942255d3ffff,,,,1,,,,,,0.8
89194ad2447ffff,1,,,1,,,,1,,2
891958a75a3ffff,,,,1,,,,2,,1.2
89197208333ffff,,,,1,,,,,,0.8
8918284b297ffff,,1,,,,,,,,0.9
89194ada8cfffff,,1,,,,,,,,0.9
891909ac18fffff,,,,,,,,,1,0.1
891940436a7ffff,,,,,,,,,1,0.1
891943051a3ffff,,,,,,,,,1,0.1
89194ad1507ffff,,,,,,,,,1,0.1
89194ed4113ffff,,,,,,,,,1,0.1
8919591085bffff,,,,,,,,,1,0.1
89197279e4fffff,,,,,,,,,1,0.1
89195858b5bffff,,,,,,,1,,,0.78
89182a3a407ffff,1,,,,,,,2,1,1.5
8918746144fffff,1,,,,,,,1,,1.2
8919411004bffff,1,,,,,,,,,1
891942520abffff,1,,,,,,,,,1
891942c43bbffff,1,,,,,,,,,1
89194348a73ffff,1,,,,,,,,,1
89194653563ffff,1,,,,,,,,,1
89194a0680fffff,1,,,,,,,,,1
89194ad621bffff,1,,,,,,,,1,1.1
89194e2b42bffff,1,,,,,,,,,1
89195547517ffff,1,,,,,,,,,1
89195d65103ffff,1,,,,,,,,,1
891973220abffff,1,,,,,,,1,,1.2
892a4c1406fffff,1,,,,,,,,,1
89195ab2563ffff,,,,,,,,,2,0.2
8919584c16fffff,,,1,,,,,1,,0.9
89194359c0fffff,,,,,,,,,1,0.1
891972605c7ffff,,,,,,,,,1,0.1
89195d09a47ffff,,,,,,,,,2,0.2
89182501297ffff,,,,,,,,,1,0.1
8918250c017ffff,,,,,,,,,1,0.1
8918252ea27ffff,,,,,,,,,1,0.1
891825668b7ffff,,,,,,,,,1,0.1
89182572a2bffff,,,,,,,,,1,0.1
891825858a7ffff,,,,,,,,,1,0.1
891874766bbffff,,,,,,,,,1,0.1
891874b64a3ffff,,,,,,,,,1,0.1
8919092e083ffff,,,,,,,,,1,0.1
8919286b643ffff,,,,,,,,,1,0.1
89192c64c6fffff,,,,,,,,,1,0.1
89194051c6bffff,,,,,,,,,1,0.1
89194101613ffff,,,,,,,,,1,0.1
891941658d3ffff,,,,,,,,,1,0.1
891941685afffff,,,,,,,,,1,0.1
89194202babffff,,,,,,,,,1,0.1
8919420f173ffff,,,,,,,,,1,0.1
891942184afffff,,,,,,,,,1,0.1
89194219c87ffff,,,,,,,,,1,0.1
891942386cbffff,,,,,,,,,1,0.1
891942505d3ffff,,,,,,,,,1,0.1
891942b6287ffff,,,,,,,,,1,0.1
891943a447bffff,,,,,,,,,1,0.1
8919465a423ffff,,,,,,,,,1,0.1
891946cb28fffff,,,,,,,,,1,0.1
89194a06ddbffff,,,,,,,,,1,0.1
89194a805d3ffff,,,,,,,,,1,0.1
89194acc52fffff,,,,,,,,,1,0.1
89194ad36bbffff,,,,,,,,,1,0.1
89194e5510fffff,,,,,,,,,1,0.1
89194e6a183ffff,,,,,,,,,1,0.1
89194e6d043ffff,,,,,,,,1,1,0.3
89194ecc00fffff,,,,,,,,,1,0.1
89194ed4c83ffff,,,,,,,,,1,0.1
89195106547ffff,,,,,,,,,1,0.1
891951806a7ffff,,,,,,,,,1,0.1
89195181c93ffff,,,,,,,,,1,0.1
891951a116bffff,,,,,,,,,1,0.1
891952c1bafffff,,,,,,,,,1,0.1
89195661dd7ffff,,,,,,,,,1,0.1
89195683297ffff,,,,,,,,,1,0.1
89195803157ffff,,,,,,,,,1,0.1
891958188d7ffff,,,,,,,,1,3,0.5
891958594a7ffff,,,,,,,,1,1,0.3
8919586ce23ffff,,,,,,,,,1,0.1
8919591442fffff,,,,,,,,,1,0.1
8919597302fffff,,,,,,,,,1,0.1
89195a4a65bffff,,,,,,,,,1,0.1
89195a999c7ffff,,,,,,,,,1,0.1
89195ac5e6fffff,,,,,,,,,1,0.1
89195ac6b9bffff,,,,,,,,,1,0.1
89195b57557ffff,,,,,,,,,1,0.1
89195b983cbffff,,,,,,,,,1,0.1
89195c021b7ffff,,,,,,,,,1,0.1
89195c04003ffff,,,,,,,,,1,0.1
89195c06babffff,,,,,,,,,1,0.1
89195c0c1b3ffff,,,,,,,,,1,0.1
89195c3a12fffff,,,,,,,,,1,0.1
89195c3b54bffff,,,,,,,,,1,0.1
89195c4ad87ffff,,,,,,,,,1,0.1
89195c94e53ffff,,,,,,,,,1,0.1
89195c99b2fffff,,,,,,,,,1,0.1
89195cab46bffff,,,,,,,,,1,0.1
89195d30c23ffff,,,,,,,,,1,0.1
89195d50c77ffff,,,,,,,,,1,0.1
89195d54e83ffff,,,,,,,,,1,0.1
89195d8ddbbffff,,,,,,,,,1,0.1
89195e18d0bffff,,,,,,,,,1,0.1
89195e24aa7ffff,,,,,,,,,1,0.1
89195ea0483ffff,,,,,,,,,1,0.1
891973262d3ffff,,,,,,,,,1,0.1
8919732ee9bffff,,,,,,,,,1,0.1
891973320afffff,,,,,,,,,1,0.1
891973ab0cbffff,,,,,,,,,1,0.1
89182d34a43ffff,,,,,,,,1,,0.2
89182ed4397ffff,,,,,,,,1,,0.2
8919406a127ffff,,,,,,,,1,,0.2
89194128353ffff,,,,,,,,1,,0.2
8919426916fffff,,,,,,,,4,,0.8
891942c5d0bffff,,,,,,,,1,,0.2
89194326d27ffff,,,,,,,,3,,0.6
891948526a7ffff,,,,,,,,1,,0.2
89194a91bd7ffff,,,,,,,,1,,0.2
89194a92ec7ffff,,,,,,,,1,,0.2
89194ad1203ffff,,,,,,,,2,,0.4
89194ad4d83ffff,,,,,,,,1,,0.2
89195835593ffff,,,,,,,,1,,0.2
89195879b9bffff,,,,,,,,1,,0.2
8919593158bffff,,,,,,,,1,,0.2
8919593b54fffff,,,,,,,,1,,0.2
89195aaa02fffff,,,,,,,,1,,0.2
89195c90897ffff,,,,,,,,1,,0.2
89195c9532fffff,,,,,,,,1,,0.2
89195d15313ffff,,,,,,,,1,,0.2
89197336933ffff,,,,,,,,1,,0.2
8919512504bffff,,,,,,,,1,,0.2
8919597b02fffff,,,,,,,,1,,0.2
89197272307ffff,,,,,,,,1,,0.2
891874a5c77ffff,,,,,,,,,1,0.1
89192c283dbffff,,,,,,,,,1,0.1
8919413b67bffff,,,,,,,,,1,0.1
891951b1e07ffff,,,,,,,,,1,0.1
891959a8807ffff,,,,,,,,,1,0.1
8909a68468fffff,,,,,,,,1,,0.2
89190bd14bbffff,,,,,,,,1,,0.2
89192b6c1dbffff,1,,,,,,,1,,1.2
891941366bbffff,,,,,,,,1,,0.2
8919420a8c3ffff,,,,,,,,1,,0.2
89194262b4fffff,,,,,,,,1,,0.2
891942791cbffff,,,,,,,,1,,0.2
8919428455bffff,,,,,,,,1,,0.2
891942cec13ffff,,,,,,,,1,,0.2
891942d2013ffff,,,,,,,,1,,0.2
89194641ebbffff,,,,,,,,1,,0.2
89194ad16c3ffff,,,,,,,,1,,0.2
89194e3906bffff,,,,,,,,1,,0.2
89194e4466bffff,,,,,,,,1,,0.2
891951155c3ffff,,,,,,,,1,,0.2
8919586b48bffff,,,,,,,,1,,0.2
89195c0f667ffff,,,,,,,,1,,0.2
89195d0934fffff,,,,,,,,1,,0.2
89195da5b0fffff,,,,,,,,1,,0.2
89195da5bc7ffff,,,,,,,,1,,0.2
89195dad8a7ffff,,,,,,,,1,,0.2
89195db480bffff,,,,,,,,1,,0.2
89197201407ffff,,,,,,,,2,,0.4
8919720cbcbffff,,,,,,,,2,,0.4
8919724eb9bffff,,,,,,,,1,,0.2
891973d7073ffff,,,,,,,,1,,0.2
8919729ab4bffff,,,,,,,,,1,0.1
891909aeb93ffff,,,,,,,,,1,0.1
89194321dabffff,,,,,,,,,1,0.1
89194347637ffff,,,,,,,,,1,0.1
89194a05e83ffff,,,,,,,,,1,0.1
891956642d3ffff,,,,,,,,,1,0.1
89195c0cb73ffff,,,,,,,,,1,0.1
891972583d3ffff,,,,,,,,,1,0.1
89195b0218fffff,,,,,,,,,1,0.1
89182c98d73ffff,1,,,,,,,,,1
89182e5866bffff,1,,,,,,,,,1
89195996c67ffff,,,,,,,,,1,0.1
8918746c3d3ffff,,,,,,,,,1,0.1
89194325b87ffff,,,,,,,,,1,0.1
89194aa12abffff,,,,,,,,1,1,0.3
891825a6057ffff,,,,,1,,,,,0.6
891942c19abffff,,,,,1,,,2,,1
89194ad30bbffff,2,1,,,1,,,9,,5.3
89194adabc3ffff,,2,,,1,,2,,1,4.06
8919510eb17ffff,,,,,1,,,,,0.6
89195844b5bffff,1,3,,,1,,,,2,4.5
891959b8517ffff,,,,,1,,,,,0.6
89195d09a03ffff,,6,,1,1,,1,20,,11.58
89195da4993ffff,,4,,,4,,,8,2,7.8
89197238663ffff,,,,,1,,,,,0.6
8919768cea7ffff,,1,,,2,,,,1,2.2
891828c6cb7ffff,,,,,1,,,,,0.6
89182c1054bffff,,1,,1,1,,,,2,2.5
891909a1a6fffff,1,,,,1,,,,,1.6
89194218e8bffff,1,3,,,1,,,4,2,5.3
89194a7202fffff,,,,,1,,3,5,1,4.04
89194a86b83ffff,,,,,1,,,,,0.6
89194e455a7ffff,1,3,,,1,,,1,1,4.6
89195182593ffff,3,6,,,1,,,4,2,10
891955205c3ffff,,,,,1,,,1,,0.8
891955d8e9bffff,,1,,,4,,,5,,4.3
89195c0db23ffff,,,,,1,,,1,,0.8
89195c8836bffff,,,,,1,,,,,0.6
89195dba43bffff,,2,,,3,,,3,,4.2
8919720192bffff,,,,,1,,,,,0.6
89197273197ffff,1,,,,4,,,3,,4
8919727656fffff,,4,,,1,,,13,,6.8
89194348aa3ffff,,1,,,,,,5,,1.9
89194ad1223ffff,1,,,,,,,4,1,1.9
89194ad315bffff,,,,,,,,2,,0.4
89194ad3397ffff,,2,,,,,,7,,3.2
89194e2dc83ffff,,,,,,,,1,1,0.3
89195104653ffff,,1,,,,,,7,,2.3
891951b25d7ffff,1,,,,,,,1,,1.2
891954da193ffff,,,,,,,,1,1,0.3
8919597069bffff,,1,,,,,,2,,1.3
89195d09adbffff,1,1,,,,,,9,,3.7
89195d2b157ffff,,2,,,,,1,10,,4.58
89195d362d7ffff,,,,,,,,1,,0.2
89195da4ecfffff,1,1,,,,,,2,,2.3
89197276537ffff,,2,,,,,,17,,5.2
89190dc2d7bffff,,,,,,,,,2,0.2
891952d6a93ffff,,,,,,,,,1,0.1
891952d6ac3ffff,,,,,,,,1,1,0.3
89182a3a197ffff,,,,,,,,,1,0.1
89182c8de43ffff,,,,,,,,1,1,0.3
8919413b66bffff,,,,,,,,,1,0.1
89195816947ffff,1,,,,,,,,2,1.2
89194e46037ffff,,,,,1,,,1,,0.8
891821d8d67ffff,,,,,,,,2,1,0.5
891828073b3ffff,,,,,,,,1,,0.2
89182c17037ffff,,,,,,,,1,,0.2
89182c17257ffff,1,,,,,,,1,,1.2
89182c8ddbbffff,,,,,,,,1,,0.2
891901a11b7ffff,,,,,,,,1,,0.2
891909ae087ffff,,,,,,,,1,,0.2
89190e8668bffff,,,,,,,,1,,0.2
891928c5817ffff,,,,,,1,,3,,1.35
891941a9b3bffff,,,,,,,,1,,0.2
8919420c90fffff,,,,,,,,2,,0.4
8919420cbd3ffff,,2,,,,,,5,,2.8
891942c19bbffff,3,1,,,,,,1,1,4.2
891942c5e6bffff,,,,,,,,1,1,0.3
891942cebc3ffff,,2,,,,,,1,,2
89194614ed3ffff,,,,,,,,1,,0.2
8919466261bffff,,,,,,,,1,,0.2
89194819213ffff,,,,,,,,1,,0.2
8919485880bffff,,,,,,,,1,,0.2
89194a04d17ffff,,,,,,,,4,2,1
89194a04d3bffff,,,,,,,,1,,0.2
89194a443a3ffff,,,,,,,,1,,0.2
89194ad1153ffff,,1,,,,,,1,,1.1
89194ad1487ffff,1,,,,,,,3,,1.6
89194ad14cbffff,,,,,,,,1,,0.2
89194ada4b3ffff,,,,,,,,3,,0.6
89194adad97ffff,,,,,,,,1,,0.2
89194adb107ffff,,,,,,,,1,,0.2
89194adb62fffff,1,2,,1,,,,3,3,4.5
89194e0d167ffff,1,,,,,,,1,,1.2
89194e2dac7ffff,,,,,,,,1,,0.2
89194e68b43ffff,,,,,,,,1,,0.2
89194e69a47ffff,,,,,,,,1,,0.2
89194e7a2d3ffff,,,,,,,,1,,0.2
89194e846d3ffff,1,,,,,,,3,,1.6
891951b4077ffff,2,2,,1,,,,8,,6.2
891951b751bffff,1,4,,,,,,6,,5.8
891952d6413ffff,,,,,,,,1,1,0.3
891952d6b03ffff,,2,,,,,,3,,2.4
8919542ce27ffff,,,,,,,,1,,0.2
891955956abffff,,,,,,,,1,,0.2
891958144bbffff,,,,,,,,1,,0.2
8919586b423ffff,,,,,,,,2,,0.4
8919587a4c3ffff,3,,,1,,,,2,3,4.5
8919587a5a3ffff,,,,,,,2,3,2,2.36
8919588ead3ffff,,1,,,,,,1,,1.1
8919589836fffff,,,,,,,,1,,0.2
891958b1a5bffff,,,,,,,,1,,0.2
891959b85cfffff,,1,,,,,,2,,1.3
89195a14093ffff,,,,,,,,1,,0.2
89195a16663ffff,,1,,,,,,1,,1.1
89195a42c2fffff,1,,,,,,,1,,1.2
89195b408d3ffff,,,,,,,,1,,0.2
89195b6b27bffff,,,,,,,,1,,0.2
89195b8b6c3ffff,,,,,,,,1,1,0.3
89195c05b93ffff,,1,,,,,,3,,1.5
89195c0e9afffff,,,,,,,,1,,0.2
89195c3438bffff,,,,,,,,1,,0.2
89195c476abffff,,,,,,,,1,,0.2
89195c81b83ffff,,,,,,,,1,,0.2
89195c91593ffff,,,,,,,,1,,0.2
89195c953afffff,,,,,,,,2,,0.4
89195cb7593ffff,,,,,,,1,2,,1.18
89195cc2a9bffff,,,,,,,,1,,0.2
89195d09a3bffff,,,,,,,,3,,0.6
89195d09ad7ffff,,,,,,,,5,,1
89195d34023ffff,,,,,,,,1,,0.2
89195d469bbffff,,,,,,,,1,,0.2
89195d94a47ffff,,,,1,,,,1,1,1.1
89195d962a3ffff,3,1,,1,,,,3,,5.3
89195da4a47ffff,2,,,,,,,1,,2.2
89195da6d43ffff,,,,,,,,1,1,0.3
89195db513bffff,,,,,,,,1,,0.2
89195dbb357ffff,,,,,,,,1,2,0.4
89195dd6ba7ffff,,,,,,,,1,,0.2
89195ecb42fffff,,,,,,,,1,,0.2
891972761d3ffff,,,,,,,,2,,0.4
891973229bbffff,,,,,,,,1,,0.2
891973652d3ffff,,,,,,,,1,,0.2
89182a3a157ffff,,,,,,,,,1,0.1
891909ace13ffff,,,,,,,,,1,0.1
8919416d333ffff,,,,,,,,,2,0.2
891942ab2cbffff,,,,,,,,,1,0.1
891943583a7ffff,,,,,,,,,1,0.1
89194e53017ffff,,,,,,,,,1,0.1
891951af42bffff,,,,,,,,,2,0.2
89195a4249bffff,,,,,,,,,6,0.6
89195c3497bffff,,,,,,,,,1,0.1
89195c3946bffff,,1,,,,,,,1,1
89195ca5903ffff,,,,,,,,,1,0.1
89195d203b3ffff,,,,,,,,,1,0.1
89195da4207ffff,,2,,,,,,,1,1.9
89197276583ffff,,,,,,,,,1,0.1
891973323d7ffff,,,,,,,,,1,0.1
891874ac0cfffff,,,,,,,,,1,0.1
8919435a253ffff,,,,,,,,,2,0.2
89195cb5c07ffff,,,,,,,,,1,0.1
89182c1284bffff,1,,,,,,,1,,1.2
891876a483bffff,1,,,,,,,1,,1.2
89194ad322fffff,1,1,,,,,,2,,2.3
8919550524bffff,1,,,,,,,,,1
891958a75c3ffff,2,1,,,,,,,,2.9
8919722944bffff,1,,,,,,,,,1
891976bb663ffff,1,1,,,,,,1,,2.1
8918236a5c7ffff,1,,,,,,,,1,1.1
89194ad0acbffff,1,,,,,,,,,1
89195aa33a3ffff,2,,,,,,,,,2
89195d04813ffff,1,1,,,,,,,,1.9
89197322d67ffff,1,,,,,,,,,1
891959aa42bffff,,,,,,,,,1,0.1
8919464a577ffff,,,,1,,,,,,0.8
891874aeb23ffff,1,1,,,,,,,1,2
891941209a3ffff,,2,,,,,,1,1,2.1
891941464a3ffff,,1,,,,,,,,0.9
8919420ce37ffff,,1,,,,,,,,0.9
8919421869bffff,,1,,,,,,,,0.9
891942894d7ffff,,1,,,,,,,,0.9
891942c5e73ffff,,1,,,,,,,,0.9
8919436dba7ffff,,1,,,,,,,,0.9
8919460967bffff,,1,,,,,,,,0.9
89194a1924bffff,,1,,,,,,,1,1
89194a542c7ffff,,1,,,,,,,,0.9
89194ad20dbffff,,1,,,,,,,,0.9
89194ad3303ffff,,1,,,,,,,,0.9
89194ad9987ffff,,1,,1,,,,1,,1.9
89194e651c3ffff,1,1,,,,,,,,1.9
89195180837ffff,,1,,,,,,,,0.9
89195189053ffff,,1,,,,,,,,0.9
891951b0bb7ffff,,2,,,,,,,1,1.9
89195246dd3ffff,,1,,,,,,,,0.9
89195564b03ffff,,1,,,,,,,,0.9
891955d8c4fffff,,1,,,,,,,,0.9
891958446a7ffff,,2,,,,,,,1,1.9
891959ab013ffff,,1,,,,,,,,0.9
89195a8432fffff,,1,,,,,,,,0.9
89195c05957ffff,,2,,,,,,,,1.8
89195c1a3cfffff,,1,,,,,,,,0.9
89195c8ec4fffff,,1,,,,,,,,0.9
89195cb428fffff,,1,,,,,,,,0.9
89195d09b8bffff,,1,,,,,,,1,1
89195d1960bffff,,1,,,,,,,,0.9
89195d20227ffff,,1,,,,,,,,0.9
89195d2b3dbffff,,2,,,,,,,,1.8
89195d7485bffff,,2,,,,,,,,1.8
89195d88233ffff,,1,,,,,,,,0.9
89195da46dbffff,,1,,,,,,,,0.9
89195da5223ffff,,1,,,,,,,,0.9
89195da6c03ffff,,1,,,,,,1,,1.1
89197208cb7ffff,,1,,,,,,,1,1
89197279d0bffff,,1,,,,,,,,0.9
89197322c1bffff,,1,,,,,,,,0.9
891973370cbffff,,1,,,,,,,,0.9
89180c9b443ffff,,,,,,,,,1,0.1
8919424c5cfffff,,,,,,,,,1,0.1
8919424ce5bffff,,,,,,,,,1,0.1
891942dae0bffff,,,,,,,,,1,0.1
89194654223ffff,1,,,,,,,,1,1.1
89194ad46a3ffff,,,,,,,,1,1,0.3
8919513b6c7ffff,,,,,,,,,1,0.1
8919519a907ffff,,,,,,,,,1,0.1
89195c005c7ffff,,,,,,,,,1,0.1
89195cb9b6bffff,,,,,,,,,1,0.1
89195cd1d33ffff,,,,,,,,,1,0.1
89195cd8533ffff,,,,,,,,,1,0.1
8919722a443ffff,,,,,,,,,1,0.1
89195930387ffff,,,,,,,,,1,0.1
891972c1e6bffff,,,,,,,,,1,0.1
891909af233ffff,,,,1,,,,,,0.8
89182c10d5bffff,,,,1,,,,,,0.8
89187490c6bffff,,,,1,,,,,,0.8
8919594494fffff,,,,1,,,,,,0.8
89195d98ad7ffff,,,,1,,,,,,0.8
8919728a68fffff,1,,,1,,,,,,1.8
89194a72527ffff,,,,,,,1,,2,0.98
89197335077ffff,,,,1,,,,,,0.8
8919485339bffff,,,,,,,,,1,0.1
891951a1387ffff,,,,,,,,,2,0.2
891951d6abbffff,,,,,,,,,1,0.1
89195840ec7ffff,,,,,,,,,3,0.3
8919588e36fffff,,,,,,,,,1,0.1
891958a7543ffff,,,,,,,,,1,0.1
89195bc6c13ffff,,,,,,,,,1,0.1
891972396cbffff,,,,,,,,,1,0.1
89187404dd3ffff,,,,,,,1,,,0.78
891942396dbffff,,,,,,,1,,,0.78
89182a48953ffff,1,,,,,,,1,,1.2
89182c129b3ffff,1,,,,,,,,,1
89182c8de5bffff,1,,,,,,,,,1
891874ac33bffff,1,,,,,,,,,1
8919424b163ffff,1,,,,,,,,,1
89194ace8afffff,1,,,,,,,,1,1.1
89194ada32fffff,1,,,,,,,,,1
89194e48ac3ffff,1,,,,,,,,,1
8919510e1dbffff,1,,,,,,,,,1
89195131a63ffff,1,,,,,,,,,1
891951b353bffff,1,,,,,,,,,1
89195b7a9d7ffff,1,,,,,,,,,1
89195b80677ffff,1,,,,,,,,,1
89195d2cd8bffff,1,,,,,,,,,1
89195d44547ffff,1,,,,,,,,,1
89195da6263ffff,1,,,,,,,,,1
891972744dbffff,1,,,,,,,1,,1.2
8919736590fffff,1,,,,,,,,1,1.1
89195ab0123ffff,,,,,,,,,1,0.1
89195e654c3ffff,,,,,,,,,1,0.1
891952d150bffff,,,,,,,,,1,0.1
89182cce8d3ffff,,,,,,,,,1,0.1
891874a566bffff,,,,,,,,,1,0.1
891874b4997ffff,,,,,,,,,1,0.1
891875d251bffff,,,,,,,,,1,0.1
89192811907ffff,,,,,,,,,1,0.1
8919404017bffff,,,,,,,,,1,0.1
891940d9967ffff,,,,,,,,,1,0.1
89194108ea3ffff,,,,,,,,,1,0.1
89194139543ffff,,,,,,,,,1,0.1
891942020d7ffff,,,,,,,,,1,0.1
8919420cc4fffff,,,,,,,,,1,0.1
891942149b7ffff,,,,,,,,,1,0.1
89194238a63ffff,,,,,,,,,1,0.1
8919423b6cbffff,,,,,,,,,1,0.1
891942406d3ffff,,,,,,,,,1,0.1
8919425202fffff,,,,,,,,,1,0.1
8919428e207ffff,,,,,,,,,1,0.1
891942a0b27ffff,,,,,,,,,1,0.1
891942c6a77ffff,,,,,,,,,1,0.1
891942cda43ffff,,,,,,,,,1,0.1
891943659abffff,,,,,,,,,1,0.1
891943ccb57ffff,,,,,,,,,1,0.1
891946429b7ffff,,,,,,,,,1,0.1
891948c0323ffff,,,,,,,,,1,0.1
89194a910cfffff,,,,,,,,,1,0.1
89194ad143bffff,,,,,,,,3,1,0.7
89194ad1b3bffff,,,,,,,,,1,0.1
89194ad7307ffff,,,,,,,,,1,0.1
89194e6f417ffff,,,,,,,,,1,0.1
891951065b3ffff,,,,,,,,,1,0.1
891951815d7ffff,,,,,,,,,1,0.1
8919519696fffff,,,,,,,,,1,0.1
891951b2893ffff,,,,,,,,,1,0.1
89195252cafffff,,,,,,,,,1,0.1
89195288303ffff,,,,,,,,,1,0.1
8919564ed67ffff,,,,,,,,,1,0.1
8919568a383ffff,,,,,,,,,1,0.1
8919580255bffff,,,,,,,,,1,0.1
8919588c127ffff,,,,,,,,,1,0.1
89195893457ffff,,,,,,,,,1,0.1
8919590299bffff,,,,,,,,,1,0.1
891959089bbffff,,,,,,,,,1,0.1
89195911183ffff,,,,,,,,,1,0.1
89195a41267ffff,,,,,,,,,1,0.1
89195b6a477ffff,,,,,,,,,1,0.1
89195b6b52bffff,,,,,,,,,1,0.1
89195c0e36fffff,,,,,,,,,1,0.1
89195c5b4c3ffff,,,,,,,,,1,0.1
89195ca866bffff,,,,,,,,,1,0.1
89195d2db87ffff,,,,,,,,,1,0.1
89195d342b7ffff,,,,,,,,,1,0.1
89195d66997ffff,,,,,,,,,1,0.1
89195dc164bffff,,,,,,,,,1,0.1
89195e24347ffff,,,,,,,,,1,0.1
89195e3a48bffff,,,,,,,,,1,0.1
8919724486fffff,,,,,,,,,1,0.1
8919733516fffff,,,,,,,,,1,0.1
891874a1b17ffff,,,,,,,,1,,0.2
8919420f17bffff,,,,,,,,1,,0.2
89194225307ffff,,,,,,,,2,,0.4
89194268a3bffff,,,,,,,,1,,0.2
8919461416bffff,,,,,,,,1,,0.2
89194a9896bffff,,,,,,,,1,,0.2
891951b403bffff,,,,,,,,1,,0.2
891958140bbffff,,,,,,,,1,,0.2
8919584ccb7ffff,,,,,,,,1,,0.2
891958700afffff,,,,,,,,1,,0.2
89195878363ffff,,,,,,,,1,1,0.3
8919587a2a7ffff,,,,,,,,1,,0.2
89195941383ffff,,,,,,,,1,,0.2
89195ab9c53ffff,,,,,,,,1,,0.2
89195b89dc7ffff,,,,,,,,1,,0.2
89195c471a3ffff,,,,,,,,1,,0.2
89195c82947ffff,,,,,,,,1,,0.2
89195cbac97ffff,,,,,,,,1,,0.2
89195d8591bffff,,,,,,,,1,,0.2
89195e78963ffff,,,,,,,,1,,0.2
89194e2d273ffff,,,,,,,,1,,0.2
89195d74e23ffff,,,,,,,,1,,0.2
8919720c68bffff,,,,,,,,1,,0.2
89182ca8e53ffff,,,,,,,,,1,0.1
89195546e7bffff,,,,,,,,,1,0.1
89195b00e27ffff,,,,,,,,,1,0.1
89195ec36bbffff,,,,,,,,,1,0.1
89180196207ffff,,,,,,,,1,,0.2
891828ce06fffff,,,,,,,,1,,0.2
89182a7494bffff,,,,,,,,1,,0.2
89194305883ffff,,,,,,,,1,,0.2
891943d0267ffff,,,,,,,,1,,0.2
89194ad31cbffff,,,,,,,,1,,0.2
89194e759a3ffff,,,,,,,,1,,0.2
891951aea57ffff,,,,,,,,1,,0.2
8919582300fffff,,,,,,,,1,1,0.3
8919586e6dbffff,,,,,,,,1,,0.2
89195c6e487ffff,,,,,,,,1,,0.2
89195da4b6bffff,,,,,,,,2,,0.4
8919725ad03ffff,,,,,,,,1,,0.2
8919732638bffff,,,,,,,,1,,0.2
89197335383ffff,,,,,,,,1,,0.2
89195aa1a13ffff,,,,,,,,,2,0.2
89194056353ffff,,,,,,,,,1,0.1
89195c7adcbffff,,,,,,,,,1,0.1
891823074c3ffff,,,,,,,,,1,0.1
8919296e9c3ffff,,,,,,,,,1,0.1
89194aa314fffff,,,,,,,,,1,0.1
8919566011bffff,,,,,,,,,1,0.1
891958a159bffff,,,,,,,,,1,0.1
89195da1a17ffff,,,,,,,,,1,0.1
89194ada127ffff,1,,,,,,,,,1
89195182517ffff,1,,,,,,,,,1
89195822da3ffff,1,,,,,,,,,1
89194ad1977ffff,,,,,,,,,1,0.1
89194ace6bbffff,,,,,,,,,2,0.2
89190944227ffff,,,,1,,,,,1,0.9
8918284154fffff,1,,,,,,,1,1,1.3
8919587a5bbffff,1,10,,1,14,,1,21,20,26.18
8918058f2cbffff,,,,,1,,,,,0.6
8919416f3afffff,,,,,2,,,,,1.2
891942794b7ffff,,,,,1,,,,,0.6
89194a81ab3ffff,,,,,2,,,2,1,1.7
89194aa86afffff,,,,,1,,,,,0.6
89194ad04bbffff,,1,,,1,,,10,1,3.6
89194ad0d3bffff,1,2,,,1,,,3,,4
89194ad304fffff,2,7,,,1,,,15,,11.9
89194ad318fffff,,,,,1,,,2,,1
89194e66627ffff,1,,,,1,,,,,1.6
89194e68b33ffff,2,1,,,1,,,1,1,3.8
89194e846d7ffff,,2,,,1,,,,,2.4
891951b4b13ffff,,,,,1,,,,,0.6
891958060cbffff,,,,,1,,,,1,0.7
891959025c3ffff,,2,,,2,,,,,3
891959b468bffff,,2,,,2,,,,1,3.1
89195c2a3d3ffff,,,,,1,,,,,0.6
89195cac3d3ffff,,,,,1,,,,,0.6
8919722945bffff,,,,,1,,,,,0.6
8919726d1bbffff,,,,,1,,,,,0.6
891973ad2b7ffff,,1,,,1,,,,,1.5
891805b43bbffff,1,1,,,1,,,7,1,4
89194358e9bffff,,,,,2,,,2,,1.6
89194a542c3ffff,1,2,,,2,,,5,1,5.1
89194ab99dbffff,1,,,,1,,,2,2,2.2
89194ac70bbffff,,,,,1,,,1,,0.8
89194ad1e73ffff,,2,,,2,,,1,1,3.3
89194ad3047ffff,,4,,,1,,,6,,5.4
8919586e613ffff,1,1,1,,1,,,7,,4.6
89195b12a47ffff,2,,,,1,,,,1,2.7
89195cba4c7ffff,1,2,,,1,,,7,,4.8
89195d198d3ffff,1,1,,,1,,,,1,2.6
89195d2e083ffff,,3,,,2,,,1,,4.1
89195d8ab47ffff,,,,,1,,,,,0.6
89182c10173ffff,,,,,,,,1,,0.2
89194042d17ffff,,,,,,,,1,,0.2
891951a5557ffff,1,,,,,,,6,,2.2
89182a02257ffff,,,,,,,1,1,,0.98
89194a5043bffff,,,,,,,,1,1,0.3
891951b70cfffff,,,,,,,,,2,0.2
89195da58b7ffff,,,,,,,,,1,0.1
891821890b7ffff,,,,,,,,1,1,0.3
891821a9553ffff,,,,,,,,1,,0.2
891823899bbffff,,,,,,,,1,,0.2
89182c17417ffff,1,,,,,,,4,1,1.9
89182c44883ffff,1,,,,,,,2,,1.4
89182e59037ffff,1,,,,,,,1,,1.2
89182e75207ffff,1,1,1,,,,,1,1,2.9
8918741249bffff,,,,,,,,1,,0.2
89190898e0bffff,,,,,,,,1,,0.2
8919090c5a7ffff,,,,,,,,1,1,0.3
891909255b7ffff,,,,,,,,2,,0.4
891909aa4abffff,,,,,,,,1,,0.2
89190e3a4b3ffff,,1,,,,,,1,1,1.2
89192b640c3ffff,,,,,,,,1,,0.2
8919404038fffff,,1,,,,,,1,,1.1
8919417604bffff,,,,,,,,1,,0.2
8919422b167ffff,,,,,,,,1,,0.2
8919422b1afffff,,,,,,,,1,,0.2
89194230e1bffff,,,,,,,,1,,0.2
8919426c5b3ffff,,,,,,,,2,1,0.5
8919434588bffff,,,,,,,,1,,0.2
8919436ebc3ffff,,,,,,,,1,,0.2
891943b2853ffff,,1,,,,,,1,1,1.2
8919485014bffff,,,,,,,,1,,0.2
891948cf683ffff,,,,,,,,1,,0.2
89194aca45bffff,,,,,,,,1,,0.2
89194ad1037ffff,,,,,,,,1,,0.2
89194ad1427ffff,1,1,,,,,,4,,2.7
89194e57307ffff,,,,,,,,3,,0.6
89194e68b2fffff,,,,,,,,1,,0.2
89194eb1d4bffff,,,,,,,,1,,0.2
89194ec913bffff,1,,,,,,,1,1,1.3
89194ed9d67ffff,,,,,,,,1,,0.2
89195115bd3ffff,,,,,,,,1,,0.2
891951234bbffff,,1,,,,,,2,,1.3
891951800dbffff,2,,,,,,,2,,2.4
8919546f1afffff,,,,,,,,1,7,0.9
89195499e37ffff,1,,,,,,,1,,1.2
89195567173ffff,,,,,,,,1,,0.2
89195826443ffff,,,,,,,,1,,0.2
8919587168fffff,,,,,,,,1,,0.2
8919588555bffff,1,,,,,,,6,,2.2
8919588e10bffff,,,,,,,,1,,0.2
891958c2a1bffff,,,,,,,,1,,0.2
8919590d00bffff,,,,,,,,2,1,0.5
8919591558fffff,,,,,,,,1,1,0.3
89195990233ffff,,,,,,,,1,,0.2
89195bc6547ffff,,,,,,,,1,,0.2
89195c3148bffff,,,,,,,,1,,0.2
89195c41d63ffff,,,,,,,,1,,0.2
89195c9300fffff,,,,,,,,1,,0.2
89195ccb043ffff,,,,,,,,1,,0.2
89195d2b4afffff,,3,,,,,,1,1,3
89195d36063ffff,,,,,,,,2,,0.4
89195da45c7ffff,1,,,,,,,1,,1.2
89195da6d63ffff,,,,,,,,2,1,0.5
89195da95abffff,,,,,,,,3,,0.6
89195e46657ffff,,,,,,,,1,,0.2
891972150cbffff,,,,,,,,1,,0.2
8919727652bffff,,2,,,,,,8,,3.4
89197283553ffff,,,,,,,,1,,0.2
89197322dc3ffff,,2,,,,,,6,,3
8919733504fffff,,,,,,,,1,,0.2
891909c9c8bffff,,,,,,,,,2,0.2
891958712d3ffff,,2,,,,,,,1,1.9
8919720c977ffff,,,,,,,,,1,0.1
89182a03197ffff,,,,,,,,,1,0.1
89182c78987ffff,,,,,,,,,1,0.1
89194105cd3ffff,,,,,,,,,2,0.2
89194165257ffff,,,,,,,,,1,0.1
891942cca3bffff,,,,,,,,,1,0.1
891943c88a3ffff,,,,,,,,,2,0.2
89194ac91afffff,,,,,,,,,2,0.2
891951b72b3ffff,2,,,,,,,,4,2.4
89195660197ffff,,,,,,,,,1,0.1
8919587049bffff,,1,,,,,,,1,1
891959b3127ffff,,,,,,,,1,1,0.3
891959b8ca3ffff,,,,,,,,,1,0.1
89195b59283ffff,,,,,,,,,2,0.2
891972ae67bffff,1,,,,,,,,3,1.3
891973c0597ffff,,,,,,,,,2,0.2
89192b388dbffff,,,,,,,,,1,0.1
8919426981bffff,,,,,,,,,1,0.1
891951b738bffff,,,,,,,,,1,0.1
89195d2cab7ffff,,,,,,,,,1,0.1
89194e69aa3ffff,2,,,,,,,1,2,2.4
891805b4357ffff,,,,,,,,,1,0.1
89194aca627ffff,,,,,,,,,1,0.1
89194ace4d3ffff,,,,,,,,,1,0.1
8919517985bffff,,,,,,,,,1,0.1
8919584aa67ffff,,,,,,,,,1,0.1
89182a3a417ffff,1,,,,,,,,,1
891909a50cfffff,1,,,,,,,,,1
89194e6818bffff,1,,,,,,,,1,1.1
89195104617ffff,2,,,,,,,,,2
8919518014fffff,1,,,,,,,,,1
89195d124dbffff,1,2,,,,,,1,,3
8919432c6d7ffff,1,,,,,,,,,1
89195105917ffff,2,,,,,,,,,2
8919518e547ffff,1,,,,,,,,,1
89195195b67ffff,1,,,,,,,,,1
891951a2d93ffff,1,,,,,,,,,1
89195842103ffff,1,,,,,,,1,,1.2
89195ad915bffff,1,,,,,,,,,1
891946a866fffff,,,,,,,,,1,0.1
8919587a53bffff,,1,,,,,,,1,1
89182c16e2bffff,,1,,,,,,,,0.9
89182c8f04fffff,,1,,,,,,1,,1.1
89190a80803ffff,,1,,,,,,,,0.9
89194075137ffff,,1,,,,,,,,0.9
891941366abffff,,1,,,,,,,1,1
8919421b487ffff,,1,,,,,,,,0.9
89194269bcfffff,,1,,,,,,,,0.9
891942d4893ffff,,2,,,,,,,1,1.9
8919433360fffff,,1,,,,,,,,0.9
89194381c2fffff,,1,,,,,,,,0.9
89194a558cbffff,,1,,,,,,,,0.9
89194ac3573ffff,,1,,,,,,,,0.9
89194ac8e4bffff,,1,,,,,,,,0.9
89194ad236bffff,1,1,,,,,,3,,2.5
89194ad9e47ffff,,1,,,,,,,,0.9
89194e0e417ffff,1,1,,,,,,,,1.9
89194e68043ffff,,1,,,,,,,,0.9
891951b40b3ffff,,1,,,,,,1,,1.1
891951b44c7ffff,,1,,,,,,,,0.9
8919526034bffff,,1,,,,,,,,0.9
8919542c8cbffff,,1,,,,,,,,0.9
891955d8c4bffff,,1,,,,,,,,0.9
891958842c3ffff,,2,,,,,,1,,2
8919588c033ffff,,1,,,,,,,,0.9
89195999a93ffff,,1,,,,,,,,0.9
891959aa05bffff,,1,,,,,,,,0.9
891959b4437ffff,,1,,,,,,1,,1.1
891959b89b7ffff,,1,,,,,,,,0.9
89195a40647ffff,,1,,,,,,,,0.9
89195ab450bffff,,1,,,,,,1,,1.1
89195b44013ffff,,4,,,,,,,1,3.7
89195b4458bffff,1,3,,,,,,2,,4.1
89195c0c89bffff,,1,,,,,,,,0.9
89195c0ca6fffff,,1,,,,,,,,0.9
89195c55b9bffff,,2,,,,,,,,1.8
89195c85a63ffff,,1,,,,,,,,0.9
89195cb660bffff,,1,,,,,,,,0.9
89195cd1143ffff,,1,,,,,,,1,1
89195d0982fffff,,1,,,,,,,,0.9
89195d09a83ffff,,1,,1,,,,,,1.7
89195d4456fffff,,1,,,,,,,,0.9
89195d6ecd3ffff,,1,,,,,,,,0.9
89195da49c7ffff,,1,,,,,1,,1,1.78
89195da5573ffff,,1,,,,,,,,0.9
89195dd9883ffff,,1,,,,,,,1,1
89197277123ffff,,3,,,,,,,,2.7
89197322b8bffff,,1,,,,,,,,0.9
8919763805bffff,,1,,,,,,,,0.9
89195575a8bffff,,1,,,,,,,,0.9
8909a096b47ffff,,,,,,,,,2,0.2
891821acd73ffff,,,,,,,,1,2,0.4
89182c172a7ffff,,,,,,,,,1,0.1
89182cdaa5bffff,,,,,,,,,2,0.2
891909ad0c7ffff,,,,,,,,,1,0.1
891909c037bffff,,,,,,,,,1,0.1
89190b31507ffff,,,,,,,,1,1,0.3
89194304a0fffff,,,,,,,,,1,0.1
89194adb43bffff,1,,,,,,,,1,1.1
89194e66273ffff,,,,,,,,,2,0.2
89195185663ffff,,,,,,,,,1,0.1
891951b0d3bffff,,,,,,,,,1,0.1
89195845d87ffff,,,,,,,,,3,0.3
89195b00e5bffff,,,,,,,,,1,0.1
89195cd9b8bffff,,,,,,,,,1,0.1
891972900a3ffff,,,,,,,,,1,0.1
891820358a7ffff,,,,,,,,,1,0.1
89197329277ffff,,,,,,,,1,1,0.3
891955d6c77ffff,,,,1,,,,,,0.8
8919582366bffff,,,,1,,,,,,0.8
89195879a0bffff,,,,1,,,,,,0.8
89195d09e63ffff,,,,1,,,,,,0.8
89195d36263ffff,,,,,,,,,1,0.1
891972a9927ffff,,1,,,,,,,,0.9
8919427434fffff,,,,,,,,,1,0.1
8919432c0cfffff,,,,,,,,,1,0.1
89194678313ffff,,,,,,,,,1,0.1
89194a7a50bffff,,,,,,,,,1,0.1
89194e6515bffff,,,,,,,,1,1,0.3
89194e8712fffff,,,,,,,,,2,0.2
891951ab5c3ffff,,,,,,,,,1,0.1
891952d682bffff,1,,,,,,,,2,1.2
89195307153ffff,,,,,,,,,1,0.1
8919582306fffff,,,,,,,,,1,0.1
891959b8a07ffff,,,,,,,,,1,0.1
89195dc4b8bffff,,,,,,,,,1,0.1
89195dcb4b3ffff,1,,,,,,,,1,1.1
8919727051bffff,,,,,,,,,1,0.1
8919727939bffff,,,,,,,,,1,0.1
891874b264fffff,,,,,,,1,,,0.78
89182c8f06bffff,1,,,,,,,1,,1.2
89182c9b38bffff,1,,,,,,,,,1
891909ac137ffff,1,,,,,,,1,,1.2
89192b38c1bffff,1,,,,,,,,,1
891942cdd27ffff,1,,,,,,,1,,1.2
8919436420bffff,1,,,,,,,,,1
89194a08993ffff,1,,,,,,,1,,1.2
89194e8650fffff,1,,,,,,,,1,1.1
891951b523bffff,1,,,,,,,,1,1.1
89195ac5193ffff,1,,,,,,,,2,1.2
89195bd8a93ffff,1,,,,,,,,,1
89195c0428fffff,1,,,,,,,,,1
89195c05107ffff,1,,,,,,,,,1
891972386a3ffff,1,,,,,,,,,1
891972bb5d3ffff,1,,,,,,,,,1
8919435ae63ffff,,,,,,,,,1,0.1
89194e493afffff,,,,,,,,,1,0.1
89195cd9923ffff,,,,,,,,,1,0.1
8919768c2b3ffff,,,,,,,,,1,0.1
8919587a507ffff,,,,,,,,1,2,0.4
89182113163ffff,,,,,,,,,1,0.1
8918218045bffff,,,,,,,,,1,0.1
8918218a517ffff,,,,,,,,,1,0.1
8918252844fffff,,,,,,,,,1,0.1
89182561a2bffff,,,,,,,,,1,0.1
891825aa83bffff,,,,,,,,,1,0.1
89187406eafffff,,,,,,,,,1,0.1
891875d2dcbffff,,,,,,,,,1,0.1
89192cb53b3ffff,,,,,,,,,1,0.1
8919400b28fffff,,,,,,,,,1,0.1
89194049577ffff,,,,,,,,1,1,0.3
8919411839bffff,,,,,,,,,1,0.1
8919412669bffff,,,,,,,,,1,0.1
891942018cbffff,,,,,,,,,1,0.1
891942285a7ffff,,,,,,,,,1,0.1
89194230327ffff,,,,,,,,,1,0.1
8919429adcbffff,,,,,,,,,1,0.1
891942a9333ffff,,,,,,,,,1,0.1
891942a9863ffff,,,,,,,,,1,0.1
891942b725bffff,,,,,,,,,1,0.1
891942c1a23ffff,,,,,,,,,1,0.1
891942c50abffff,,,,,,,,,1,0.1
891946410bbffff,,,,,,,,,1,0.1
891946cb257ffff,,,,,,,,,1,0.1
89194a4d937ffff,,,,,,,,,1,0.1
89194ada253ffff,,,,,,,,,1,0.1
89194e68513ffff,,,,,,,,,1,0.1
89194e696abffff,,,,,,,,,1,0.1
89194e6dddbffff,,,,,,,,,1,0.1
89194e8a433ffff,,,,,,,,,1,0.1
8919513b3b3ffff,,,,,,,,,1,0.1
89195196977ffff,,,,,,,,,1,0.1
89195299e03ffff,,,,,,,,,1,0.1
8919529a0afffff,,,,,,,,,1,0.1
891952c0947ffff,,,,,,,,,1,0.1
891952cb677ffff,,,,,,,,,1,0.1
891952cc487ffff,,,,,,,,,1,0.1
89195462dcbffff,,,,,,,,,1,0.1
89195520c23ffff,,,,,,,,,1,0.1
8919552dd57ffff,,,,,,,,,1,0.1
891955cea37ffff,,,,,,,,,1,0.1
89195660397ffff,,,,,,,,,1,0.1
8919588c32fffff,,,,,,,,,1,0.1
891959032cfffff,,,,,,,,,1,0.1
891959330c7ffff,,,,,,,,,1,0.1
8919594b1b3ffff,,,,,,,,,1,0.1
89195b001c3ffff,,,,,,,,,1,0.1
89195b44027ffff,,,,,,,,,1,0.1
89195c01143ffff,,,,,,,,,1,0.1
89195c0586fffff,,,,,,,,,1,0.1
89195c0e0bbffff,,,,,,,,,1,0.1
89195c1859bffff,,,,,,,,,1,0.1
89195c38427ffff,,,,,,,,,1,0.1
89195c684a7ffff,,,,,,,,,1,0.1
89195d2b067ffff,,,,,,,,,1,0.1
891972ca03bffff,,,,,,,,,1,0.1
89197320a4fffff,,,,,,,,,1,0.1
89197334617ffff,,,,,,,,,1,0.1
89197334cd3ffff,,,,,,,,,1,0.1
89195ba522fffff,,,,1,,,,,,0.8
8918230f0cbffff,,,,,,,,1,,0.2
89182a3a4bbffff,,,,,,,,1,,0.2
89182c68347ffff,,,,,,,,1,,0.2
8919422d14bffff,,,,,,,,1,,0.2
891942c4a4bffff,,,,,,,,1,,0.2
891943b5303ffff,,,,,,,,1,,0.2
891943cc01bffff,,,,,,,,1,,0.2
89194628d8fffff,,,,,,,,1,,0.2
8919485b413ffff,,,,,,,,1,,0.2
8919556b0b7ffff,,,,,,,,1,,0.2
89195578b77ffff,,,,,,,,1,,0.2
89195839263ffff,,,,,,,,1,,0.2
891958468b7ffff,,,,,,,,1,,0.2
89195879e0fffff,,,,,,,,1,,0.2
891959a8b2bffff,,,,,,,,1,,0.2
89195a42897ffff,,,,,,,,1,,0.2
89195b6ab47ffff,,,,,,,,1,,0.2
89195c8e323ffff,,,,,,,,1,,0.2
89195c93417ffff,,,,,,,,1,,0.2
89195ca85b3ffff,,,,,,,,1,,0.2
89195d028b7ffff,,,,,,,,1,,0.2
89195d99473ffff,,,,,,,,1,,0.2
89195dae353ffff,,,,,,,,1,,0.2
891973323c3ffff,,,,,,,,1,,0.2
891976172d3ffff,,,,,,,,1,,0.2
89194853587ffff,,,,,,,,1,,0.2
8919720188fffff,,,,,,,,1,,0.2
89180598d27ffff,,,,,,,,,1,0.1
891874a11cbffff,,,,,,,,,1,0.1
89194176047ffff,,,,,,,,,1,0.1
89195da612bffff,,,,,,,,,16,1.6
89195e68ddbffff,,,,,,,,,1,0.1
89182c0aa1bffff,,,,,,,,1,,0.2
89194e693cbffff,,,,,,,,1,,0.2
89194ec9b4bffff,,,,,,,,1,,0.2
8919518ed87ffff,,,,,,,,1,,0.2
891951b42d7ffff,,,,,,,,2,,0.4
89195916877ffff,,,,,,,,1,,0.2
89195c04e5bffff,,,,,,,,1,,0.2
89195c64bdbffff,,,,,,,,1,,0.2
89195d2c08fffff,,,,,,,,1,,0.2
89195da95bbffff,,,,,,,,1,,0.2
891951b502bffff,1,,,,,,,,1,1.1
891909aeebbffff,,,,,,,,,1,0.1
89195daf607ffff,,,,,,,,,1,0.1
89194042adbffff,,,,,,1,,,,0.75
8919583924fffff,,,,,,1,,,,0.75
89195ab528fffff,,,,,,,,,1,0.1
8919296ad43ffff,,,,,,,,,1,0.1
891948560b3ffff,,,,,,,,,1,0.1
89195946877ffff,,,,,,,,,1,0.1
89195ec8463ffff,,,,,,,,,1,0.1
89182c124dbffff,,2,,,1,,,1,1,2.7
891870d9383ffff,,,,,1,,1,,7,2.08
891909acc6bffff,,,,,1,,,,2,0.8
891909af2b7ffff,1,,,,1,,,,,1.6
89194a542cbffff,,1,,,1,,,4,,2.3
89194a95b3bffff,,,,,1,,,,,0.6
89194aaa3b3ffff,1,,,,1,,,,1,1.7
89194e214abffff,,,,,1,,,,,0.6
8919552ca73ffff,,,,,1,,,,,0.6
8919580f6afffff,1,,,,2,,,5,1,3.3
89195871463ffff,2,1,1,,1,,,,1,4.3
8919587148fffff,1,2,,1,1,,,,3,4.5
8919587ae9bffff,1,1,,,1,,,,5,3
89195932627ffff,,,,,1,,,,,0.6
891959aa0afffff,,,,,1,,,,,0.6
891959aa2dbffff,,,,,1,,,2,,1
891959b8037ffff,,,,,1,,,,,0.6
89195c55957ffff,,,,,1,,,1,,0.8
89195cad173ffff,,1,,,1,,,,1,1.6
89195d09d8bffff,,,,,1,,,1,1,0.9
89195daeea7ffff,1,,,,1,,,,,1.6
89197262417ffff,,1,,,1,,,,,1.5
8919727716fffff,,,,,1,,,,,0.6
8919728b34fffff,,,,,1,,,,,0.6
8918280ac57ffff,,,,,1,,,,,0.6
89182c17453ffff,,,,,1,,,5,,1.6
89182e22b3bffff,,,,,1,,,2,,1
89187471acfffff,,1,,,1,,,1,,1.7
891909a0d7bffff,,,,,2,,,1,,1.4
89194ac043bffff,,1,,,1,,,1,1,1.8
89194ad229bffff,,11,,,1,,1,11,1,13.58
891951b7553ffff,,2,,,1,,1,5,1,4.28
891958a6253ffff,,,,,1,,,,,0.6
89195b78e67ffff,1,,,,3,,,,,2.8
89195d825d3ffff,,1,,,1,,,4,,2.3
8919733552fffff,,1,,,1,,,1,,1.7
89182a3a4abffff,,,,,,,,3,,0.6
89182a90ba3ffff,,,,,,,,1,,0.2
89182c17413ffff,1,5,,,,,,27,2,11.1
89194105a17ffff,,,,,,3,,7,2,3.85
891948c1113ffff,,,,,,,,2,,0.4
89194e69b93ffff,,,,,,,,4,,0.8
89194e6f207ffff,,,,,,,,1,,0.2
89195a16e1bffff,,1,,,,,,1,2,1.3
89195c95ac3ffff,,,,,,,,6,,1.2
89194a0d643ffff,,,,,,,3,,,2.34
89195cb666fffff,,,,,,,1,2,,1.18
891952d6e47ffff,,,,,,,,,1,0.1
891952d6e53ffff,,,,,,,,,1,0.1
8919591563bffff,,,,,,,,,1,0.1
89195c90d87ffff,,,,,,,,,1,0.1
89195ed8513ffff,,,,,,,,,1,0.1
8919728b003ffff,,,,,1,,,1,1,0.9
89180cd95d3ffff,,,,,,,,1,,0.2
8918258eacbffff,,,,,,,,1,,0.2
8918280adbbffff,,,,,,,,1,,0.2
8918280e613ffff,,,,,,,,1,,0.2
891828b808bffff,,,,,,,,1,1,0.3
8918729226fffff,,,,,,,,1,,0.2
8918746ea3bffff,,1,,,,,,4,,1.7
8919012ad47ffff,,,,,,,,1,,0.2
891909ac12fffff,,1,,1,,,,6,1,3
891909b6dcbffff,,,,,,,,1,,0.2
89192b6c117ffff,,,,,,,,1,,0.2
891940736b7ffff,,,,,,,,1,2,0.4
8919410c197ffff,,,,,,,,1,,0.2
891941336b3ffff,,,,,,,,1,,0.2
891941704d7ffff,,,,,,,,2,1,0.5
89194235c47ffff,,,,,,,,1,,0.2
8919424c91bffff,,,,,,,,1,,0.2
89194255537ffff,,,,,,,,1,,0.2
8919426202bffff,,,,,,,,1,1,0.3
8919427a22fffff,,,,,,,,2,,0.4
8919429a917ffff,,,,,,,,2,,0.4
891942c5c63ffff,1,,,,,,,1,,1.2
891942d0443ffff,,,,,,,,1,,0.2
891943c8177ffff,,,,,,,,1,,0.2
89194638023ffff,,,,,,,,2,,0.4
89194a595bbffff,,,,,,,,1,,0.2
89194ac950bffff,4,2,,,,,,7,1,7.3
89194aca49bffff,1,,,,,,,2,1,1.5
89194ace6afffff,,,,,,,,1,,0.2
89194ad1267ffff,,1,,,,,,1,1,1.2
89194ad1d0fffff,,,,,,,,1,,0.2
89194ad202fffff,,,,,,,,2,,0.4
89194ad3063ffff,,1,,,,,,3,,1.5
89194ad348bffff,2,,,,,,,8,1,3.7
89194ad9187ffff,,1,,,,,,2,,1.3
89194e4b02fffff,,5,,,,,,1,,4.7
89194e69b4bffff,,,,,,,,1,1,0.3
89194e85553ffff,,3,,,,,,1,2,3.1
8919510501bffff,,,,,,,,1,,0.2
891951b5467ffff,,2,,,,,,1,,2
8919548347bffff,,,,,,,,1,,0.2
891955d004bffff,,,,,,,,1,,0.2
891956ab5a3ffff,,,,,,,,1,,0.2
8919580cba7ffff,,,,,,,,2,,0.4
89195839223ffff,,1,,,,,1,5,2,2.88
8919586b0d3ffff,,,,,,,,3,1,0.7
8919586b4b7ffff,,,,,,,,3,,0.6
8919587320bffff,,,,,,,,1,,0.2
891958a7093ffff,,,,,,,,1,1,0.3
891958ba99bffff,,,,,,,,1,,0.2
8919590d01bffff,,1,,,,,,1,,1.1
8919591087bffff,,1,,,,,,1,2,1.3
89195912b53ffff,1,,,1,,,,1,,2
8919593a287ffff,,,,,,,,1,,0.2
8919597222fffff,,,,,,,,1,1,0.3
89195999a83ffff,,,,,,,,1,1,0.3
891959aa68bffff,,,,,,1,,1,1,1.05
891959b9d03ffff,,4,,,,,,5,2,4.8
891959bad2fffff,,1,,,,,,2,2,1.5
89195b72033ffff,2,,,1,,,,1,,3
89195b78a6bffff,,,,,,,,1,,0.2
89195c0cbabffff,,,,,,,,1,,0.2
89195c31c33ffff,,,,,,,,1,,0.2
89195c82c87ffff,1,2,,,,,,2,1,3.3
89195cb6283ffff,,,,1,,,,2,,1.2
89195d31217ffff,,,,,,,,1,,0.2
89195d38b57ffff,,,,,,,,1,,0.2
89195d64457ffff,,,,,,,,1,,0.2
89195da492fffff,,,,,,,,1,,0.2
89195da4d33ffff,,3,,,,,,8,1,4.4
89195da9c63ffff,,,,,,,,1,,0.2
89195db1e6fffff,,2,,,,,,1,,2
89195ec6087ffff,,,,,,,,1,,0.2
89197275893ffff,1,,,1,,,,1,,2
891973230c3ffff,,,,,,,,2,1,0.5
891951851c7ffff,,,,,,,,,1,0.1
891942c92afffff,,,,,,,,,2,0.2
89195189607ffff,,,,,,,,,1,0.1
89182a30a63ffff,,,,,,,,,1,0.1
89182a3a56fffff,,,,,,,,,1,0.1
89194ad1d2bffff,,,,,,,,,2,0.2
89194adb04bffff,2,,,,,,,1,1,2.3
89194adb287ffff,1,,,,,,,,3,1.3
89194ed418bffff,,,,,,,,,1,0.1
891951a65d7ffff,,,,,,,,,1,0.1
89195cb4653ffff,,,,,,,,,1,0.1
89195d2869bffff,,,,,,,,,1,0.1
8919424cccfffff,1,,,,,,,,,1
89194ac305bffff,1,,,,,,,,1,1.1
89195564637ffff,2,,,,,,,,1,2.1
89194ad33bbffff,1,,,,,,,,,1
89195c4a907ffff,1,1,,,,,,,,1.9
89195d2644bffff,1,,,,,,,,3,1.3
89195d6e127ffff,1,,,,,,,,,1
89195d8ab83ffff,1,,,,,,,,,1
8919723921bffff,1,,,,,,,,,1
89182a0486fffff,2,,,,,,,,,2
89182c16eabffff,1,,,,,,,,,1
89182c8f257ffff,1,2,,,,,,,,2.8
89194072687ffff,1,,,,,,,1,,1.2
89194ac26abffff,1,,,,,,,,,1
89194e6ad6bffff,1,,,,,,,,,1
891951b5093ffff,,,,,,,,,1,0.1
89192b74c37ffff,,,,,,,,,1,0.1
89194e69bc3ffff,,,,,,,,,1,0.1
8919580b64fffff,1,1,,,,,,2,1,2.4
89182a3a68fffff,,1,,,,,,,,0.9
89182c8dc07ffff,1,1,,,,,,1,,2.1
8919092cc77ffff,,1,,,,,,,2,1.1
8919416c617ffff,,1,,,,,,,,0.9
8919424c323ffff,,1,,,,,,,,0.9
891942546cbffff,,1,,,,,,1,,1.1
891943cce5bffff,,1,,,,,,,,0.9
89194a0e947ffff,,1,,,,,,,,0.9
89194ac3517ffff,,1,,,,,,,,0.9
89194e60043ffff,,2,,,,,,,1,1.9
89194e76d27ffff,,1,,,,,,,,0.9
89194e85093ffff,,1,,,,,,,,0.9
89194ec91bbffff,,2,,,,,,,,1.8
89194ed6a5bffff,,2,,,,,,,,1.8
8919519aeafffff,,1,,,,,,,,0.9
891951b766bffff,,1,,,,,,,,0.9
891952d44afffff,,1,,,,,,,,0.9
891953ac40fffff,,1,,,,,,1,1,1.2
891953adc6bffff,,1,,,,,,,,0.9
891954d958fffff,,1,,,,,,,,0.9
8919550d667ffff,,1,,,,,,,,0.9
891955d8ea3ffff,,2,,,,,,,1,1.9
891958ba983ffff,,1,,,,,,,1,1
89195910923ffff,,1,,,,,,,2,1.1
89195915487ffff,1,1,,,,,,,1,2
891959b83afffff,,1,,,,,,,,0.9
891959baa0fffff,,1,,,,,,,,0.9
89195b7316fffff,,3,,,,,,2,,3.1
89195c00db7ffff,1,1,,,,,,1,,2.1
89195c48307ffff,,1,,,,,,,,0.9
89195c9512bffff,,2,,,,,,,,1.8
89195ca3093ffff,,1,,,,,,1,,1.1
89195cd70d3ffff,,1,,,,,,,,0.9
89195d20337ffff,,1,,,,,,,,0.9
89195d21367ffff,,1,,,,,,1,,1.1
89195d3089bffff,,1,,,,,,,,0.9
89195d88897ffff,,1,,,,,,,,0.9
89195da42c3ffff,,1,,,,,,1,,1.1
89195da4507ffff,,1,,,,,,,,0.9
8919728b3a3ffff,,1,,,,,,,,0.9
89197335517ffff,,2,,,,,,,,1.8
8919734aea7ffff,,1,,,,,,,,0.9
891941adc97ffff,,,,,,,,,1,0.1
89194a72543ffff,,,,,,,,,1,0.1
89194e2dc17ffff,,,,,,,,,1,0.1
89194e48ac7ffff,,,,,,,,,1,0.1
8919521960fffff,,,,,,,,,1,0.1
891953b6ea7ffff,,,,,,,,,1,0.1
891954d327bffff,,,,,,,,,1,0.1
89195874c97ffff,,,,,,,,,1,0.1
89195a12a03ffff,,,,,,,,,2,0.2
89195b02183ffff,,,,,,,,,1,0.1
89195b44a13ffff,,,,,,,,,1,0.1
89195d2ea03ffff,,,,,,,,,1,0.1
89194360877ffff,1,,,,,,,,,1
89195da4ad3ffff,,,,1,,,,,,0.8
891958108dbffff,,,,1,,,,,1,0.9
8919582aac7ffff,,,,1,,,,,,0.8
891958392b3ffff,,,,1,,,,,,0.8
89195ab236bffff,,,,1,,,,,,0.8
89195d4224bffff,,,,1,,,,,1,0.9
89195d8d8b7ffff,,,,1,,,,,,0.8
89195da4c7bffff,,1,,,,,,,,0.9
89195db5ed7ffff,,1,,,,,,,,0.9
89194a7219bffff,1,,,,,,5,3,,5.5
89182c16ea3ffff,,,,,,,,,1,0.1
89194304153ffff,,,,,,,,,1,0.1
89194ebb2afffff,,,,,,,,,1,0.1
891951896a3ffff,,,,,,,,,2,0.2
891951b1213ffff,,,,,,,,,1,0.1
891951d499bffff,,,,,,,,,1,0.1
89195a87357ffff,,,,,,,,,1,0.1
89197281693ffff,,,,,,,,,1,0.1
8918238f463ffff,2,,,,,,,,,2
891828410b3ffff,2,,,,,,,2,,2.4
89182e5b107ffff,1,,,,,,,,,1
891909af313ffff,1,,,,,,,,,1
89194072633ffff,1,,,,,,,,,1
891942b8013ffff,1,,,,,,,,2,1.2
891942d5623ffff,1,,,,,,,,,1
89194ac284fffff,1,,,,,,,,,1
89194ad892bffff,1,,,,,,,,,1
89194e13407ffff,1,,,,,,,,2,1.2
891951b1e0fffff,1,,,,,,,,,1
89195bd9da7ffff,1,,,,,,,,,1
89195d2b237ffff,1,,,,,,,,,1
8919768c84bffff,1,,,,,,,,,1
8919586b697ffff,,,,,,,,,1,0.1
891943269a3ffff,,,,,,,,,1,0.1
89195c0ea0fffff,,,,,,,,,2,0.2
8909a44c283ffff,,,,,,,,,1,0.1
89180100207ffff,,,,,,,,1,1,0.3
89182192407ffff,,,,,,,,,1,0.1
891821c5123ffff,,,,,,,,,1,0.1
89182526017ffff,,,,,,,,,1,0.1
89182539aabffff,,,,,,,,,1,0.1
891825b7353ffff,,,,,,,,,1,0.1
891870d427bffff,,,,,,,,,1,0.1
891874b2427ffff,,,,,,,,,1,0.1
8919096c3afffff,,,,,,,,1,1,0.3
89194048b47ffff,,,,,,,,,1,0.1
89194105127ffff,,,,,,,,,1,0.1
89194156983ffff,,,,,,,,,1,0.1
8919423aa53ffff,,,,,,,,,1,0.1
89194282b73ffff,,,,,,,,,1,0.1
891942b1513ffff,,,,,,,,,1,0.1
891946533a7ffff,,,,,,,,,1,0.1
89194a08213ffff,,,,,,,,,1,0.1
89194a51067ffff,,,,,,,,,1,0.1
89194ac3397ffff,,,,,,,,,1,0.1
89194ad1513ffff,,,,,,,,,1,0.1
89194ad22b3ffff,,,,,,,,,1,0.1
89194e6812bffff,,,,,,,,,1,0.1
89194e68c93ffff,,,,,,,,,1,0.1
89194e6a6a3ffff,,,,,,,,,1,0.1
89194e82eabffff,,,,,,,,,1,0.1
89195181d33ffff,,,,,,,,,1,0.1
8919528ad1bffff,,,,,,,,,1,0.1
8919552d2cbffff,,,,,,,,,1,0.1
89195559423ffff,,,,,,,,,1,0.1
89195564b67ffff,,,,,,,,,1,0.1
89195845d8bffff,,,,,,,,,1,0.1
89195876137ffff,,,,,,,,,1,0.1
8919589651bffff,,,,,,,,,1,0.1
891958a63a3ffff,,,,,,,,,1,0.1
89195958617ffff,,,,,,,,,1,0.1
89195a10b8bffff,,,,,,,,,1,0.1
89195a890b7ffff,,,,,,,,,1,0.1
89195b10dc7ffff,,,,,,,,,1,0.1
89195b78e93ffff,,,,,,,,,1,0.1
89195c433b3ffff,,,,,,,,,1,0.1
89195c4c0a3ffff,,,,,,,,,1,0.1
89195c64b97ffff,,,,,,,,,1,0.1
89195c93387ffff,,,,,,,,,1,0.1
89195cb72bbffff,,,,,,,,,1,0.1
89195d2cd47ffff,,,,,,,,,1,0.1
89195d3033bffff,,,,,,,,,1,0.1
89195d42bcfffff,,,,,,,,,1,0.1
89195d51b8fffff,,,,,,,,,1,0.1
89195d984a3ffff,,,,,,,,,1,0.1
89197334ecfffff,,,,,,,,,1,0.1
8919737b39bffff,,,,,,,,,1,0.1
8919768c017ffff,,,,,,,,,1,0.1
891825ad997ffff,,,,,,,,1,,0.2
8918280d6bbffff,1,,,,,,,1,,1.2
891870d095bffff,,,,,,,,1,,0.2
8919083834bffff,,,,,,,,2,,0.4
891941ac6c7ffff,,,,,,,,1,,0.2
8919425557bffff,,,,,,,,1,,0.2
89194676403ffff,,,,,,,,1,,0.2
89194acb2b3ffff,,,,,,,,1,,0.2
89194ad0d37ffff,,,,,,,,1,,0.2
89194ad10b7ffff,,,,,,,,1,,0.2
89194ad2dcfffff,,,,,,,,1,,0.2
89194e692abffff,,,,,,,,1,,0.2
89194e6d10fffff,,,,,,,,1,,0.2
89195196917ffff,,,,,,,,1,,0.2
891952c04a7ffff,,,,,,,,1,,0.2
891953ac473ffff,,,,,,,,1,,0.2
891958092a3ffff,,,,,,,,1,,0.2
8919580f46fffff,,,,,,,,1,,0.2
8919586b363ffff,,,,,,,,1,,0.2
89195879a2bffff,,,,,,,,1,,0.2
89195879a33ffff,,,,,,,,5,,1
89195887383ffff,,,,,,,,1,,0.2
891958c93c3ffff,,,,,,,,1,,0.2
89195aa19c3ffff,,,,,,,,1,,0.2
89195d1062fffff,,,,,,,,1,,0.2
89195dad80bffff,,,,,,,,1,,0.2
8919768d9a7ffff,,,,,,,,1,,0.2
89194a722b7ffff,,,,,,,,1,,0.2
89197272643ffff,,,,,,,,1,,0.2
89182c176b7ffff,,,,,,,,1,,0.2
89182e5a22fffff,,,,,,,,1,,0.2
8919088c36bffff,,,,,,,,1,1,0.3
891909aee37ffff,,,,,,,,1,,0.2
89190c0f4abffff,,,,,,,,1,,0.2
8919424c397ffff,,,,,,,,1,,0.2
89194321dd3ffff,,,,,,,,1,,0.2
8919432c287ffff,,,,,,,,1,,0.2
89194362ec3ffff,,,,,,,,1,,0.2
89194a49497ffff,,,,,,,,1,,0.2
89194ad0623ffff,,,,,,,,1,,0.2
89194ad14b7ffff,,,,,,,,1,,0.2
89194ad22cbffff,,,,,,,,1,,0.2
89194ad364bffff,,,,,,,,1,1,0.3
89194ad367bffff,,,,,,,,2,,0.4
89194ada5c7ffff,,,,,,,,2,,0.4
89194adad83ffff,,,,,,,,2,,0.4
89194ec9343ffff,,,,,,,,1,,0.2
891951b5587ffff,,,,,,,,1,,0.2
89195bcd38bffff,,,,,,,,1,,0.2
89195c05b87ffff,,,,,,,,1,,0.2
89195d79047ffff,,,,,,,,1,,0.2
89195d8aed3ffff,,,,,,,,1,,0.2
89195da48afffff,,,,,,,,3,,0.6
89195da6133ffff,,,,,,,,1,,0.2
89197320cc7ffff,,,,,,,,1,,0.2
8919764dad7ffff,,,,,,,,1,,0.2
89195324273ffff,,,,,,,,,1,0.1
8919402c4d3ffff,,,,,,,,,1,0.1
89194207167ffff,,,,,,,,,1,0.1
89194a8d647ffff,,,,,,,,,1,0.1
891940cb063ffff,,,,,,,,,1,0.1
8919420c93bffff,,,,,,,,,1,0.1
89194aa14b7ffff,,,,,,,,,1,0.1
89195c77583ffff,,,,,,,,,1,0.1
89195d3286bffff,,,,,,,,,1,0.1
89195d34bdbffff,,,,,,,,,1,0.1
89195bd494fffff,,,,,,,,,1,0.1
89182c12963ffff,1,,,,,,,,,1
89194851093ffff,1,,,,,,,,,1
891973a8a43ffff,1,,,,,,,,,1
89194ace603ffff,,,,,,,,,1,0.1
89194ad060fffff,,1,,,,,,2,1,1.4
8909a478e57ffff,,,,,,,,,1,0.1
89182c09a2fffff,,,,,1,,,,,0.6
89182c1602fffff,8,7,,1,5,,,15,4,21.5
891909aea1bffff,,,,,1,,,,,0.6
89192b60a8fffff,,,,,1,,,1,,0.8
8919407059bffff,2,2,,,1,,,1,1,4.7
891948c1c23ffff,1,,,,2,,,1,,2.4
89194ad0607ffff,2,,,,3,,,,,3.8
89194ad3467ffff,,3,,,1,1,,3,1,4.75
89194adaa23ffff,1,,,,1,,1,2,,2.78
89195123287ffff,,,,,1,,,,,0.6
89195195dabffff,,,,,1,,,,,0.6
891959b519bffff,,,,,1,,,,,0.6
8919727b563ffff,,,,1,1,,,,,1.4
891972b943bffff,1,,,,1,,,1,,1.8
8919732c62fffff,,,,,1,,,,,0.6
89194e949d3ffff,,,,,2,,,2,,1.6
8919590d40bffff,2,1,,,1,,,1,,3.7
891959841bbffff,,,,1,1,,,3,1,2.1
891959ab52fffff,,1,,,1,,,,,1.5
89195a580dbffff,,,,,1,,,,,0.6
89195c05e6fffff,2,1,,,1,,,,,3.5
89195c0f637ffff,,1,,,1,,,1,,1.7
89195d2b153ffff,3,3,,,5,,,6,2,10.1
89197276167ffff,1,2,,,1,,,5,,4.4
89197322cafffff,,1,,,3,,,6,1,4
89182c8db73ffff,,,,,,,,5,,1
89182eb436fffff,,1,,,,,,2,,1.3
8919426a48bffff,1,1,,,,,,3,,2.5
89194a0d277ffff,,,,,,,2,2,,1.96
891956d6933ffff,,,,,,,,1,1,0.3
8919589828fffff,,,,,,,,1,,0.2
8919733638bffff,,,,,,,,1,,0.2
89194840883ffff,,,,,,,1,,,0.78
89195180347ffff,,,,,,,3,,,2.34
89195180397ffff,,,,,,,1,,,0.78
891952d6e8fffff,,,,,,,,,1,0.1
891942c5897ffff,,,,,,,,,1,0.1
89194ad201bffff,1,2,,,,,,4,3,3.9
89194e6996bffff,,,,,,,,,1,0.1
8918018985bffff,,,,,,,,,1,0.1
89182a312cfffff,,,,,,,,2,,0.4
89182a3b007ffff,1,,,,,,,1,,1.2
89182c17487ffff,,,,,,,,1,,0.2
89182c17497ffff,,,,,,,,1,,0.2
89182c6c4d7ffff,,,,,,,,1,,0.2
891874168b3ffff,,,,,,,,1,,0.2
891874ace93ffff,1,,,,,,,1,,1.2
89190944203ffff,,,,,,,,1,1,0.3
891909b4b57ffff,,,,,,,,1,,0.2
89192b08623ffff,,1,,,,,,2,,1.3
89192b72687ffff,,,,,,,,1,,0.2
89194105a47ffff,,,,,,,,1,,0.2
89194136433ffff,,,,,,,,1,,0.2
89194158d13ffff,,,,,,,,1,,0.2
8919416e267ffff,,,,,,,,1,,0.2
891942001cfffff,,,,,,,,1,,0.2
8919420c84bffff,,,,,,,,1,1,0.3
8919424f427ffff,,,,,,,,1,,0.2
8919426da0bffff,,,,,,,,1,,0.2
8919429a93bffff,1,1,,1,,,,2,,3.1
891942a656fffff,,,,,,,,1,,0.2
891942cd01bffff,,,,,,,,1,,0.2
89194a5650bffff,,,,,,,,2,,0.4
89194a72113ffff,,2,,,,,2,5,2,4.56
89194a93303ffff,,1,,,,,,1,,1.1
89194a9330fffff,,,,,,,,1,,0.2
89194ac111bffff,,,,,,,,2,,0.4
89194ac6ad3ffff,,,,,,,,1,1,0.3
89194ac954fffff,,,,,,,,1,,0.2
89194ad0267ffff,,,,,,,,3,,0.6
89194ad0573ffff,,1,,,,,,3,,1.5
89194ad0aafffff,,1,,,,,,3,1,1.6
89194ad366bffff,,,,,,,,6,1,1.3
89194ad4d87ffff,,,,,,,,1,,0.2
89194ada59bffff,,,,,,,,2,,0.4
89194adb193ffff,1,,,,,,,1,,1.2
89194e68403ffff,,,,,,,,1,,0.2
89194e69a2bffff,,1,,,,,,4,,1.7
89194e6a64fffff,,,,,,,,2,,0.4
89194e6e953ffff,,1,,,,,,1,,1.1
89195104477ffff,1,,,,,,,1,,1.2
8919512f053ffff,,,,,,,,1,,0.2
8919513b39bffff,,1,,,,,,5,,1.9
89195169a23ffff,,,,,,,,1,,0.2
8919518538bffff,1,,,,,,,1,2,1.4
8919518730bffff,,,,,,,,1,,0.2
891951b7187ffff,,,,,,,,1,,0.2
89195249ed3ffff,1,2,,,,,,3,1,3.5
8919529066bffff,,,,,,,,2,1,0.5
8919581639bffff,,,,,,,,1,,0.2
89195822e83ffff,,,,,,,,1,,0.2
8919583931bffff,,1,,,,,,1,,1.1
8919587820bffff,,,,,,,,1,,0.2
8919588c043ffff,,,,,,,,1,,0.2
891958aaaa7ffff,1,,,,,,,1,,1.2
89195970617ffff,,,,,,,,1,,0.2
89195973167ffff,2,2,,,,,,2,,4.2
89195980c8bffff,,,,,,,,1,,0.2
891959d4a83ffff,1,,,,,,,1,,1.2
89195a15d7bffff,,1,,,,,,1,,1.1
89195a580d3ffff,,,,,,,,1,1,0.3
89195a58447ffff,,,,,,,,2,,0.4
89195a9898bffff,,,,,,,,1,,0.2
89195aaa527ffff,,,,,,,,1,,0.2
89195abad13ffff,,,,,,,,1,,0.2
89195b1890bffff,,1,,1,,,,2,,2.1
89195b6198fffff,,,,,,,,1,,0.2
89195b78e6fffff,,,,,,,,1,,0.2
89195c04213ffff,,2,,,,,,3,,2.4
89195c22403ffff,,,,,,,,1,,0.2
89195c4a903ffff,,1,,,,,,8,,2.5
89195c933c3ffff,,,,,,,,1,,0.2
89195ca592bffff,1,,,,,,,1,,1.2
89195caa957ffff,,,,,,,,1,,0.2
89195cb46dbffff,1,,,,,,,1,,1.2
89195cc0553ffff,,,,,,,,1,,0.2
89195d09c63ffff,,1,,,,,,1,,1.1
89195d1ae47ffff,,,,,,,,1,1,0.3
89195d28493ffff,,,,,,,,1,,0.2
89195d3258bffff,,1,,,,,,2,1,1.4
89195d4c5bbffff,,,,,,,,1,,0.2
89195d910afffff,,,,,,,,1,,0.2
89195da4327ffff,,,,,,,,3,,0.6
89195e0a63bffff,,,,,,,,1,,0.2
89195e7128bffff,,1,,,,,,4,,1.7
891972104b7ffff,,,,1,,,,3,,1.4
89197239247ffff,2,1,,,,,,6,1,4.2
8919728ab83ffff,,,,,,,,1,,0.2
89197334593ffff,,,,,,,,1,,0.2
8919733522fffff,,,,,,,,2,,0.4
89197335317ffff,,1,,,,,,2,,1.3
8919734ac6bffff,,,,,,,,1,,0.2
8919556445bffff,1,,,,,,,,1,1.1
8919587162bffff,,,,,,,,,3,0.3
89195a2d527ffff,,,,,,,,,1,0.1
89195aa03d7ffff,,,,,,,,,1,0.1
891972390b7ffff,,,,,,,,,1,0.1
8919729017bffff,,,,,,,,,3,0.3
891823b106fffff,,,,,,,,,1,0.1
89182880b0bffff,,,,,,,,,1,0.1
89182c8db07ffff,,,,,,,,,1,0.1
891952c626bffff,,,,,,,,,1,0.1
891958158d7ffff,,,,,,,,,1,0.1
89195dac94bffff,,,,,,,,,1,0.1
89195dacb27ffff,,,,,,,,,1,0.1
89194e04c73ffff,,,,,,,,,1,0.1
89195d2cb03ffff,,,,,,,,,1,0.1
89195da682bffff,1,,,,,,,,,1
89195dae673ffff,1,,,,,,,,,1
89194ec988bffff,1,1,,,,,,,1,2
89195198ac3ffff,,,,,,,,,2,0.2
89182c8ded7ffff,1,2,,,,,,,,2.8
89194ad31dbffff,1,,,,,,,,,1
89194ec9a23ffff,1,,,,,,,,,1
89195970457ffff,1,,,,,,,1,,1.2
89195da22dbffff,1,,,,1,,,3,,2.2
891973271d7ffff,1,,,,,,,,,1
89182c170d7ffff,1,1,,,,,,2,1,2.4
89194ac3143ffff,1,,,,,,,,,1
89194e0e443ffff,1,,,,,,,,,1
89195ab6dbbffff,1,,,,,,,,,1
89182585bb7ffff,,1,,,,,,,,0.9
891828c00d7ffff,1,2,,1,,,,,1,3.7
891828d4667ffff,,1,,,,,,,,0.9
89182a04b8bffff,,1,,,,,,,,0.9
89182aadc63ffff,,1,,,,,,,,0.9
89182c1a3afffff,,1,,,,,,,,0.9
89182c8d84fffff,,1,,,,,,,,0.9
89182e40b73ffff,,2,,,,,,,,1.8
891909a9ac3ffff,,1,,,,,,,,0.9
891909ac06fffff,1,1,,,,,,,,1.9
891909ac4d3ffff,,1,,,,,,,,0.9
89190d6a367ffff,,1,,,,,,,,0.9
8919424c51bffff,,1,,,,,,,,0.9
89194254d7bffff,,3,,,,,,,,2.7
89194284e57ffff,,1,,,,,,,,0.9
89194a0d1dbffff,,1,,,,,,,,0.9
89194a7220fffff,,1,,,,,,,,0.9
89194ad0617ffff,,1,,,,,,1,,1.1
89194ad2543ffff,1,1,,,,,,,,1.9
89194ad3413ffff,,1,,,,,,1,,1.1
89194e14427ffff,,1,,,,,,3,,1.5
89194e691afffff,,2,,,,,,1,1,2.1
89194e72dd3ffff,,1,,,,,,,,0.9
89194e8752fffff,,1,,,,,,,1,1
89195815d4bffff,,4,,,,,,,1,3.7
89195839207ffff,,1,,,,,,,,0.9
89195844467ffff,,1,,,,,,,,0.9
891959ba847ffff,,1,,,,,,,,0.9
89195c8749bffff,,1,,,,,,,,0.9
89195ca03b7ffff,,1,,,,,,,,0.9
89195cd70c7ffff,,1,,,,,,,,0.9
89195d1538bffff,,1,,,,,,1,,1.1
89195d225d3ffff,,1,,,,,,,1,1
89195d2f517ffff,,1,,,,,,,,0.9
89195d31843ffff,,3,,,,,,,,2.7
89195d88967ffff,,1,,,,,,,,0.9
89195dd026fffff,,2,,,,,,,,1.8
89195dd6283ffff,,1,,,,,,,,0.9
89195dd644fffff,,1,,,,,,,,0.9
89195edb647ffff,,1,,,,,,1,,1.1
8919720d927ffff,,1,,,,,,,,0.9
8919722480bffff,1,1,,,,,,1,2,2.3
8919727220bffff,,1,,,,,,,,0.9
89197274017ffff,,1,,,,,,,,0.9
89197322003ffff,1,1,,,,,,,,1.9
891973243d3ffff,,1,,,,,,,1,1
89197334077ffff,,1,,,,,,,1,1
89195107323ffff,,1,,,,,,,,0.9
89182ca9557ffff,,,,,,,,,1,0.1
89194042cb3ffff,,,,,,,,,2,0.2
8919460a213ffff,,,,,,,,,1,0.1
89194658497ffff,,,,,,,,,1,0.1
89194aa1673ffff,,,,,,,,,1,0.1
89194ad8a93ffff,,,,,,,,,1,0.1
89194ad8dd7ffff,,,,,,,,,1,0.1
89194ada667ffff,,,,,,,,,1,0.1
891954db33bffff,,,,,,,,,1,0.1
89195ccb053ffff,,,,,,,,,1,0.1
89195da6567ffff,,,,,,,,,1,0.1
89195ed04bbffff,,,,,,,,,1,0.1
891942433a3ffff,,,,,,,,,1,0.1
8919413b2dbffff,,,,1,,,,,1,0.9
8919518e87bffff,,,,1,,,,,,0.8
891828c003bffff,,,,1,,,,,,0.8
89190d35c7bffff,,,,1,,,,,,0.8
89194ad885bffff,,,,1,,,,,,0.8
891951b297bffff,,,,1,,,,,,0.8
8919597a2d3ffff,,,,1,,,,,,0.8
89195ab64cbffff,,,,1,,,,,,0.8
89195dae1bbffff,,,,1,,,,,,0.8
89195db4957ffff,,,,1,,,,,,0.8
89195c4455bffff,,1,,,,,,,,0.9
89194a7238bffff,,,,,,,1,,,0.78
891976bb6cbffff,1,,,,,,3,,,3.34
89194ad1167ffff,,,,1,,,,,,0.8
89194654e77ffff,,,,,,,,,1,0.1
89194ebb0abffff,,,,,,,,,1,0.1
89195190b77ffff,,,,,,,,,1,0.1
891954c0ca7ffff,,,,,,,1,,,0.78
8919420633bffff,1,,,,,,,,,1
8919426b6a7ffff,1,,,,,,,,,1
89194276623ffff,1,,,,,,,,1,1.1
8919434d683ffff,1,,,,,,,,,1
89194ac3577ffff,1,,,,,,,,,1
89194e0de1bffff,1,,,,,,,,,1
89194e84493ffff,1,,,,,,,,,1
89195451e13ffff,1,,,,,,,,,1
891958800afffff,1,,,,,,,,,1
8919588c973ffff,1,,,,,,,,,1
891958b5a6bffff,1,,,,,,,,,1
8919593038fffff,1,,,,,,,2,1,1.5
891959ba997ffff,1,,,,,,,,,1
89195cd9807ffff,1,,,,,,,,,1
89195db2473ffff,1,,,,,,,,,1
891973355afffff,1,,,,,,,,,1
891951b8233ffff,,,,,,,,,1,0.1
89194358007ffff,,,,,,,,,1,0.1
89197330193ffff,,,,,,,,,1,0.1
8909a4444cfffff,,,,,,,,,1,0.1
8918252a4b7ffff,,,,,,,,,1,0.1
891825a60abffff,,,,,,,,,1,0.1
8919081a30bffff,,,,,,,,,1,0.1
89190bd25dbffff,,,,,,,,,1,0.1
89194042c07ffff,,,,,,,,1,1,0.3
8919410e307ffff,,,,,,,,,1,0.1
89194172457ffff,,,,,,,,,1,0.1
8919417aa3bffff,,,,,,,,,1,0.1
89194200623ffff,,,,,,,,,1,0.1
89194201347ffff,,,,,,,,,1,0.1
89194201eafffff,,,,,,,,,1,0.1
89194238393ffff,,,,,,,,,1,0.1
8919427546fffff,,,,,,,,2,2,0.6
891942768a7ffff,,,,,,,,,1,0.1
891942a311bffff,,,,,,,,1,1,0.3
891942b0d9bffff,,,,,,,,,1,0.1
891942c9d47ffff,,,,,,,,,1,0.1
891942cdbd3ffff,,,,,,,,,1,0.1
8919434cbcfffff,,,,,,,,,1,0.1
891946081abffff,,,,,,,,,1,0.1
8919465ad2fffff,,,,,,,,,1,0.1
891946c9dc3ffff,,,,,,,,,1,0.1
891946cd94fffff,,,,,,,,,1,0.1
891948c0243ffff,,,,,,,,,1,0.1
89194acadc3ffff,,,,,,,,,1,0.1
89194ad93afffff,,,,,,,,,1,0.1
89194c5b573ffff,,,,,,,,,1,0.1
89194e2c373ffff,,,,,,,,,1,0.1
89194e9008bffff,,,,,,,,,1,0.1
891950945b7ffff,,,,,,,,,1,0.1
89195106babffff,,,,,,,,,1,0.1
891951861d3ffff,,,,,,,,,1,0.1
891951b184fffff,,,,,,,,,1,0.1
8919527b20fffff,,,,,,,,,1,0.1
891952d6d27ffff,,,,,,,,,1,0.1
8919558b48fffff,,,,,,,,,1,0.1
891955c0db3ffff,,,,,,,,,1,0.1
891955d9da3ffff,,,,,,,,,1,0.1
8919566497bffff,,,,,,,,,1,0.1
891958a04cbffff,,,,,,,,,1,0.1
8919594e8a7ffff,,,,,,,,,1,0.1
891959a9eb3ffff,,,,,,,,,1,0.1
89195b615a3ffff,,,,,,,,,1,0.1
89195c0e4cbffff,,,,,,,,,1,0.1
89195c2aed7ffff,,,,,,,,,1,0.1
89195c2d5bbffff,,,,,,,,,1,0.1
89195c70503ffff,,,,,,,,,1,0.1
89195ca1a8fffff,,,,,,,,,1,0.1
89195caa883ffff,,,,,,,,,1,0.1
89195cac16bffff,,,,,,,,,1,0.1
89195cc083bffff,,,,,,,,,1,0.1
89195d09ea7ffff,,,,,,,,,1,0.1
89195d3ae0fffff,,,,,,,,,1,0.1
89195d40a27ffff,,,,,,,,,1,0.1
89195e630a3ffff,,,,,,,,,1,0.1
89195e69d97ffff,,,,,,,,,1,0.1
891973274a3ffff,,,,,,,,,1,0.1
89197332907ffff,,,,,,,,,1,0.1
89197335127ffff,,,,,,,,,1,0.1
89195d37617ffff,,,,1,,,,,,0.8
891870daa47ffff,,,,,,,,2,,0.4
891909071cbffff,,,,,,,,1,,0.2
89192b6ee2fffff,,,,,,,,1,,0.2
891940730bbffff,,,,,,,,1,,0.2
8919424e967ffff,,,,,,,,1,,0.2
8919429a913ffff,,,,,,,,1,,0.2
891942c5c3bffff,,,,,,,,1,,0.2
891951b4b0bffff,,,,,,,,1,,0.2
891951b902bffff,,,,,,,,1,,0.2
8919580f6abffff,,,,,,,,1,,0.2
8919582e56bffff,,,,,,,,1,,0.2
8919586b417ffff,,,,,,,,1,,0.2
89195a14427ffff,,,,,,,,1,,0.2
89195ab6c73ffff,,,,,,,,1,,0.2
89195acc30bffff,,,,,,,,1,,0.2
89195c9a3c3ffff,,,,,,,,1,,0.2
89195d44533ffff,,,,,,,,1,,0.2
89195d88383ffff,,,,,,,,1,,0.2
89194209233ffff,,,,,,,,1,,0.2
89197332103ffff,,,,,,,,1,,0.2
891801a6ac3ffff,,,,,,,,,1,0.1
89194132b8bffff,,,,,,,,,1,0.1
89195aa15b3ffff,,,,,,,,,1,0.1
8919726abcbffff,,,,,,,,,1,0.1
8919728a42bffff,,,,,,,,,1,0.1
8919728b317ffff,,,,,,,,,1,0.1
8919732f117ffff,,,,,,,,,1,0.1
891828ba6b3ffff,,,,,,,,1,,0.2
89182a05e37ffff,,,,,,,,1,,0.2
89182c77367ffff,,,,,,,,1,,0.2
89182c8c13bffff,,,,,,,,1,,0.2
89182cab037ffff,,,,,,,,1,,0.2
89187460a8fffff,,,,,,,,2,,0.4
891909aa5dbffff,,,,,,,,1,,0.2
891909adcd3ffff,,,,,,,,1,,0.2
89194175a13ffff,,,,,,,,1,,0.2
8919422b5b3ffff,,,,,,,,1,,0.2
891948c1987ffff,,,,,,,,1,,0.2
891948ccc87ffff,,,,,,,,1,,0.2
89194a18287ffff,,,,,,,,1,,0.2
89194ad36c7ffff,,,,,,,,1,,0.2
891951a298bffff,,,,,,,,1,,0.2
89195299e17ffff,,,,,,,,1,,0.2
89195d19a97ffff,,,,,,,,1,,0.2
89195d2d047ffff,,,,,,,,1,,0.2
891972b9433ffff,,,,,,,,2,,0.4
891958340cfffff,,,,,,,,,1,0.1
891958419b7ffff,,,,,,,,,1,0.1
89194ad1a9bffff,,,,,,1,,,,0.75
89195b79273ffff,,,,,,,,,2,0.2
8919722a1bbffff,,,,,,,,,1,0.1
89192872db3ffff,,,,,,,,,1,0.1
891942b834bffff,,,,,,,,,1,0.1
89194ad0513ffff,,,,,,,,,1,0.1
89195e05517ffff,,,,,,,,,1,0.1
89182a9096fffff,1,,,,,,,,,1
891870d9313ffff,,,,,,,,,1,0.1
89197275433ffff,,,,,,,,,1,0.1
8918236ac07ffff,,,,1,1,,,2,2,2
89182880b07ffff,1,,,,1,,,2,1,2.1
89182c10563ffff,1,,,,1,,,1,,1.8
89194072673ffff,1,1,,,1,,,2,,2.9
8919420c82fffff,,,,,1,,,,,0.6
891942cecabffff,,3,,,1,,,1,,3.5
8919436232fffff,,,,,1,,,1,,0.8
89194ad99a3ffff,1,,,,1,,,6,,2.8
89195811cb7ffff,1,,,,1,,,1,,1.8
89195869237ffff,,,,,1,,,,,0.6
8919588e387ffff,,,,,1,,,,,0.6
89195909533ffff,,1,,,1,,,,1,1.6
891959baa2bffff,,2,,,1,,,,,2.4
89195c343a7ffff,1,1,,,1,,,,,2.5
89195cc23d3ffff,,,,,1,,,,,0.6
89195d09a1bffff,,1,,,1,,,24,,6.3
89195da1bd7ffff,,,,,1,,,,,0.6
89195da5b63ffff,,,,,1,,,,1,0.7
89195db8bb3ffff,,,,,1,,,,,0.6
89195dd9bcbffff,,1,,,2,,,1,1,2.4
891972600abffff,,,,,1,,,,,0.6
89197262e27ffff,,,,,1,,,,,0.6
89197332a8bffff,1,2,,,1,,,1,3,3.9
89182a3a217ffff,,,,,1,,,,,0.6
891909a1a67ffff,,,,,1,,,2,3,1.3
89190c8eb67ffff,1,,,,1,,,4,1,2.5
89192c298cbffff,,,,,1,,,,,0.6
891942149afffff,,,,,1,,,,,0.6
8919429a9c3ffff,1,5,,,10,,,20,2,15.7
891943171c7ffff,,,,,1,,,,,0.6
89194ac8b37ffff,1,2,,,1,,,2,,3.8
89194adabcfffff,,2,,,1,,,4,1,3.3
891951853b7ffff,2,1,,1,3,,,5,1,6.6
8919580f633ffff,1,,,1,2,,,4,1,3.9
8919584ee6bffff,,,,,1,,,1,,0.8
89195d2cb7bffff,1,1,,,1,,,8,2,4.3
89195d2ee7bffff,,2,,,4,,,5,,5.2
89195db482bffff,,2,,,3,,,3,,4.2
8919728f123ffff,1,2,,,1,,,6,,4.6
89182c1740fffff,,,,,,,,8,2,1.8
89182c8d097ffff,,,,,,,,1,,0.2
891909ac503ffff,,1,,,,,,7,1,2.4
89194072423ffff,,,,,,,,1,,0.2
89194201887ffff,,,,,,,,1,2,0.4
8919429a9dbffff,,4,,,,,,16,1,6.9
891942c5803ffff,,,,,,,,2,,0.4
891943268a3ffff,,,,,,,,3,,0.6
89194ad145bffff,,1,,,,,,5,,1.9
89194ad2ebbffff,,,,,,,,2,1,0.5
89194ad35b7ffff,,2,,,,,,2,,2.2
89194adad63ffff,,1,,,,,,7,,2.3
89194e53187ffff,,,,,,,,1,,0.2
89194e69143ffff,,,,,,,,1,,0.2
89195104033ffff,,,,,,,,2,,0.4
891951b844fffff,,1,,,,,,2,,1.3
89195c3b19bffff,,2,,,,,,4,,2.6
89195d2cc23ffff,,4,,,,,,4,,4.4
89195da5377ffff,2,2,,,,,,4,2,4.8
89195a1545bffff,,1,,,,,1,1,,1.88
89182c17323ffff,,,,,,,,,3,0.3
89195564ecbffff,,,,,,,,1,1,0.3
891959b4093ffff,,,,,,,,,1,0.1
89182375223ffff,,,,,,,,1,,0.2
89182a2ac27ffff,,,,,,,,1,,0.2
89182c14553ffff,1,,,,,,,2,,1.4
89182c60ea3ffff,,,,,,,,1,,0.2
89182c69453ffff,,,,,,,,1,,0.2
89182c8d55bffff,,,,,,,,1,,0.2
89182cab6a3ffff,,,,,,,,1,1,0.3
89182eb40a3ffff,,,,,,,,1,,0.2
89187475577ffff,,1,,,,,,1,,1.1
891874ae373ffff,,,,,,,,1,,0.2
891874bad2bffff,,,,,,,,1,1,0.3
891909ac46fffff,,,,,,,,2,,0.4
891909ac543ffff,1,,,,,,,3,1,1.7
891909ac547ffff,,,,,,,,1,,0.2
89190dc8c13ffff,,,,,,,,1,,0.2
89192aac29bffff,,,,,,,,1,,0.2
89192b3324fffff,,,,,,,,1,,0.2
89192b6c18fffff,,,,,,,,6,,1.2
89192b6cc77ffff,,,,,,,,1,1,0.3
89192b6ce9bffff,,,,,,,,1,,0.2
891941aca2fffff,,,,,,,,1,,0.2
89194219c17ffff,,,,,,,,1,,0.2
89194245e5bffff,,,,1,,,,1,,1
891942525dbffff,1,,,,,,,1,,1.2
891943d0c8fffff,,,,,,,,1,,0.2
89194a01b27ffff,,,,,,,,1,,0.2
89194a0d27bffff,,,,,,,4,3,,3.72
89194a72193ffff,1,3,,,,,3,4,,6.84
89194a86b97ffff,,,,,,,,1,,0.2
89194aca1b7ffff,,,,,,,,2,,0.4
89194ad105bffff,,1,,,,,,1,1,1.2
89194ad26abffff,1,,,,,,,1,1,1.3
89194ad3353ffff,,1,,,,,,2,,1.3
89194e0d54bffff,,,,1,,,,1,,1
89194e2dcabffff,,,,,,,,1,2,0.4
89194e4c9abffff,,,,,,,,1,,0.2
89194e51047ffff,,,,,,,,1,,0.2
89194e691a7ffff,,,,,,,,1,,0.2
891951026d7ffff,,,,,,,,1,,0.2
891958232b3ffff,,,,,,,,2,,0.4
8919586b017ffff,,,,,,,,1,,0.2
8919586b457ffff,1,1,,,,,,3,,2.5
8919586e6cbffff,,,,,,,,1,,0.2
89195885543ffff,,1,,,,,,2,,1.3
89195898207ffff,,,,,,,,1,,0.2
89195985163ffff,,,,,,,,1,,0.2
89195a29897ffff,,,,,,,,1,,0.2
89195ab05b3ffff,,,,,,,,1,1,0.3
89195b6336bffff,,,,,,,,1,,0.2
89195b6336fffff,,,,,,,,1,,0.2
89195bb5047ffff,,,,,,,,1,1,0.3
89195c3b3cfffff,,,,,,,,1,,0.2
89195c6486bffff,,1,,,,,,2,1,1.4
89195cb6297ffff,,1,,,,,,2,,1.3
89195cb6657ffff,,,,,,,,1,,0.2
89195d09877ffff,,2,,,,,,2,,2.2
89195d26553ffff,1,,,,,,,1,,1.2
89195d2b3d7ffff,,2,,,,,,2,,2.2
89195d2cd13ffff,,1,,,,,,1,,1.1
89195d42b57ffff,,,,1,,,,1,,1
89195d4c52fffff,,,,,,,,1,2,0.4
89195da444fffff,1,,,,,,,6,,2.2
89195da49d3ffff,,,,,,,,1,,0.2
89195da4b6fffff,,,,,,,,4,,0.8
89195da4d17ffff,,1,,,,,,12,,3.3
89195da4dafffff,,,,,,,,1,,0.2
89195da5e47ffff,,,,,,,,3,,0.6
89195db1c6fffff,,,,,,,,1,,0.2
89195db4813ffff,,,,,,,,1,,0.2
89195dc25cfffff,1,,,,,,,2,,1.4
89195e0ed0bffff,,,,,,,,1,,0.2
8919727651bffff,,,,,,,,2,,0.4
891972765a7ffff,,,,,,,,3,,0.6
891972ca057ffff,2,1,,,,,,1,,3.1
89197336043ffff,,,,,,,,1,,0.2
89197616dabffff,,,,,,,,,2,0.2
891823b8627ffff,,,,,,,,,1,0.1
8919423b593ffff,,,,,,,,,1,0.1
89194a55527ffff,,,,,,,,,1,0.1
891951b66cfffff,,,,,,,,,1,0.1
89195ac5353ffff,,,,,,,,,2,0.2
89195dadc7bffff,,,,,,,,,1,0.1
89195db20dbffff,,,,,,,,,2,0.2
89197332957ffff,,,,,,,,,2,0.2
89195da318fffff,,,,,,,,,1,0.1
8919720d937ffff,,,,,,,,,1,0.1
89194e6904bffff,,,,,,,,1,1,0.3
89194a54693ffff,2,,,,,,,,,2
89194ad2287ffff,1,1,,,,,,,,1.9
891951853abffff,1,,,1,,,,,,1.8
891959aa0bbffff,1,,,,,,,,,1
89195bc6c03ffff,1,,,,,,,,,1
891942c584fffff,,,,,,,,,1,0.1
891828c046fffff,1,,,,,,,,,1
89182c163a3ffff,1,,,,,,,,,1
89182c16cabffff,1,,,,,,,,,1
891942c53abffff,1,1,,,,,,,1,2
89194e4884fffff,2,1,,,,,,,,2.9
891952d6c3bffff,1,,,,,,,,,1
89195c6483bffff,2,,,,,,,,,2
89195d22a4fffff,2,,,,,,,,,2
89195d31143ffff,1,,,,,,,,1,1.1
89195db4873ffff,2,,,,,,,,,2
891909ace93ffff,,,,,,,,,1,0.1
89182c0aa57ffff,1,,,1,,,,,1,1.9
89182566807ffff,,1,,,,,,,,0.9
89182c03123ffff,,1,,,,,,,,0.9
89182c8db33ffff,,1,,,,,,,,0.9
89182e585dbffff,,1,,,,,,,,0.9
891870daa8bffff,,1,,,,,,,,0.9
891909aee63ffff,,1,,,,,,,,0.9
89192b6c1d7ffff,,1,,,,,,,,0.9
89192b6c537ffff,,1,,,,,,,2,1.1
891941af017ffff,,1,,,,,,,,0.9
8919420c913ffff,,1,,,,,,,,0.9
89194220b43ffff,,1,,,,,,,,0.9
89194340bb7ffff,1,2,,,,,,,,2.8
89194a0d253ffff,,1,,,,,,2,,1.3
89194a72447ffff,,1,,,,,,,,0.9
89194a90237ffff,,1,,,,,,,,0.9
89194ed05dbffff,,1,,,,,,,,0.9
89194ed1d33ffff,,2,,,,,,1,1,2.1
8919513b2abffff,,1,,,,,,,,0.9
89195180e6bffff,,1,,,,,,,,0.9
891951ab28bffff,,1,,,,,,,,0.9
891951d6b73ffff,,1,,,,,,,,0.9
89195844e4bffff,,1,,,,,,2,1,1.4
891958453d3ffff,,1,,,,,,1,,1.1
891958c2a63ffff,,1,,,,,,,,0.9
89195986103ffff,,1,,,,,,,,0.9
8919598b127ffff,,1,,,,,,,,0.9
8919599626bffff,,1,,,,,,,1,1
89195cab6c3ffff,,1,,,,,,,,0.9
89195d2a02bffff,,1,,,,,,,,0.9
89195d2b15bffff,1,1,,,,,,3,,2.5
89195d332c7ffff,,1,,,,,,,,0.9
89195d45387ffff,,1,,,,,,,,0.9
89195d8806fffff,,1,,,,,,,,0.9
89195da13a3ffff,,2,,,,,,,,1.8
89195ddb5b7ffff,,1,,,,,,,1,1
8919727446bffff,,1,,,,,,,,0.9
891973d22afffff,,1,,,,,,2,,1.3
89194ad994fffff,,,,,,,,,1,0.1
89194adab8fffff,,,,,,,,1,1,0.3
89194e6d14fffff,,,,,,,,,1,0.1
89194e6f083ffff,,,,,,,,,1,0.1
89195131647ffff,,,,,,,,,1,0.1
891951773d7ffff,,,,,,,,,1,0.1
89195d35e6bffff,,,,,,,,,1,0.1
89195dbad83ffff,,,,,,,,,1,0.1
891973353a3ffff,1,,,,,,,,1,1.1
89194ec916fffff,,,,1,,,,,,0.8
89195d2b38bffff,,,,1,,,,,,0.8
891909a6ad7ffff,,,,1,,,,1,,1
891946cb3d3ffff,,,,1,,,,,,0.8
89195195b37ffff,,,,1,,,,,,0.8
891956c54a7ffff,,,,1,,,,,,0.8
89195d2294bffff,,,,1,,,,,,0.8
89195dd1b43ffff,,,,1,,,,,,0.8
8919724d51bffff,,,,1,,,,,,0.8
89194a72023ffff,,,,,,,9,,,7.02
89194a72073ffff,,,,,,,1,,,0.78
89194a721d3ffff,,,,,,,6,,1,4.78
8919421009bffff,,,,,,,,,1,0.1
8919435810fffff,,,,,,,,,1,0.1
891943ba223ffff,,,,,,,,,1,0.1
89195d70a1bffff,,,,,,,,,1,0.1
89195da6177ffff,,,,,,,,,1,0.1
8918212a383ffff,1,,,,,,,1,1,1.3
89182c8c323ffff,1,,,,,,,,,1
891940715dbffff,1,,,,,,,,1,1.1
8919424da3bffff,1,,,,,,,,,1
891942ab41bffff,1,,,,,,,,,1
891942d5467ffff,1,,,,,,,,,1
8919464a21bffff,1,,,,,,,2,,1.4
89194ac0407ffff,1,,,,,,,,,1
89194ad8c0fffff,1,,,,,,,1,,1.2
891951ad817ffff,1,,,,,,,,,1
891951b8263ffff,1,,,,,,,,,1
891953b826fffff,1,,,,,,,,,1
8919590d407ffff,1,,,,,,,,,1
89195d4eb33ffff,1,,,,,,,,,1
891972724a3ffff,1,,,,,,,,,1
8919760b60bffff,1,,,,,,,,1,1.1
89195180107ffff,,,,,,,,,1,0.1
89195c64c03ffff,,,,,,,,,1,0.1
89195da209bffff,,,,,,,,,1,0.1
891973a888bffff,,,,,,,,,1,0.1
8909a4712d7ffff,,,,,,,,,1,0.1
89182522adbffff,,,,,,,,,1,0.1
8918256dc13ffff,,,,,,,,,1,0.1
891825aa4bbffff,,,,,,,,,1,0.1
891825b4297ffff,,,,,,,,,1,0.1
89182c174c3ffff,,,,,,,,1,1,0.3
891870d154bffff,,,,,,,,,1,0.1
891872920bbffff,,,,,,,,,1,0.1
89187460853ffff,,,,,,,,,1,0.1
89187468e53ffff,,,,,,,,1,1,0.3
8918746a98bffff,,,,,,,,,1,0.1
891874aa92fffff,,,,,,,,,1,0.1
891940731b7ffff,,,,,,,,,1,0.1
8919407a6bbffff,,,,,,,,,1,0.1
891941273b7ffff,,,,,,,,,1,0.1
89194205a57ffff,,,,,,,,,1,0.1
8919420b59bffff,,,,,,,,,1,0.1
89194229d47ffff,,,,,,,,,1,0.1
89194275957ffff,,,,,,,,,1,0.1
891942a8213ffff,,,,,,,,,1,0.1
891942ab327ffff,,,,,,,,,1,0.1
891942b2b23ffff,,,,,,,,,1,0.1
891942c5acfffff,,,,,,,,,1,0.1
891942cc047ffff,,,,,,,,,1,0.1
891942cc197ffff,,,,,,,,,1,0.1
891942cce63ffff,,,,,,,,,1,0.1
891943d188bffff,,,,,,,,,1,0.1
89194653593ffff,,,,,,,,,1,0.1
891946c940bffff,,,,,,,,,1,0.1
89194ad0433ffff,,,,,,,,,1,0.1
89194e164c7ffff,,,,,,,,,1,0.1
89194e6a21bffff,,,,,,,,,1,0.1
891950b2347ffff,,,,,,,,1,1,0.3
891951912cbffff,,,,,,,,2,1,0.5
891952d4ec7ffff,,,,,,,,,1,0.1
8919550d297ffff,,,,,,,,,1,0.1
8919556708fffff,,,,,,,,,1,0.1
8919557606bffff,,,,,,,,,1,0.1
8919566dd73ffff,,,,,,,,,1,0.1
8919584a937ffff,,,,,,,,,1,0.1
8919587654fffff,,,,,,,,,1,0.1
89195892ad7ffff,,,,,,,,,1,0.1
891958b911bffff,,,,,,,,,1,0.1
891958d99c3ffff,,,,,,,,,1,0.1
8919593112fffff,,,,,,,,,1,0.1
89195979ecbffff,,,,,,,,,1,0.1
89195988bd7ffff,,,,,,,,1,1,0.3
89195a369cfffff,,,,,,,,,1,0.1
89195a4b68fffff,,,,,,,,,1,0.1
89195a98987ffff,,,,,,,,,1,0.1
89195ada10bffff,,,,,,,,,1,0.1
89195b6f4cbffff,,,,,,,,,1,0.1
89195c01903ffff,,,,,,,,,1,0.1
89195c0ec6fffff,,,,,,,,,1,0.1
89195c10d4bffff,,,,,,,,,1,0.1
89195c2941bffff,,,,,,,,,1,0.1
89195c39503ffff,,,,,,,,,1,0.1
89195c45a9bffff,,,,,,,,1,1,0.3
89195c64e3bffff,,,,,,,,,1,0.1
89195d2b0afffff,,,,,,,,1,1,0.3
89195d44d8bffff,,,,,,,,,1,0.1
89195d4856fffff,,,,,,,,,1,0.1
89195d59123ffff,,,,,,,,,1,0.1
89195dd754fffff,,,,,,,,,1,0.1
89182c129a7ffff,,,,,,,,1,,0.2
89194105aa3ffff,,,,,,2,,1,1,1.8
8919465939bffff,,,,,,,,1,,0.2
891946ac86fffff,,,,,,,,1,,0.2
891948c9e6fffff,,,,,,,,1,,0.2
89194e38bafffff,,,,,,,,1,,0.2
89194e87307ffff,,,,,,,,1,1,0.3
89195194d07ffff,,,,,,,,1,,0.2
891951d69bbffff,,,,,,,,1,,0.2
891955b7257ffff,,,,,,,,1,,0.2
891958713afffff,,,,,,,,1,,0.2
8919587a1c3ffff,,,,,,,,1,,0.2
8919588518bffff,,,,,,,,1,,0.2
89195a02dabffff,,,,,,,,1,,0.2
89195aa018fffff,,,,,,,,1,,0.2
89195c8ee3bffff,,,,,,,,1,,0.2
89195c9530fffff,,,,,,,,1,,0.2
89195da4aabffff,,,,,,,,1,,0.2
89197239043ffff,,,,,,,,1,,0.2
89194208ed3ffff,,,,,,,,1,,0.2
891958048abffff,,,,,,,,1,,0.2
891828c00abffff,,,,,,,,,1,0.1
89194ad16a7ffff,,,,,,,,,1,0.1
8919587a16bffff,,,,,,,,,5,0.5
89195944c97ffff,,,,,,,,,1,0.1
89182156b97ffff,,,,,,,,1,,0.2
8918280ac1bffff,,,,,,,,1,,0.2
89182c1116fffff,,,,,,,,1,,0.2
89182c8db43ffff,,,,,,,,1,,0.2
89192b9aa8fffff,,,,,,,,1,,0.2
891941ac613ffff,,,,,,,,1,,0.2
89194219647ffff,,,,,,,,1,,0.2
89194ad1403ffff,,,,,,,,1,,0.2
89194ada19bffff,,,,,,,,1,,0.2
8919518599bffff,,,,,,,,1,,0.2
891951b1873ffff,,,,,,,,1,,0.2
891951b766fffff,,,,,,,,1,,0.2
8919529a543ffff,,,,,,,,1,,0.2
891955232b3ffff,,,,,,,,1,,0.2
89195567333ffff,,,,,,,,1,,0.2
89195971057ffff,,,,,,,,1,,0.2
89195a158b7ffff,,,,,,,,1,,0.2
89195c05b03ffff,,,,,,,,1,,0.2
89195c05b1bffff,,,,,,,,1,,0.2
89195d84bb3ffff,,,,,,,,1,,0.2
89195e52dcbffff,,,,,,,,1,,0.2
89195da717bffff,,,,1,,,,,,0.8
8919422b123ffff,,,,,,,,,1,0.1
8919481928bffff,,,,,,,,,1,0.1
89194ad21b3ffff,,,,,,,,,1,0.1
89195807463ffff,,,,,,,,,1,0.1
891959c6347ffff,,,,,,,,,1,0.1
89195d68ecbffff,,,,,,,,,1,0.1
89195da12abffff,,,,,,,,,1,0.1
89194358e4fffff,,,,,,,,,1,0.1
89195d2714fffff,,,,,,,,,1,0.1
89195d09a57ffff,,3,,,,,,7,1,4.2
891972765bbffff,,1,,,,,,2,1,1.4
89182cdb48bffff,,,,,1,,,,,0.6
89194a0d64fffff,,1,,,1,,1,,4,2.68
89194a7a183ffff,,,,,1,,,,,0.6
891958b9263ffff,,2,,,1,,,,1,2.5
89195d8092fffff,,,,,1,,,,,0.6
89195e710cfffff,,1,,,1,,,,1,1.6
89182585bb3ffff,,,,,2,,,2,,1.6
89182c1a333ffff,,1,,,1,,,1,,1.7
891909255a7ffff,,,,,1,,,1,,0.8
891909ace1bffff,,,,,1,,,,,0.6
891942b2b8bffff,,,,,1,,,,,0.6
891942c92a3ffff,2,1,,,2,,,5,1,5.2
8919434db2fffff,,5,,,2,,,5,,6.7
89194ad90d7ffff,,,,,1,,,1,,0.8
89195822d0bffff,1,2,,,5,,,2,2,6.4
8919594e243ffff,1,1,,,2,,,2,,3.5
8919597064bffff,3,2,,1,2,,,8,,8.4
891959aa2a3ffff,1,2,,,1,,,5,1,4.5
89195c8ee63ffff,,,,,1,,,1,,0.8
89195d2656bffff,1,,,,1,,,2,,2
891801962a7ffff,,,,,,,,1,,0.2
89182c176b3ffff,,,,,,,,3,1,0.7
891942cec07ffff,1,2,,,,,,5,,3.8
89194322babffff,,,,,,,,3,,0.6
89194853273ffff,,1,,,,,,2,1,1.4
89194a721cfffff,1,,,,,,8,5,,8.24
89194acf523ffff,,,,,,,,1,1,0.3
891951b7543ffff,1,5,,,,,,17,2,9.1
891951b758fffff,,,,,,,,2,,0.4
89195538337ffff,,,,,,,,1,,0.2
89195839667ffff,,,,,,,,2,,0.4
891959aa2abffff,,,,,,,,1,,0.2
8919728b17bffff,,,,,,,,1,,0.2
891952d6a2bffff,,,,,,,,,1,0.1
89182146983ffff,,1,,,,,,,1,1
89190992ab7ffff,,,,,,,,,1,0.1
89194a9356fffff,,,,,,,,,1,0.1
89195bc6c8bffff,,,,,1,,,,,0.6
8919768ccd7ffff,1,,,,1,,,1,,1.8
891825a60bbffff,,,,,,,,1,,0.2
891828c0503ffff,,,,,,,,2,,0.4
89182a3a09bffff,,,,,,,,1,,0.2
89182c09aa3ffff,1,,,,,,,1,,1.2
89182c17493ffff,1,1,,,,,,1,,2.1
89182c1755bffff,,,,,,,,1,,0.2
89182e396d3ffff,,,,,,,,2,,0.4
89182e595a7ffff,,,,,,,,1,,0.2
8918746c027ffff,,,,,,,,1,,0.2
8919089562fffff,,,,,,,,1,,0.2
8919089ab43ffff,,,,,,,,1,,0.2
89190c7680bffff,,,,,,,,1,,0.2
8919404a30bffff,1,,,,,,,2,1,1.5
8919410e967ffff,,,,,,,,1,,0.2
8919410eb23ffff,,,,,,,,1,,0.2
8919421003bffff,,,,,,,,1,,0.2
8919421ab43ffff,,,,,,,,1,1,0.3
89194276c53ffff,,,,,,,,1,,0.2
891942c5d2bffff,,,,,,,,1,,0.2
891942cec0bffff,,,,,,,,1,,0.2
891943cf14bffff,,,,,,,,1,,0.2
89194655d6fffff,1,,,,,,,1,,1.2
891946599afffff,,1,,,,,,4,,1.7
891948c024bffff,,,,,,,,1,,0.2
89194a12a37ffff,,,,,,,,1,,0.2
89194a42467ffff,,,,,,,,1,,0.2
89194ac217bffff,2,1,,,,,,4,,3.7
89194ac8b2fffff,3,,,,,,,4,,3.8
89194ace627ffff,,3,,,,,,1,,2.9
89194ad0417ffff,1,,,,,,,1,,1.2
89194ad3223ffff,,1,,,,,,8,1,2.6
89194ad704bffff,,,,,,,,1,,0.2
89194ada597ffff,,5,,,,,,10,,6.5
89194adb123ffff,,,,,,,,1,,0.2
89194e4185bffff,2,,,,,,,1,1,2.3
89194e46b6fffff,,,,,,,,1,,0.2
89194e69c07ffff,,,,,,,,3,,0.6
89194e6d35bffff,,,,,,,,2,,0.4
89194e72d8fffff,,,,,,,,1,,0.2
89194e7598bffff,1,,,,,,,1,,1.2
89194ec9ac3ffff,1,1,,,,,,1,1,2.2
89194ec9b03ffff,,,,,,,,2,1,0.5
89194ec9e9bffff,,1,,,,,,1,,1.1
89194ecb03bffff,,,,,,,,1,,0.2
891951009d7ffff,,,,,,,,1,,0.2
89195105443ffff,,,,,,,,1,,0.2
89195176ed7ffff,,,,,,,,1,,0.2
891952872c7ffff,,,,,,,,1,,0.2
8919543b58fffff,,,,,,,,1,,0.2
891954c2ec3ffff,,,,,,,,1,,0.2
8919552605bffff,,1,,,,,,2,,1.3
891955c5d67ffff,,,,,,,,5,,1
891958352a3ffff,,,,,,,,1,,0.2
89195844babffff,,,,,,,,1,,0.2
8919584c9abffff,,2,,,,,,2,,2.2
89195869363ffff,,,,,,,,1,,0.2
89195876c8bffff,,,,,,,,2,,0.4
89195877103ffff,,,,,,,,1,,0.2
8919588c0bbffff,1,,,,,,,1,,1.2
89195916ba7ffff,,,,,,,,1,,0.2
891959b98b7ffff,,1,,,,,,1,,1.1
891959d26d3ffff,,,,,,,,1,,0.2
891959d63d7ffff,,,,,,,,1,,0.2
89195a2d187ffff,,,,,,,,1,,0.2
89195a8ee97ffff,,,,,,,,1,,0.2
89195ad912fffff,,,,,,,,1,,0.2
89195b44583ffff,,,,,,,,1,,0.2
89195c37077ffff,,,,,,,,1,,0.2
89195c3b123ffff,,,,,,,,1,,0.2
89195cada73ffff,,,,,,,,1,,0.2
89195cb6647ffff,,,,,,,,2,,0.4
89195d0990fffff,,,,,,,,2,,0.4
89195d202afffff,,,,,,,,1,,0.2
89195d342a3ffff,,,,,,,,1,2,0.4
89195d349cbffff,,1,,,,,,4,1,1.8
89195d34bcbffff,1,1,,1,,,,2,,3.1
89195d36067ffff,,,,,,,,1,3,0.5
89195d824b3ffff,,,,,,,,1,,0.2
89195da4a4fffff,,,,,,,,1,,0.2
89195da5d37ffff,,1,,,,,,1,,1.1
89195daeb77ffff,,,,,,,,1,,0.2
89195e19c17ffff,,,,,,,,1,,0.2
89197204da3ffff,,,,,,,,1,,0.2
8919720cb2fffff,1,5,,,,,,7,1,7
89197239607ffff,,,,,,,,1,,0.2
8919727452bffff,,,,,,,,2,,0.4
89197276177ffff,1,1,,,,,,2,1,2.4
89197276c87ffff,1,,,,,,,2,,1.4
891972a806bffff,,,,,,,,1,,0.2
891972af25bffff,,,,,,,,1,,0.2
89194ad266fffff,,,,,,,,,4,0.4
89194e463abffff,,,,,,,,,1,0.1
891943d22dbffff,,,,,,,,,1,0.1
89195324247ffff,,,,,,,,,1,0.1
89195d2b193ffff,,,,,,,,,1,0.1
891972cc6afffff,,,,,,,,,1,0.1
89182aa7153ffff,,,,,,,,,1,0.1
89182cab007ffff,,1,,,,,,,1,1
89182e49ac7ffff,,,,,,,,,1,0.1
89182e6c6a7ffff,,,,,,,,,1,0.1
89190995163ffff,,,,,,,,,1,0.1
89190d809abffff,,,,,,,,,1,0.1
89192b6ea93ffff,,,,,,,,,1,0.1
891941432c7ffff,,,,,,,,,1,0.1
891942012a3ffff,,,,,,,,,1,0.1
891942c59b3ffff,,,,,,,,,1,0.1
8919432dc73ffff,,,,,,,,,1,0.1
8919433a687ffff,,,,,,,,,1,0.1
89195465277ffff,,,,,,,,,1,0.1
8919581622fffff,,,,,,,,,1,0.1
891958a7197ffff,,,,,,,,,2,0.2
89195b4616bffff,,,,,,,,,1,0.1
89195d282d7ffff,1,,,,,,,1,1,1.3
89195dad973ffff,,,,,,,,,1,0.1
89195db5283ffff,,,,,,,,,1,0.1
891805b5d8bffff,2,,,,,,,,,2
89194a7a18fffff,1,1,,,,,,1,,2.1
89194ad140bffff,1,,,,,,,,,1
89190881ec3ffff,,,,,,,,,1,0.1
8919584d687ffff,,,,,,,,,1,0.1
8919727802fffff,,,,,,,,,1,0.1
891909aea8fffff,1,1,,,,,,,,1.9
89194adabdbffff,1,,,,,,,,,1
8919590d2d3ffff,1,,,,,,,,,1
8919590e2b3ffff,1,,,,,,,,,1
89195b44467ffff,1,,,,,,,,,1
89195b6add7ffff,1,1,,,,,,1,,2.1
8909a44ca97ffff,1,,,,,,,,,1
8919518e543ffff,1,,,,,,,,,1
89195d2a00bffff,2,,,,,,,,,2
89194041d57ffff,,,,,,,,,1,0.1
8919583906bffff,,,,,,,,,2,0.2
89182125a73ffff,,1,,,,,,1,,1.1
89182a3a1b7ffff,,1,,,,,,,,0.9
89182c12937ffff,,1,,,,,,,,0.9
89182c175d3ffff,,1,,,,,,,,0.9
89182c71d4bffff,,1,,,,,,,,0.9
891909128c7ffff,,1,,,,,,1,,1.1
891909326a3ffff,,1,,,,,,,,0.9
891909aeb0bffff,,1,,,,,,,,0.9
8919416c62bffff,,1,,,,,,,1,1
8919420c84fffff,,1,,,,,,2,,1.3
891942433b7ffff,,1,,,,,,,,0.9
8919424c3abffff,,1,,,,,,1,,1.1
8919424db4bffff,,2,,,,,,2,,2.2
891942c9377ffff,,1,,,,,,,,0.9
891946cd963ffff,,1,,,,,,,3,1.2
89194852bd3ffff,,1,,,,,,,,0.9
89194a72277ffff,,1,,,,,,1,,1.1
89194a790c3ffff,,1,,,,,,,,0.9
89194a92243ffff,,1,,,,,,,,0.9
89194ac302bffff,,1,,,,,,,,0.9
89194accb0fffff,1,1,,,,,,,,1.9
89194accb87ffff,,1,,,,,,,,0.9
89194ad1397ffff,,1,,,,,,1,,1.1
89194ada293ffff,,1,,,,,,,,0.9
89194ada6b3ffff,1,1,,1,,,,2,1,3.2
89194ec9ec7ffff,,1,,,,,,,,0.9
8919512f043ffff,,1,,,,,,,,0.9
89195180573ffff,,2,,,,,,1,1,2.1
891951a60b7ffff,,1,,,,,,,1,1
891951aac03ffff,,1,,,,,,,,0.9
891951b48abffff,1,1,,,,,,,,1.9
891951b70d3ffff,,1,,,,,,,,0.9
891951ba90bffff,,2,,,,,,,5,2.3
891954da0afffff,,1,,,,,,1,,1.1
8919550c6a3ffff,,1,,,,,,,1,1
89195832503ffff,,2,,,,,,,,1.8
89195832d83ffff,,2,,,,,,,1,1.9
89195844b2bffff,,1,,,,,,,,0.9
8919584d927ffff,,2,,,,,,,,1.8
891959712c3ffff,,1,,,,,,,,0.9
891959b444bffff,,1,,,,,,,,0.9
89195aa3303ffff,,1,,,,,,,1,1
89195b4400bffff,,1,,,,,,,,0.9
89195c3423bffff,,1,,,,,,,,0.9
89195c386dbffff,,1,,,,,,,1,1
89195c95a77ffff,,1,,,,,,,,0.9
89195cc23b7ffff,,2,,,,,,,,1.8
89195cccca7ffff,,1,,,,,,,1,1
89195d366d7ffff,,1,,,,,,1,,1.1
89195d46a23ffff,,2,,,,,,,,1.8
89195da6163ffff,,1,,,,,,,,0.9
89197322eabffff,,1,,,,,,,,0.9
8919732ea37ffff,,1,,,,,,,,0.9
89197330937ffff,,1,,,,,,,,0.9
891973353afffff,,1,,,,,,1,,1.1
89180520e17ffff,,,,,,,,,1,0.1
89182e7a187ffff,,,,,,,,,1,0.1
8919099089bffff,,,,,,,,,1,0.1
89194a1925bffff,,,,,,,,,1,0.1
89194ad5207ffff,,,,,,,,,1,0.1
89194e0e49bffff,,,,,,,,,1,0.1
89194e68eb7ffff,,,,,,,,,1,0.1
89194ec9907ffff,,,,,,,,,1,0.1
8919510760fffff,,,,,,,,,1,0.1
891951b2d6fffff,,,,,,,,,1,0.1
8919543a44fffff,,,,,,,,,1,0.1
89195ab6677ffff,,,,,,,,,1,0.1
89195c321a3ffff,,,,,,,,,1,0.1
89195d625b3ffff,,,,,,,,,1,0.1
89195876133ffff,,,,,,,,,1,0.1
89182334127ffff,,,,1,,,,,,0.8
8919580cb8fffff,,,,1,,,,,1,0.9
89195e6c187ffff,,,,1,,,,,,0.8
8919413b5d7ffff,,1,,,,,,,,0.9
89194ad1d17ffff,,1,,,,,,,,0.9
89194a720a7ffff,,,,,,,7,,,5.46
89195c3b52bffff,,,,,,,,1,1,0.3
8919434938fffff,,,,,,,,,1,0.1
89194ada947ffff,,,,,,,,,1,0.1
89195d70a83ffff,,,,,,,,,1,0.1
89195e8596bffff,,,,,,,,,1,0.1
891874b2263ffff,,,,,,,1,,,0.78
89194392553ffff,,,,,,,1,,,0.78
8918250acb7ffff,1,,,,,,,1,,1.2
89182c16a4bffff,1,,,,,,,,,1
89182c17607ffff,1,,,,,,,1,,1.2
891909ac02fffff,1,,,,,,,,,1
8919410ea1bffff,1,,,,,,,,,1
8919423b07bffff,1,,,,,,,,,1
8919426982bffff,1,,,,,,,,,1
891948cce37ffff,1,,,,,,,,,1
89194ad3083ffff,1,,,,,,,2,,1.4
89194ad524bffff,1,,,,,,,,,1
89194ad886fffff,1,,,,,,,,,1
89194adad93ffff,1,,,,,,,,,1
89194e87317ffff,1,,1,,,,,2,1,2.2
89194ec9353ffff,1,,,,,,,,,1
891951b7313ffff,1,,,,,,,,,1
891958a6663ffff,2,,,,,,,,,2
89195cc33b3ffff,1,,,,,,,,,1
89195d2e28fffff,1,,,,,,,,1,1.1
89195d34533ffff,1,,,,,,,,1,1.1
89195d78d53ffff,1,,,,,,,,,1
89197239573ffff,1,,,,,,,,,1
89182c8da6fffff,,,,,,,,,1,0.1
89194304e3bffff,,,,,,,,,1,0.1
891948ccc8bffff,,,1,,,,,,,0.7
89194e8455bffff,,,,,,,,,1,0.1
89195da180fffff,,,,,,,,,1,0.1
8909a4709cbffff,,,,,,,,,1,0.1
89180530c57ffff,,,,,,,,,1,0.1
8918218f343ffff,,,,,,,,,1,0.1
89182199a4fffff,,,,,,,,,1,0.1
8918250ad97ffff,,,,,,,,,1,0.1
89182535087ffff,,,,,,,,,1,0.1
891825a88b3ffff,,,,,,,,,1,0.1
89182e6e11bffff,,,,,,,,,1,0.1
891874330c3ffff,,,,,,,,,1,0.1
8918746258bffff,,,,,,,,,1,0.1
891874a83c7ffff,,,,,,,,,1,0.1
89190998b37ffff,,,,,,,,,1,0.1
89194058ca3ffff,,,,,,,,,1,0.1
8919410504bffff,,,,,,,,,1,0.1
891941102b3ffff,,,,,,,,,1,0.1
891941ac227ffff,,,,,,,,,1,0.1
8919422868bffff,,,,,,,,,1,0.1
8919422a6b7ffff,,,,,,,,,1,0.1
891942380dbffff,,,,,,,,,1,0.1
89194256013ffff,,,,,,,,,1,0.1
89194290ddbffff,,,,,,,,,1,0.1
891942ab2c7ffff,,,,,,,,,1,0.1
891942ad49bffff,,,,,,,,,1,0.1
891942b80abffff,,,,,,,,,1,0.1
89194351563ffff,,,,,,,,,1,0.1
89194626c5bffff,,,,,,,,,1,0.1
89194a05a73ffff,,,,,,,,,1,0.1
89194ab11c7ffff,,,,,,,,,1,0.1
89194c49a63ffff,,,,,,,,,1,0.1
89194e8da3bffff,,,,,,,,,1,0.1
891950c9263ffff,,,,,,,,,1,0.1
891951074d3ffff,,,,,,,,,1,0.1
891952459a3ffff,,,,,,,,,1,0.1
8919525880bffff,,,,,,,,,1,0.1
891952c1913ffff,,,,,,,,,1,0.1
891952c66abffff,,,,,,,,,1,0.1
891952d6457ffff,,,,,,,,,1,0.1
891952d6d6fffff,,,,,,,,,1,0.1
89195539853ffff,,,,,,,,,1,0.1
8919556a16bffff,,,,,,,,,1,0.1
891955d05a7ffff,,,,,,,,,1,0.1
8919569aaa7ffff,,,,,,,,,1,0.1
891958323afffff,,,,,,,,,1,0.1
8919584aa6fffff,1,,,,,,,,1,1.1
89195860a27ffff,,,,,,,,,1,0.1
8919587259bffff,,,,,,,,1,1,0.3
891958c0c27ffff,,,,,,,,,1,0.1
891958cc3d3ffff,,,,,,,,,1,0.1
891959b091bffff,,,,,,,,,1,0.1
891959b96b7ffff,,,,,,,,,1,0.1
89195b4190fffff,,,,,,,,,1,0.1
89195bb10a3ffff,,,,,,,,,1,0.1
89195c0216fffff,,,,,,,,,1,0.1
89195c04ca3ffff,,,,,,,,,1,0.1
89195c0564bffff,,,,,,,,,1,0.1
89195c076cbffff,,,,,,,,,1,0.1
89195c0acd7ffff,,,,,,,,,1,0.1
89195ca1e77ffff,,,,,,,,,1,0.1
89195cc22b3ffff,,,,,,,,,1,0.1
89195d28037ffff,,,,,,,,,1,0.1
89195d312cbffff,,,,,,,,,1,0.1
89195d35083ffff,,,,,,,,,2,0.2
89195d5892fffff,,,,,,,,,1,0.1
89195d72d67ffff,,,,,,,,,1,0.1
89195daecdbffff,,,,,,,,,1,0.1
89195dc9673ffff,,,,,,,,,1,0.1
89195e81cc7ffff,,,,,,,,,1,0.1
89195e8adafffff,,,,,,,,,1,0.1
89197311dd7ffff,,,,,,,,,1,0.1
89197322d63ffff,,,,,,,,,1,0.1
89197322edbffff,,,,,,,,,1,0.1
891976332afffff,,,,,,,,,1,0.1
89197682243ffff,,,,,,,,,1,0.1
891874103cfffff,,,,,,,,1,,0.2
891874acec7ffff,,,,,,,,1,,0.2
891909ac193ffff,,,,,,,,1,,0.2
89194072d07ffff,,,,,,,,1,,0.2
8919434ec4fffff,,,,,,,,1,,0.2
89194a820d3ffff,,,,,,,,1,,0.2
89194ad108fffff,,,,,,,,1,,0.2
89194ad9a33ffff,,,,,,,,1,,0.2
89195115e37ffff,,,,,,,,1,,0.2
89195844a93ffff,,,,,,,,1,,0.2
89195844d87ffff,,,,,,,,1,,0.2
8919584c50bffff,,,,,,,,1,,0.2
89195945c27ffff,,,,,,,,1,,0.2
891959913b7ffff,,,,,,,,1,,0.2
891959b099bffff,,,,,,,,1,,0.2
89195a1464bffff,,,,,,,,1,,0.2
89195ab5d6bffff,,,,,,,,1,,0.2
89195ac42dbffff,,,,,,,,1,,0.2
89195c71627ffff,,,,,,,,1,,0.2
89195c814bbffff,,,,,,,,1,,0.2
89195c82dcbffff,,,,,,,,1,,0.2
89195ccb033ffff,,,,,,,,1,,0.2
89195d09bbbffff,,,,,,,,1,,0.2
89197335e57ffff,,,,,,,,1,,0.2
8919430cb73ffff,,,,,,,,1,,0.2
89195cd4c4bffff,,,,,,,,1,,0.2
8919727230fffff,,,,,,,,1,,0.2
8919437520bffff,,,,,,,,,1,0.1
891951b29d7ffff,,,,,,,,,1,0.1
8919728868bffff,,,,,,,,,1,0.1
891823422a3ffff,,,,,,,,1,,0.2
89182880b03ffff,,,,,,,,1,,0.2
8918746144bffff,,,,,,,,1,,0.2
89192b6a577ffff,,,,,,,,1,,0.2
89194115b17ffff,,,,,,,,1,,0.2
891942c5517ffff,,,,,,,,1,,0.2
89194ad106fffff,,,,,,,,1,,0.2
89194ad991bffff,,,,,,,,1,,0.2
89194ad9c4fffff,,,,,,,,1,,0.2
89194adac97ffff,,,,,,,,1,,0.2
89194adb2abffff,,,,,,,,1,,0.2
89194e0ed37ffff,,,,,,,,1,,0.2
89194e50317ffff,,,,,,,,1,,0.2
891951104afffff,,,,,,,,1,,0.2
891952c62c3ffff,,,,,,,,1,,0.2
891955c5b07ffff,,,,,,,,1,,0.2
8919587358fffff,,,,,,,,1,,0.2
89195885047ffff,,,,,,,,1,,0.2
891959b8e47ffff,,,,,,,,1,,0.2
89195b16bb7ffff,,,,,,,,1,,0.2
89195b610b7ffff,,,,,,,,1,,0.2
89195c00b57ffff,,,,,,,,1,,0.2
89195cb1383ffff,,,,,,,,1,,0.2
89195cb754fffff,,,,,,,,1,,0.2
89195d28347ffff,,,,,,,,1,,0.2
89195d7260bffff,,,,,,,,1,,0.2
89195d80bd3ffff,,,,,,,,1,,0.2
89195dac403ffff,,,,,,,,1,,0.2
89195dac95bffff,,,,,,,,1,,0.2
89195dcd047ffff,,,,,,,,1,,0.2
8919728b12fffff,,,,,,,,1,1,0.3
89195a1442bffff,,,,,,,,,1,0.1
8919587a4b3ffff,,,,,,,,,1,0.1
891943c816bffff,,,,,,,,,1,0.1
89194e69bd7ffff,,,,,,,,,1,0.1
89197330147ffff,,,,,,,,,1,0.1
89195123653ffff,1,,,,,,,,,1
891951234a7ffff,,,,,,,,,1,0.1
891959953abffff,,,,,,,2,,3,1.86
8919428158fffff,,,,,,,,,1,0.1
89194a825a3ffff,,,,,1,,,,,0.6
89194ad217bffff,2,1,,,1,,,5,1,4.6
89194ad35cbffff,1,,,,1,,,,,1.6
89194e2334fffff,,,,,1,,,,,0.6
89194e6d62bffff,3,,,,2,,,3,,4.8
89195107327ffff,,1,,,3,,,5,1,3.8
8919510e26fffff,,1,,,1,,,,2,1.7
89195879a57ffff,,,,,1,,,,,0.6
89195904cbbffff,,1,,,1,,,4,3,2.6
891959150dbffff,,,,,1,,,,,0.6
891959aa637ffff,,1,,,1,,,,,1.5
89195c2a0bbffff,,,,,1,,2,,,2.16
89195c34143ffff,,1,,,1,,,2,,1.9
89195c34253ffff,,1,,,1,,,,,1.5
89195ca016bffff,,,,,1,,,,,0.6
89195da6bb7ffff,,1,,,1,,,3,,2.1
891972393bbffff,,,,,1,,,,,0.6
8919726f2c3ffff,,,,,1,,,,,0.6
891821890b3ffff,,,,,1,,,,,0.6
89182c1637bffff,1,,,,1,,,4,,2.4
89182c8d8d7ffff,1,3,,,1,,,,,4.3
89194303133ffff,,1,,,1,,,1,1,1.8
89194ad1367ffff,,,,,1,,,1,1,0.9
89194e4ce4fffff,,,,,6,,,,,3.6
89194ec9a0bffff,,5,,1,6,,,9,2,10.9
891955646abffff,2,5,,,5,,,19,2,13.5
89195632a17ffff,,,,,1,,,1,1,0.9
89195da0d13ffff,,1,,,1,,,1,,1.7
89195da48cbffff,1,1,,1,1,,,2,,3.7
89195da6273ffff,,3,,,4,,,6,,6.3
89195dd1b4fffff,,1,,,1,,,,,1.5
89197239227ffff,,2,,,2,,,,,3
89194ad32afffff,,,,,,,,4,1,0.9
89195839227ffff,,,,,,,,7,,1.4
89195c0cbbbffff,,,,,,,,1,,0.2
89195da4d3bffff,,,,,,,,4,1,0.9
89194ec9a87ffff,,,,,,,1,1,,0.98
89195a16e03ffff,,,,,,,2,,,1.56
89195da680fffff,,,,,,,1,2,,1.18
89197276527ffff,3,4,,2,,,1,11,2,11.38
89182c1769bffff,,,,,,,,1,2,0.4
891909ae80bffff,,,,,,,,,1,0.1
89195da4bdbffff,,1,,,,,,1,2,1.3
89182e59587ffff,,,,,,,,,1,0.1
89190d8db83ffff,,,,,,,,,1,0.1
89195c0cc27ffff,,,,,,,,,1,0.1
89197260e9bffff,,,,,,,,,1,0.1
89195ca1a9bffff,1,1,,,1,,,,,2.5
89182c12bdbffff,,,,,,,,1,,0.2
89182c1754fffff,,2,,,,,,3,,2.4
89182c81b97ffff,,,,,,,,1,,0.2
89190924273ffff,,,,,,,,1,,0.2
89190986c4fffff,,1,,,,,,2,,1.3
891909ae37bffff,,,,,,,,1,,0.2
891940722d3ffff,,,,,,,,1,1,0.3
891941058c7ffff,,,,,,,,1,1,0.3
89194105a8bffff,,,,,,,,3,1,0.7
891941570a7ffff,,,,,,,,1,,0.2
89194210137ffff,,,,,,,,1,,0.2
891942396bbffff,,,,,,,,1,,0.2
891942396c7ffff,,,,,,,,2,,0.4
89194266e93ffff,,,,,,,,1,,0.2
891942c1a37ffff,,,,,,,,3,,0.6
891942c5d03ffff,,1,,,,,,2,1,1.4
89194326d07ffff,1,1,,,,,,1,1,2.2
89194358663ffff,,,,,,,,1,,0.2
89194358687ffff,,,,,,,,1,,0.2
89194359cc7ffff,1,,,,,,,1,,1.2
89194853277ffff,,,,,,,,2,,0.4
89194a04d13ffff,,1,,,,,,2,,1.3
89194a86b8fffff,,,,,,,,1,,0.2
89194a98d07ffff,,,,,,,,1,,0.2
89194ac33afffff,,,,,,,,1,,0.2
89194aca98fffff,,,,,,,,2,,0.4
89194ad046fffff,,,,,,,,1,1,0.3
89194ad0577ffff,1,,,,,,,1,1,1.3
89194ad154bffff,,,,,,,,1,,0.2
89194ad866fffff,,,,,,,,5,,1
89194ada587ffff,2,,,,,,,4,1,2.9
89194ada643ffff,1,,,,,,,2,,1.4
89194ada957ffff,,,,1,,,,1,,1
89194e683c7ffff,,,,,,,,1,,0.2
89194e68a0bffff,,,,,,,,1,,0.2
89195104003ffff,,1,,,,,,1,,1.1
89195123093ffff,,,,,,,,2,,0.4
8919512368fffff,,,,,,,,1,,0.2
89195124ebbffff,,,,,,,,2,,0.4
89195180407ffff,,,,,,,,1,,0.2
891952d6b1bffff,,,,,,,,1,,0.2
89195315d97ffff,,,,,,,,1,,0.2
89195575857ffff,,,,,,,,1,,0.2
8919584aaabffff,,,,,,,,1,,0.2
89195877187ffff,,,,,,,,1,2,0.4
8919587a52bffff,,,,,,,,1,1,0.3
891958c0ca7ffff,,,,,,,,1,,0.2
89195933153ffff,,,,,,,,1,,0.2
891959706cfffff,,,,,,,,3,1,0.7
8919597a677ffff,,,,,,,,1,,0.2
891959b66afffff,,,,,,,,1,,0.2
89195ab6e93ffff,,,,,,,,1,,0.2
89195ad918bffff,,,,,,,,1,2,0.4
89195b444afffff,,1,,,,,,2,,1.3
89195ba22dbffff,,,,,,,,1,,0.2
89195c05b9bffff,,,,,,,,1,,0.2
89195c64aa7ffff,,,,,,,,2,,0.4
89195cc2ad7ffff,1,,,,,,,1,,1.2
89195d00c4fffff,,,,,,,,1,,0.2
89195d00e93ffff,,,,,,,,1,,0.2
89195d0836bffff,,,,1,,,,1,,1
89195d09d97ffff,,,,,,,,1,,0.2
89195d11bafffff,,,,,,,,1,,0.2
89195d1b6d3ffff,,,,,,,,1,,0.2
89195d2b117ffff,,,,,,,,1,,0.2
89195d34d4fffff,,,,,,,,1,,0.2
89195d46987ffff,,1,,,,,,2,,1.3
89195d71213ffff,,,,,,,,1,,0.2
89195d8086bffff,,,,,,,,1,,0.2
89195d8116fffff,,1,,,,,,1,,1.1
89195d962afffff,,,,,,,,1,,0.2
89195da49b3ffff,,4,,1,,,,10,1,6.5
89195da4c87ffff,,,,,,,,1,1,0.3
89195da6b8fffff,,,,,,,,1,,0.2
89195da6b93ffff,1,,,,,,,1,,1.2
89195daedb7ffff,,2,,,,,,11,,4
8919720cb53ffff,,,,,,,,1,1,0.3
89197270287ffff,,,,,,,,2,,0.4
8919727610fffff,,,,,,,,6,3,1.5
8919727655bffff,,4,,,,,,7,,5
891972765b7ffff,,,,,,,,3,,0.6
891972886c3ffff,,,,,,,,4,,0.8
891972cc1d7ffff,,,,,,,,1,,0.2
891976059afffff,,,,,,,,1,,0.2
8919761650fffff,,,,,,,,1,,0.2
891976811d3ffff,,,,,,,,1,,0.2
89182e5a26bffff,,,,,,,,,1,0.1
89182c17533ffff,1,,,,,,,,1,1.1
89194e2f5d3ffff,,,,,,,,,1,0.1
89195180437ffff,,,,,,,,,2,0.2
89182c6e2afffff,,,,,,,,,1,0.1
89194842ab7ffff,,,,,,,,,1,0.1
891951aa14fffff,,,,,,,,,1,0.1
8919527323bffff,,,,,,,,,1,0.1
89195806053ffff,,,,,,,,,1,0.1
8919580746bffff,,,,,,,,,1,0.1
891958b1a73ffff,,,,,,,,,2,0.2
89195daf023ffff,,,,,,,,,1,0.1
89194ad9117ffff,,,,,,,,,1,0.1
89194a9334fffff,1,,,,,,,,,1
891958c2b0bffff,2,1,,,,,,,,2.9
89195da49c3ffff,4,,,,,,,,,4
89182aa710bffff,1,,,,,,,,1,1.1
891958c0c97ffff,,,,,,,,,1,0.1
89182c175c3ffff,2,,,,,,,2,,2.4
89182cc6cafffff,2,,,,,,,,,2
891942c5223ffff,1,1,,,,,,,,1.9
89194e1449bffff,2,,,,,,,,,2
8919583885bffff,1,,,,,,,,,1
89195da6c43ffff,2,,,,,,,,2,2.2
89195da8dbbffff,1,,,,,,,,,1
891828ba36fffff,1,,,,,,,,,1
89182c8d493ffff,2,,,,,,,2,1,2.5
891909ae54bffff,1,,,,,,,,,1
891951800c7ffff,1,,,,,,,,,1
89195844303ffff,1,1,,,,,,1,1,2.2
8919589915bffff,1,,,,,,,,,1
89182c564d3ffff,,1,,,,,,,,0.9
89182c8da4bffff,,1,,,,,,,,0.9
89182c8ded3ffff,1,1,,,,,,,,1.9
8919407256fffff,1,1,,,,,,,,1.9
8919424316fffff,,1,,,,,,,,0.9
8919424e84fffff,,1,,,,,,2,,1.3
891942524a3ffff,,1,,,,,,,,0.9
891942ce2d7ffff,,1,,,,,,,,0.9
891946466bbffff,,1,,,,,,,,0.9
8919464e647ffff,,1,,,,,,,,0.9
89194ac1157ffff,,1,,,,,,,,0.9
89194ac4a6fffff,,1,,,,,,1,,1.1
89194e0e43bffff,,1,,,,,,1,,1.1
89194e390dbffff,,3,,,,,,,,2.7
89194e49443ffff,,1,,,,,,,,0.9
89194e72cd7ffff,,1,,,,,,1,,1.1
89195114e7bffff,,1,,,,,,,,0.9
89195196c83ffff,,1,,,,,,,,0.9
8919582abc7ffff,,1,,,,,,,,0.9
89195839e5bffff,,1,,1,,,,,1,1.8
891958854d7ffff,1,1,,,,,,,,1.9
891958b6ab7ffff,,1,,,,,,,,0.9
89195916a87ffff,,1,,,,,,,1,1
89195991c53ffff,,1,,,,,,1,,1.1
891959aa0d3ffff,,1,,,,,,,,0.9
891959b819bffff,,1,,,,,,,,0.9
89195c0514fffff,,1,,,,,,,,0.9
89195c0ab0fffff,,1,,,,,,1,,1.1
89195c3a397ffff,,2,,,,,,,1,1.9
89195d2c847ffff,,2,,,,,,1,,2
89195d4557bffff,,1,,,,,,,,0.9
89195d84a4bffff,,1,,,,,,,,0.9
89195da4363ffff,,1,,,,,,,,0.9
89195da4c5bffff,,1,,,,,,1,1,1.2
89195da6303ffff,1,1,,,,,,,,1.9
89197239e43ffff,,1,,,,,,,,0.9
8919728b23bffff,,1,,,,,,,,0.9
89197290557ffff,,1,,,,,,,,0.9
89197334323ffff,,1,,,,,,,,0.9
8919733703bffff,,1,,,,,,,,0.9
8919734a8dbffff,,1,,,,,,,,0.9
891942616abffff,,,1,,,,,,,0.7
89195c06327ffff,,,,,,,,,2,0.2
8919484286bffff,,1,,,,,,,,0.9
8918052503bffff,,,,,,,,,1,0.1
891823668cfffff,,,,,,,,,1,0.1
891909ac3d7ffff,,,,,,,,,1,0.1
891909b4a17ffff,,,,,,,,,1,0.1
89194204c6fffff,,,,,,,,,1,0.1
891943d020bffff,,,,,,,,,1,0.1
89194a90d47ffff,,,,,,,,,1,0.1
89194a9317bffff,,,,,,,,,1,0.1
89194e6236bffff,,,,,,,,,1,0.1
89194e6c187ffff,,,,,,,,,1,0.1
891952ce563ffff,,,,,,,,,5,0.5
89195912b57ffff,,,,,,,,,1,0.1
89195b40d4bffff,,,,,,,,,1,0.1
89195da6b87ffff,,,,,,,,1,2,0.4
891941356c7ffff,,,,,,,,,1,0.1
8919584c9bbffff,,,,,,,,,1,0.1
89182320597ffff,,,,1,,,,,,0.8
89182a3b073ffff,,,,1,,,,1,,1
89194e69b17ffff,,,,1,,,,,,0.8
891951b1d0bffff,,,,1,,,,,,0.8
89195580967ffff,,,,1,,,,,,0.8
8919590638fffff,,,,1,,,,1,1,1.1
89180cd09cbffff,,1,,,,,,,,0.9
8919420c903ffff,,1,,,,,,,,0.9
89194a72037ffff,,,,,,,1,,,0.78
8919422d01bffff,,,,,,,,,1,0.1
89194304157ffff,,,,,,,,,1,0.1
89194305d53ffff,,,,,,,,,2,0.2
8919485320fffff,,,,,,,,,1,0.1
89195131203ffff,,,,,,,,,1,0.1
891958b4a4bffff,,,,,,,,,1,0.1
89195daf4bbffff,,,,,,,,,1,0.1
89195db1b6bffff,,,,,,,,,1,0.1
8919729019bffff,1,,,,,,,,1,1.1
891973a8807ffff,,,,,,,,,2,0.2
8919768ec77ffff,,,,,,,,,1,0.1
891909a41c7ffff,,,,,,,1,,,0.78
89182e95b33ffff,1,,,,,,,,,1
8919411857bffff,1,,,,,,,,,1
89194249993ffff,1,,,,,,,,,1
891942cdc07ffff,1,,,,,,,,,1
89194ad221bffff,1,,,,,,,,,1
89194e01dc3ffff,1,,,,,,,,,1
89195189c57ffff,1,,,,,,,,,1
891951b096bffff,1,,,,,,,,,1
891952634abffff,1,,,,,,,,,1
8919550d04bffff,1,,,,,,,,,1
89195830ca3ffff,1,,,,,,,,,1
8919583862bffff,1,,,,,,,,,1
8919584717bffff,1,,,,,,,,,1
89195d21dc7ffff,1,,,,,,,,,1
89195d2e297ffff,1,,,,,,,,,1
89195d2ee47ffff,1,,,,,,,1,,1.2
89195da6903ffff,1,,,,,,,2,,1.4
8919727402fffff,1,,,,,,,,,1
89197276413ffff,1,,,,,,,,,1
89195c05c3bffff,,,,,,,,,1,0.1
891941af003ffff,,,,,,,,,1,0.1
891942c583bffff,,,,,,,,1,2,0.4
89195d2593bffff,,,,,,,,,1,0.1
89182198317ffff,,,,,,,,,1,0.1
891825206d7ffff,,,,,,,,,1,0.1
891825665bbffff,,,,,,,,,1,0.1
891825a4b63ffff,,,,,,,,,1,0.1
891825a615bffff,,,,,,,,,1,0.1
89182e18cb7ffff,,,,,,,,,1,0.1
89194028b7bffff,,,,,,,,,1,0.1
8919404c033ffff,,,,,,,,,1,0.1
89194109843ffff,,,,,,,,,1,0.1
891942061a7ffff,,,,,,,,,1,0.1
89194210b6bffff,,,,,,,,,1,0.1
8919425a217ffff,,,,,,,,,1,0.1
891942764a3ffff,,,,,,,,,1,0.1
89194296d83ffff,,,,,,,,,1,0.1
89194298957ffff,,,,,,,,,1,0.1
891942b0cd7ffff,,,,,,,,,1,0.1
891942c48cbffff,,,,,,,,,1,0.1
891942cd987ffff,,,,,,,,,1,0.1
89194336047ffff,,,,,,,,,1,0.1
891943c45c7ffff,,,,,,,,,1,0.1
891948cdcdbffff,,,,,,,,,1,0.1
89194a08b1bffff,,,,,,,,,1,0.1
89194a1990fffff,,,,,,,,,1,0.1
89194ac856fffff,,,,,,,,,1,0.1
89194ad712fffff,,,,,,,,,1,0.1
89194e6a3afffff,,,,,,,,2,1,0.5
89194e7416bffff,,,,,,,,,1,0.1
89194e85507ffff,,,,,,,,,1,0.1
89194e8707bffff,,,,,,,,,1,0.1
89194e99d37ffff,,,,,,,,,1,0.1
891951071c7ffff,,,,,,,,,1,0.1
89195115acbffff,,,,,,,,,1,0.1
89195131b0bffff,,,,,,,,,1,0.1
89195216103ffff,,,,,,,,,1,0.1
89195282247ffff,,,,,,,,,1,0.1
891952d607bffff,,,,,,,,,1,0.1
8919557a9d7ffff,,,,,,,,,1,0.1
8919583b377ffff,,,,,,,,,1,0.1
89195875cabffff,,,,,,,,,1,0.1
89195912223ffff,,,,,,,,,1,0.1
8919599224fffff,,,,,,,,,1,0.1
89195b613c3ffff,,,,,,,,,1,0.1
89195b61b33ffff,,,,,,,,,1,0.1
89195ba1d1bffff,,,,,,,,,1,0.1
89195c05a9bffff,,,,,,,,,1,0.1
89195c07073ffff,,,,,,,,,1,0.1
89195c0e123ffff,,,,,,,,,1,0.1
89195c0eb57ffff,,,,,,,,,1,0.1
89195c38003ffff,,,,,,,,,1,0.1
89195c76933ffff,,,,,,,,,1,0.1
89195caad0fffff,,,,,,,,,1,0.1
89195d38b53ffff,,,,,,,,,1,0.1
89195d62643ffff,,,,,,,,,1,0.1
89195d7568fffff,,,,,,,,,1,0.1
89195dd62b7ffff,,,,,,,,,1,0.1
891972ad6c7ffff,,,,,,,,1,1,0.3
89197322e07ffff,,,,,,,,,1,0.1
89197324943ffff,,,,,,,,,1,0.1
8919732c477ffff,,,,,,,,,1,0.1
89182c109a3ffff,,,,,,,,1,,0.2
89182c50527ffff,,,,,,,,1,,0.2
89182e12423ffff,,,,,,,,1,,0.2
891874ac17bffff,,,,,,,,1,,0.2
89194284483ffff,,,,,,,,1,,0.2
8919434c077ffff,,,,,,,,2,,0.4
891946191abffff,,,,,,,,1,,0.2
89195816117ffff,,,,,,,,1,,0.2
89195839c5bffff,,,,,,,,1,,0.2
89195844657ffff,,,,,,,,1,,0.2
8919586ca97ffff,,,,,,,,1,,0.2
8919587a16fffff,,,,,,,,1,,0.2
89195aa111bffff,,,,,,,,1,,0.2
89195dac68fffff,,,,,,,,1,,0.2
89195e60343ffff,,,,,,,,1,,0.2
89195e6541bffff,,,,,,,,1,,0.2
89194ad1c83ffff,,,,,,,,1,,0.2
89195539107ffff,,,,,,,,1,,0.2
89195b73523ffff,,,,,,,,1,,0.2
89195d048b7ffff,,,,,,,,,1,0.1
89194176ca7ffff,,,,,,,,,1,0.1
891951b0c83ffff,,,,,,,,,1,0.1
89195bb0b53ffff,,,,,,,,,1,0.1
89195c343b7ffff,,,,,,,,,1,0.1
89195c98a97ffff,,,,,,,,,1,0.1
891820ba58bffff,,,,,,,,1,,0.2
89182c8d803ffff,,,,,,,,1,,0.2
891874ac3b7ffff,,,,,,,,2,,0.4
891876a4833ffff,,,,,,,,1,,0.2
8919420188fffff,,,,,,,,1,,0.2
89194a7b3b7ffff,,,,,,,,1,,0.2
89194ad164bffff,,,,,,,,1,,0.2
89194ad169bffff,,,,,,,,2,,0.4
89194ada113ffff,,,,,,,,1,,0.2
89194ada6a7ffff,,,,,,,,1,,0.2
8919510286bffff,,,,,,,,1,,0.2
891951b70bbffff,,,,,,,,1,,0.2
8919524ce47ffff,,,,,,,,1,,0.2
891953a0b0bffff,,,,,,,,1,,0.2
891953adc7bffff,,,,,,,,1,,0.2
8919586b4cbffff,,,,,,,,1,,0.2
89195888a57ffff,,,,,,,,1,,0.2
89195c16b67ffff,,,,,,,,1,,0.2
89195d3097bffff,,,,,,,,2,2,0.6
89195d4503bffff,,,,,,,,1,,0.2
89195da5837ffff,,,,,,,,1,,0.2
89195da6803ffff,,,,,,,,1,,0.2
89195dba427ffff,,,,,,,,1,,0.2
8919732214bffff,,,,,,,,1,,0.2
89194a51e0fffff,,,,1,,,,,,0.8
89195d0596fffff,,,,1,,,,,,0.8
89197279123ffff,,,,,,,,,1,0.1
89195d244afffff,,,,,,,,,1,0.1
891870cb69bffff,,,,,,,,,1,0.1
89195cacb6bffff,,,,,,,,,1,0.1
89195db5977ffff,,,,,,,,,1,0.1
89197239673ffff,,,,,,,,,1,0.1
891951b75dbffff,,,,,,,,4,1,0.9
89182c1529bffff,,,,,1,,,,,0.6
8919407300fffff,,,,,1,,,,,0.6
89194136427ffff,1,,,,1,,,,,1.6
89194261b03ffff,,,,,2,,,,,1.2
89194aca5cbffff,,,,,1,,,,,0.6
89194ad330bffff,,,,,1,,,1,1,0.9
89194ad3343ffff,,,,,1,,,3,,1.2
89194e2322fffff,,,,,1,,,,,0.6
891951073c7ffff,,,,,1,,,,1,0.7
891951b242fffff,,,,,1,,,,,0.6
89195c3402bffff,,,,,1,,,,1,0.7
89195d88223ffff,,1,,,2,,,1,,2.3
89195da63dbffff,1,1,,,1,,,2,,2.9
89195db8917ffff,,,,,1,,,,,0.6
89195db894bffff,,,,,2,,,,,1.2
8919728948bffff,,,,1,1,,,,,1.4
8919728b1cfffff,,,,,1,,,,,0.6
89182a04b6bffff,,,,,1,,,,,0.6
89182e58677ffff,2,7,,1,1,,2,24,,16.06
891909242cfffff,,2,,,1,,,,,2.4
89192b6c197ffff,,2,,,4,,,11,2,6.6
891942cec8fffff,1,2,,,1,,,10,2,5.6
8919436d98fffff,,,,,1,,,,,0.6
89194e68c1bffff,,,,,1,,,,1,0.7
891951b755bffff,,,,,1,,,6,1,1.9
89195585693ffff,1,1,,,1,,,2,2,3.1
8919591114fffff,,,,,1,,,1,,0.8
89195916833ffff,,,,,3,,,3,2,2.6
89195b570a7ffff,,,,,1,,,1,,0.8
89195c395a3ffff,,2,,,6,,,,1,5.5
89195d2e09bffff,,3,,,1,,,2,,3.7
891973d7063ffff,,2,,,1,,,2,,2.8
89182a3a43bffff,2,,,,,,,6,,3.2
8919429a9d7ffff,2,1,,,,,,5,1,4
891942cce4fffff,,,,,,,,2,,0.4
8919436584bffff,1,2,,,1,,,5,2,4.6
8919466a883ffff,,,,,,,,1,,0.2
891946ad02bffff,,,,,,,,1,,0.2
89194ada153ffff,,,,,,,,2,1,0.5
891951b70b7ffff,,,,,,,1,4,1,1.68
891953b6e07ffff,,1,,,,,,1,,1.1
89195575653ffff,,,,,,,,1,,0.2
891955d8163ffff,,1,,,,,,3,1,1.6
891958393c7ffff,,,,,,,,2,,0.4
89195c35cd3ffff,1,,,1,,,,3,6,3
89195c716afffff,,,,,,,,1,,0.2
89195da4d83ffff,,,,,,,,4,1,0.9
89195da69a3ffff,,4,,,,,,3,,4.2
8919720c94bffff,,,,,,,,3,2,0.8
8919728b167ffff,,,,,,,,8,2,1.8
89197335233ffff,,1,,,,,,6,1,2.2
8919297407bffff,,,,,,,1,,,0.78
8919410cb8fffff,,,,,,,1,,,0.78
89195a15697ffff,,,,,,,1,,,0.78
89187290507ffff,,,,,,,,,1,0.1
891952d6e67ffff,,,,,,,,1,1,0.3
891959b40cfffff,,,,,,,,,1,0.1
89195aa54abffff,,,,,,,,,1,0.1
89195cc1c23ffff,,,,,,,,,1,0.1
8919768eb53ffff,,,,,,,,,1,0.1
8918236ac33ffff,,,,,,,,1,,0.2
89182a31093ffff,,,,,,,,1,,0.2
89182a3a0d7ffff,,,,,,,,1,,0.2
89182a3a293ffff,,,,,,,,1,,0.2
89182c12d37ffff,,,,,,,,1,,0.2
89182c16d03ffff,,,,,,,,1,,0.2
89182c17477ffff,2,2,,,,,,2,,4.2
89182c8d3abffff,,,,,,,,1,,0.2
89182c8f677ffff,,1,,,,,,1,,1.1
89182e6e03bffff,,,,,,,,5,,1
89192a39213ffff,,,,,,,,1,1,0.3
89192b6ea4bffff,2,,,,,,,3,,2.6
891941194c7ffff,,,,,,,,1,,0.2
89194141d07ffff,,,,,,,,1,,0.2
89194154b43ffff,,,,,,,,1,,0.2
89194205857ffff,,,,,,,,1,,0.2
8919420c127ffff,,,,,,,,1,,0.2
8919420c933ffff,,,,1,,,,3,1,1.5
8919420cb67ffff,,,,,,,,1,,0.2
8919420ec6bffff,,,,,,,,1,,0.2
89194274067ffff,,,,,,,,1,,0.2
89194281dd3ffff,,,,,,,,1,,0.2
891942c4353ffff,,1,,,,,,1,,1.1
89194358e47ffff,1,,,,,,,1,,1.2
8919436a517ffff,,,,,,,,1,,0.2
891943818d3ffff,,,,,,,,1,,0.2
891943a1457ffff,,,,,,,,1,,0.2
8919462e317ffff,,,,,,,,1,,0.2
891946466abffff,1,,,,,,,1,,1.2
89194a1158bffff,,,,,,,,1,,0.2
89194a7202bffff,,1,,,,,6,2,1,6.08
89194a821d7ffff,,,,,,,,1,,0.2
89194ac3353ffff,1,,,,,,,1,,1.2
89194ac9d8fffff,1,,,,,,,1,,1.2
89194ad0023ffff,,,,,,,,2,,0.4
89194ad02dbffff,,,,,,,,1,,0.2
89194ad3263ffff,,1,,,,,,8,,2.5
89194ad3297ffff,,,,,,,,1,,0.2
89194ada593ffff,,,,,,,,1,,0.2
89194ada64bffff,2,,,,,,,7,1,3.5
89194adab53ffff,1,,,,,,,2,,1.4
89194e69cafffff,1,,,,,,,1,,1.2
89194e6b247ffff,,,,,,,,1,,0.2
89194e75d3bffff,,,,,,,,2,1,0.5
89194e87333ffff,,1,,,,,,5,,1.9
89195107333ffff,,,,,,,,1,,0.2
891952493a7ffff,,,,,,,,4,,0.8
891952cd37bffff,,,,,,,,1,,0.2
891952d6cafffff,,,,,,,,1,,0.2
8919551730fffff,,,,,,,,3,,0.6
89195551933ffff,,,,,,,,2,,0.4
89195564607ffff,,,,,,,,3,,0.6
8919557581bffff,1,1,,,,,,1,2,2.3
891958062cfffff,,,,,,,,2,,0.4
8919580923bffff,1,,,1,,,,2,1,2.3
891958445bbffff,,,,,,,,1,,0.2
89195844b7bffff,,,,,,,,1,,0.2
8919587108bffff,,3,,,,,,2,4,3.5
89195885213ffff,,,,,,,,1,,0.2
891958c2b47ffff,,,,1,,,,1,1,1.1
89195a16e0bffff,,,,,,,,1,,0.2
89195a2d52bffff,,,,,,,,1,,0.2
89195aaa877ffff,,,,,,,,2,,0.4
89195b0a37bffff,,,,,,,,2,,0.4
89195b1b39bffff,,,,,,,,1,,0.2
89195b56ebbffff,2,,,,,,,1,,2.2
89195b85193ffff,,,,,,,,1,,0.2
89195c3b697ffff,,,,,,,,1,,0.2
89195ca598bffff,,,,,,,,1,1,0.3
89195d00e8bffff,,,,,,,,2,,0.4
89195d2b11bffff,,,,,,,,4,,0.8
89195d30d57ffff,,1,,,,,,1,1,1.2
89195d4180bffff,,,,,,,,1,,0.2
89195d70a93ffff,,,,,,,,1,2,0.4
89195da4443ffff,,,,,,,,2,,0.4
89195da4833ffff,,6,,,,,,2,,5.8
89195da6d5bffff,,,,,,,,2,,0.4
89195daf66bffff,,5,,,,,,4,1,5.4
89197201353ffff,,,,,,,,1,1,0.3
8919720c603ffff,2,1,,,,,,1,1,3.2
89197239253ffff,3,3,,,,,,13,4,8.7
8919728b173ffff,,,,,,,,1,1,0.3
891972a83d3ffff,2,,,,,,,1,,2.2
89197322a0bffff,,1,,,,,,1,1,1.2
89197322d8bffff,,,,,,,,1,,0.2
89197335377ffff,,,,,,,,2,,0.4
891976bb6cfffff,,,,,,,,1,,0.2
891976c44dbffff,,,,1,,,,1,,1
89197276577ffff,,,,,,,,1,1,0.3
89182084533ffff,,,,,,,,,1,0.1
89182a3b03bffff,,,,,,,,,1,0.1
8919420a3b3ffff,,,,,,,,,1,0.1
89195871457ffff,,,,,,,,1,1,0.3
891820a4387ffff,,,,,,,,,1,0.1
89182ac6ebbffff,,,,,,,,,1,0.1
8919420e2afffff,,,,,,,,,1,0.1
89194256133ffff,,,,,,,,,2,0.2
89194e0d193ffff,,,,,,,,,1,0.1
89194e922cfffff,,,,,,,,,2,0.2
89195176ca7ffff,,,,,,,,,1,0.1
89195c0ed47ffff,,,,,,,,,1,0.1
89195c3a32bffff,,,,,,,,,1,0.1
89195cc094bffff,,,,,,,,,1,0.1
89194ad012fffff,1,,,,,,,,,1
89195878303ffff,,,,,,,,,1,0.1
89195cbb517ffff,,,,,,,,,1,0.1
89197276687ffff,,,,,,,,,1,0.1
89194e69897ffff,,,,,,,,,1,0.1
89195632aabffff,1,,,,,,,,,1
89182a3aeabffff,,,,,,,,,1,0.1
89182e590a7ffff,1,,,,,,,,,1
89194ec9e6fffff,1,,,,,,,,1,1.1
89195da3507ffff,1,,,,,,,,,1
89195daa937ffff,1,,,,,,,,,1
89195c01d77ffff,,,,,,,,,3,0.3
8909a470867ffff,,1,,,,,,,,0.9
891825b1167ffff,,1,,,,,,,1,1
89182a3029bffff,,2,,,,,,,,1.8
89182c1607bffff,,1,,,,,,,,0.9
89182e396cbffff,1,1,,,,,,,,1.9
891909071c3ffff,,1,,,,,,1,,1.1
89190965da3ffff,,1,,,,,,,,0.9
891909ac58fffff,,1,,,,,,1,,1.1
891909af08bffff,,1,,,,,,1,,1.1
89194073563ffff,,1,,,,,,,,0.9
891941360c7ffff,,2,,,,,,,,1.8
8919422e307ffff,,1,,1,,,,,1,1.8
8919424ea9bffff,,1,,,,,,,,0.9
89194269833ffff,,1,,,,,,1,,1.1
8919429ad0bffff,,1,,,,,,,,0.9
891942ce9a7ffff,,2,,,,,,,,1.8
89194360d7bffff,,2,,,,,,,,1.8
89194ad9d7bffff,,1,,,,,,1,,1.1
89194e0edc3ffff,,2,,,,,,,,1.8
8919510686fffff,,1,,,,,,,,0.9
891951170a3ffff,,1,,,,,,,2,1.1
89195185153ffff,,2,,,,,,,,1.8
891951a60afffff,,2,,,,,,1,,2
891951b094fffff,,1,,,,,,,,0.9
891951b4417ffff,1,1,,,,,,,,1.9
891951b539bffff,,4,,,,,,2,,4
891958395a7ffff,,2,,,,,,,,1.8
89195844d6bffff,,1,,,,,,1,,1.1
8919584ec37ffff,,1,,,,,,,,0.9
8919584ee5bffff,,2,,,,,,,,1.8
891959145c7ffff,,1,,,,,,,,0.9
891959aa6afffff,,1,,,,,,,,0.9
89195c0f587ffff,,1,,,,,,,,0.9
89195c4ad6bffff,,1,,,,,,,,0.9
89195c4f693ffff,,1,,,,,,,,0.9
89195cd8077ffff,,1,,,,,,,,0.9
89195d28683ffff,,1,,,,,,,,0.9
89195d2e1d7ffff,,2,,,,,,,,1.8
89195d8594fffff,,2,,,,,,,,1.8
89195da4d4fffff,,1,,,,,,,1,1
89195db0dd7ffff,,1,,,,,,,,0.9
89195db4d6fffff,,1,,,,,,,,0.9
89195dba58bffff,,1,,,,,,,,0.9
89195dd60cbffff,,1,,,,,,,,0.9
891951a1c4fffff,,,,,,2,,,,1.5
89182a67643ffff,,,,,,,,,1,0.1
89182e413c7ffff,,,,,,,,,1,0.1
89194637053ffff,,,,,,,,,1,0.1
89194ac1413ffff,,,,,,,,,1,0.1
89194e6842bffff,,,,,,,,,1,0.1
8919510682bffff,,,,,,,,,1,0.1
89195112377ffff,,,,,,,,,1,0.1
89195db5e57ffff,,,,1,,,,,,0.8
89195803153ffff,,,,1,,,,,,0.8
89195879b87ffff,,,,1,,,,,,0.8
8919590ccafffff,,,,1,,,,,1,0.9
89195d47307ffff,,,,1,,,,,1,0.9
89182a58eabffff,,1,,,,,,,,0.9
89182e0036fffff,,1,,,,,,,,0.9
891953aab47ffff,,1,,,,,,,,0.9
89194a7211bffff,,,,,,,4,,,3.12
89195115e77ffff,,,,1,,,,,,0.8
891959b40c7ffff,,,,,,,,,1,0.1
89194254ddbffff,,,,,,,,,1,0.1
8919431716fffff,,,,,,,,,2,0.2
89194a062bbffff,,,,,,,,,1,0.1
89195131b1bffff,,,,,,,,,1,0.1
891951d6ab7ffff,,,,,,,,,1,0.1
8919580c9d7ffff,,,,,,,,,1,0.1
8919586b157ffff,,,,,,,,,1,0.1
89195c0d483ffff,,,,,,,,,1,0.1
89195da5d47ffff,2,,,,,,,,1,2.1
8918238f4abffff,1,,,,,,,,,1
891823b4b6bffff,1,,,,,,,,1,1.1
89182e98b67ffff,1,,,,,,,,,1
891909acc43ffff,1,,,,,,,,,1
89194a542d3ffff,1,,,,,,,,,1
89194ac05c3ffff,1,,,,,,,,1,1.1
89194ad181bffff,1,,,,,,,,1,1.1
89194e692b3ffff,1,,,,,,,,,1
8919518210bffff,1,,,,,,,,1,1.1
89195844b4bffff,1,,,,,,,4,,1.8
89195b8c373ffff,1,,,,,,,,,1
89195cb661bffff,1,,,,,,,,,1
89195cbb693ffff,1,,,,,,,,,1
89195cc0c0fffff,1,,,,,,,,,1
89195d88027ffff,1,,,,,,,,,1
89195da484fffff,2,,,,,,,,,2
89195da5b53ffff,1,,,,,,,,,1
89197276a83ffff,1,,,,,,,,,1
8919410ed5bffff,,,,,,,,,1,0.1
8918218a8c3ffff,,,,,,,,,1,0.1
8918250ac3bffff,,,,,,,,,1,0.1
89182c8dc0bffff,,,,,,,,,1,0.1
891874a437bffff,,,,,,,,,1,0.1
8919410549bffff,,,,,,,,,1,0.1
89194134e0bffff,,,,,,,,,1,0.1
89194138e47ffff,,,,,,,,,1,0.1
89194139b9bffff,,,,,,,,1,1,0.3
891941ab683ffff,,,,,,,,,1,0.1
8919420c37bffff,,,,,,,,,1,0.1
89194210323ffff,,,,,,,,,1,0.1
89194214c23ffff,,,,,,,,,1,0.1
89194214e0bffff,,,,,,,,,1,0.1
89194221443ffff,,,,,,,,,1,0.1
89194252c43ffff,,,,,,,,,1,0.1
89194294c4fffff,,,,,,,,,1,0.1
8919433aa9bffff,,,,,,,,,1,0.1
891946549c3ffff,,,,,,,,,1,0.1
8919485b687ffff,,,,,,,,,1,0.1
89194a009b7ffff,,,,,,,,,1,0.1
89194a8347bffff,,,,,,,,,1,0.1
89194a965d3ffff,,,,,,,,,1,0.1
89194ab19b3ffff,,,,,,,,1,1,0.3
89194ad350bffff,,,,,,,,,1,0.1
89194e6ea2fffff,,,,,,,,,1,0.1
89194ed1db3ffff,,,,,,,,,1,0.1
89194ed4db3ffff,,,,,,,,,1,0.1
89195115d53ffff,,,,,,,,,1,0.1
89195194a6fffff,,,,,,,,,1,0.1
8919519ac53ffff,,,,,,,,,1,0.1
891951a901bffff,,,,,,,,,1,0.1
891952461afffff,,,,,,,,,1,0.1
891952531cfffff,,,,,,,,,1,0.1
891952c8817ffff,,,,,,,,,1,0.1
891952d6e5bffff,,,,,,,,,1,0.1
89195599d4bffff,,,,,,,,,1,0.1
891958c609bffff,,,,,,,,,1,0.1
891958cadc7ffff,,,,,,,,,1,0.1
89195916bc3ffff,,,,,,,,,1,0.1
89195b0b547ffff,,,,,,,,,1,0.1
89195b4de8fffff,,,,,,,,,1,0.1
89195bc28c3ffff,,,,,,,,,1,0.1
89195bc630bffff,,,,,,,,,1,0.1
89195c02863ffff,,,,,,,,,1,0.1
89195c2a597ffff,,,,,,,,,1,0.1
89195c32a6fffff,,,,,,,,,1,0.1
89195c73063ffff,,,,,,,,,1,0.1
89195c75e83ffff,,,,,,,,,1,0.1
89195d10573ffff,,,,,,,,,1,0.1
89195dcd3d7ffff,,,,,,,,,1,0.1
89197208ca7ffff,,,,,,,,,1,0.1
8919732e067ffff,,,,,,,,,1,0.1
8919734150bffff,,,,,,,,,1,0.1
8919738c463ffff,,,,,,,,,1,0.1
89194045bcbffff,,,,,,,,1,,0.2
8919424844bffff,,,,,,,,1,,0.2
8919484a057ffff,,,,,,,,2,,0.4
89194acc1a3ffff,,,,,,,,1,,0.2
89194accc53ffff,,,,,,,,2,,0.4
89194ad734bffff,,,,,,,,1,,0.2
89194e69b3bffff,,,,,,,,1,,0.2
89194e8714bffff,,,,,,,,1,,0.2
8919519a27bffff,,,,,,,,1,,0.2
891951a036bffff,,,,,,,,1,,0.2
891951b4393ffff,,,,,,,,1,,0.2
891952981a7ffff,,,,,,,,1,,0.2
89195583307ffff,,,,,,,,1,,0.2
891958393dbffff,,,,,,,,1,,0.2
89195844a8fffff,,,,,,,,1,,0.2
891958458bbffff,,,,,,,,2,,0.4
8919587a10bffff,,,,,,,,1,,0.2
891959964b7ffff,,,,,,,,2,,0.4
89195acc397ffff,,,,,,,,1,,0.2
89195cb801bffff,,,,,,,,1,,0.2
89195d2e00bffff,,,,,,,,1,,0.2
89194ad1eb7ffff,,,,,,,,1,,0.2
8919591b283ffff,,,,,,,,1,,0.2
891972022cfffff,,,,,,,,1,,0.2
891951234c3ffff,,,,,,,,,11,1.1
89195840ab7ffff,,,,,,,,,1,0.1
8919597a3cfffff,,,,,,,,,2,0.2
89195da6a1bffff,,,,,,,,,1,0.1
891874ad13bffff,,,,,,,,1,,0.2
8919091b1bbffff,,,,,,,,1,,0.2
891909ad5b3ffff,,,,,,,,1,,0.2
89194220b7bffff,,,,,,,,1,,0.2
8919424dd27ffff,,,,,,,,1,,0.2
8919426e65bffff,,,,,,,,1,,0.2
89194305dbbffff,,,,,,,,1,,0.2
89194618c63ffff,,,,,,,,2,,0.4
89194a532a7ffff,,,,,,,,1,,0.2
89194ad159bffff,,,,,,,,1,,0.2
89194ad3203ffff,,,,,,,,1,,0.2
89194ad3533ffff,,,,,,,,2,,0.4
89194adb04fffff,,,,,,,,1,,0.2
89194adb42fffff,,,,,,,,1,,0.2
89194ec9a0fffff,,,,,,,,4,,0.8
89195096edbffff,,,,,,,,1,,0.2
89195104593ffff,,,,,,,,1,,0.2
891951a9dc7ffff,,,,,,,,2,,0.4
891951b0ba7ffff,,,,,,,,1,,0.2
89195991cc3ffff,,,,,,,,1,,0.2
89195aa3307ffff,,,,,,,,1,,0.2
89195ad71cfffff,,,,,,,,1,,0.2
89195b91e63ffff,,,,,,,,1,,0.2
89195d2cb0bffff,,,,,,,,1,,0.2
89195d84aafffff,,,,,,,,1,,0.2
89197322c67ffff,,,,,,,,1,,0.2
891928109d7ffff,,,,,,,,,1,0.1
89182a6c933ffff,,,,,,,,,3,0.3
89195816b97ffff,,,,,,,,,1,0.1
89195885433ffff,,,,,,,,,1,0.1
891956a5da3ffff,,,,,,,,,1,0.1
89194a5a027ffff,,,,,,,,,1,0.1
89194ad2c3bffff,,,,,,,,,1,0.1
89de7070387ffff,,,,,,,,,1,0.1
891942c4343ffff,1,,,,,,,,,1
89194e75c2fffff,1,,,,,,,,,1
89195906d17ffff,1,,,,,,,,,1
89182a3a437ffff,2,2,,,2,,,18,4,9
891909b6e2fffff,,,,,1,,,,1,0.7
8919416c697ffff,,,,,1,,,,,0.6
891942548a7ffff,,2,,,1,,,,2,2.6
891946ad2a7ffff,,,,,1,,,,,0.6
89194ad067bffff,,,,,1,,,,,0.6
891954d9417ffff,,,,,1,,,,1,0.7
8919581690bffff,,1,,,2,,,4,,2.9
89195904eb7ffff,,,,,1,,,,1,0.7
891959304bbffff,,,,,1,,,,,0.6
891959b8387ffff,,,,,1,,,,1,0.7
89195c26217ffff,1,1,,,1,,,,1,2.6
89195d09a17ffff,,1,,,1,,,16,1,4.8
89195da6e1bffff,,,,,1,,,2,5,1.5
8918215a1d7ffff,1,,,,1,,,1,,1.8
89182c10a27ffff,1,3,,,1,,,,,4.3
89182e752abffff,1,1,,1,1,,,2,,3.7
891874b35c7ffff,2,4,,1,2,,1,5,1,9.48
89192888ed7ffff,,,,,1,,,,1,0.7
8919416c623ffff,,,,,1,,,,1,0.7
8919421a95bffff,,1,,,1,,,1,,1.7
89194659337ffff,,2,,1,1,,,4,2,4.2
89194ad30cfffff,,1,,,1,,,5,,2.5
89194adb46fffff,1,4,,,4,,,5,1,8.1
89194e65d43ffff,,3,,,1,,,1,1,3.6
891953a0b7bffff,,,,,1,,,1,,0.8
89195ab268bffff,,,,,1,,,3,,1.2
89195c033a7ffff,,,,,1,,,1,1,0.9
89195c0c64bffff,,,,,1,,,2,1,1.1
89197239dcfffff,1,,,,1,,,2,,2
8919727650bffff,2,,,,1,,,13,1,5.3
89197322c37ffff,1,5,,,1,1,,23,,11.45
89182c16247ffff,1,,,,,,,2,,1.4
891942c422fffff,,1,,,,,,4,,1.7
89194ad1073ffff,,,,,,,,2,,0.4
89194ad30dbffff,,,,,,,,6,,1.2
89194ad3453ffff,,,,,,,,2,,0.4
89195105587ffff,,,,,,,,7,,1.4
89195196397ffff,,,,,,,,1,,0.2
891951b759bffff,,,,,,,,3,,0.6
89195c05b13ffff,,,,,,,,3,,0.6
89195d09a0fffff,,3,,,,,,14,,5.5
89195da6c4fffff,,,,,,,,1,,0.2
89195a1401bffff,,,,,,,,,1,0.1
89192bac57bffff,,,,,,,,,2,0.2
89194359c7bffff,,,,,,,,,1,0.1
89195c3b563ffff,,,,,,,,,1,0.1
89197274107ffff,,,,,,,,,1,0.1
89182a04b67ffff,,1,,,,,,1,,1.1
89182c1444fffff,,1,,,,,,14,1,3.8
89182c17447ffff,1,,,,,,,2,,1.4
89182c1ad9bffff,1,,,,,,,1,,1.2
89182cb926fffff,3,2,,,,,,4,,5.6
89182e6d183ffff,,,,,,,,1,,0.2
8918746d087ffff,,,,,,,,1,,0.2
891909ae2abffff,,,,,,,,1,,0.2
891909ae363ffff,,,,,,,,1,,0.2
89190c6d47bffff,1,2,,,,,,4,,3.6
891940ca693ffff,,,,,,,,2,,0.4
8919413b08fffff,,,,,,,,1,,0.2
89194268ad3ffff,,,,,,,,1,,0.2
89194269803ffff,1,,,,,,,3,,1.6
891942750abffff,,,,,,,,1,,0.2
89194291a17ffff,1,,,,,,,1,,1.2
8919434a417ffff,,,,,,,,1,,0.2
89194359c1bffff,,,,,,,,1,,0.2
891943609cbffff,,,,,,,,2,1,0.5
891946ad077ffff,,,,,,,,1,,0.2
891946c95bbffff,1,,,,,,,1,,1.2
891948514b3ffff,,,,,,,,5,,1
89194855eabffff,,,,,,,,1,,0.2
891948c1197ffff,,,,,,,,1,,0.2
89194a59bcfffff,,,,,,,,1,,0.2
89194a92ad3ffff,1,4,,,,,,1,1,4.9
89194ac82c7ffff,1,,,,,,,1,2,1.4
89194ad15cfffff,,,,,,,,1,,0.2
89194ad240bffff,,1,,,,,,2,,1.3
89194ad3057ffff,2,2,,,,,,2,,4.2
89194e00523ffff,,,,,,,,1,,0.2
89194e2c22fffff,,,,,,,,1,,0.2
89194e5059bffff,,,,,,,,1,,0.2
89194e6912bffff,,,,,,,,6,,1.2
89194e6caabffff,1,,,,,,,1,1,1.3
89194e6d6d7ffff,,,,,,,,1,,0.2
89194e75c23ffff,,,,,,,,1,,0.2
89194ea144fffff,,,,,,,,1,,0.2
89194eb26cbffff,,,,,,,,1,,0.2
89195185347ffff,1,,,,,,,1,,1.2
8919518904bffff,,,,,,,,1,1,0.3
891951b70dbffff,,,,1,,,,1,,1
891953b6e33ffff,,,,,,,,1,,0.2
891955cec27ffff,,,,,,,,2,3,0.7
8919580329bffff,,,,,,,,1,,0.2
89195844b27ffff,1,5,,,,,,5,3,6.8
8919586b18fffff,,,,,,,,1,,0.2
89195878277ffff,1,,,,,,,1,1,1.3
8919591559bffff,1,,,,,,,1,,1.2
891959706bbffff,,,,,,,,1,,0.2
8919597a393ffff,,,,,,,,1,,0.2
89195988b37ffff,,,,,,,,1,,0.2
89195994eafffff,,1,,,,,,2,,1.3
891959b9817ffff,,1,,,,,,1,,1.1
891959b992bffff,,2,,,,,,2,,2.2
89195b0b327ffff,,,,,,,,1,,0.2
89195c0e053ffff,,,,,,,,1,,0.2
89195d0190bffff,,,,,,,,1,,0.2
89195d048bbffff,2,2,,,,,,7,,5.2
89195d09d6bffff,,,,,,,,1,,0.2
89195d2b39bffff,1,1,,,,,,2,2,2.5
89195d2c5a7ffff,,,,,,,,1,,0.2
89195d34ad3ffff,1,,,,,,,3,,1.6
89195d8aba7ffff,,,,,,,,1,,0.2
89195da1233ffff,1,,,,,,,1,,1.2
89195da4d23ffff,,,,1,,,,1,1,1.1
89195da4e57ffff,,1,,,,,,3,2,1.7
89195da5d3bffff,,,,,,,,1,,0.2
8919727416fffff,,,,,,,,1,,0.2
89197279053ffff,1,2,,,,,,1,,3
891972ad6d7ffff,,,,,,,,1,,0.2
891973353cfffff,,,,,,,,2,,0.4
89182c152dbffff,1,,,,,,,1,2,1.4
89195d3498fffff,,,,,,,,,1,0.1
89197322aafffff,,,,,,,,,1,0.1
8918280ac3bffff,,,,,,,1,1,2,1.18
8919410ea27ffff,,,,,,,,,1,0.1
89194a56c63ffff,,,,,,,,,2,0.2
89194ad2053ffff,,,,,,,,,1,0.1
89195632ab3ffff,,,,,,,,,1,0.1
89195da4c4fffff,,,,,,,,,1,0.1
891973c48c3ffff,,,,,,,,,2,0.2
891828c00b3ffff,,,,,,,,,1,0.1
89195d64513ffff,,,,,,,,,1,0.1
8919587108fffff,,1,,,,,,,2,1.1
89194e0d337ffff,1,,,,,,,,,1
89195885547ffff,2,,,,,,,2,,2.4
891943d01abffff,,,,,,,,,1,0.1
89194ace0dbffff,,,,,,,,,1,0.1
89182acacb3ffff,2,,,,,,,1,1,2.3
891909af2a7ffff,1,,,,,,,,,1
89194105b5bffff,1,,,,,,,,,1
891958693d3ffff,1,,,,,,,,,1
891958ace2fffff,1,1,,,,,,,,1.9
891959322afffff,1,,,,,,,,,1
89195c82cbbffff,2,1,,,,,,,1,3
89197270dcfffff,1,,,,,,,,,1
89197388233ffff,1,,,,,,,,,1
891801a2533ffff,1,,,,,,,,,1
8919424f507ffff,1,,,,,,,,,1
8919427b2b3ffff,2,,,,,,,,,2
89194adb133ffff,1,,,,,,,,,1
89194e69d57ffff,1,,,,,,,,,1
89194e72dc7ffff,2,,,,,,,,,2
8919587234fffff,1,,,,,,,,,1
89195cb4427ffff,2,,,,,,,,,2
89194e6142bffff,,,,1,,,,,,0.8
89182525cb7ffff,,1,,,,,,,1,1
89182c16067ffff,,1,,,,,,,,0.9
891909ad5cbffff,,1,,,,,,,,0.9
891928c6cbbffff,,1,,,,,,,,0.9
8919404050fffff,,1,,,,,,,1,1
8919424e617ffff,,1,,,,,,,,0.9
8919427b2a3ffff,,2,,,,,,,,1.8
8919436414bffff,1,1,,1,,,,,,2.7
89194a04dbbffff,,1,,,,,,2,,1.3
89194a7960fffff,1,1,,,,,,,,1.9
89194ad5bafffff,,1,,,,,,,,0.9
89194c5ac27ffff,,1,,,,,,,,0.9
89194e4b237ffff,,1,,,,,,,,0.9
89194e65097ffff,1,3,,,,,,,,3.7
89194e65273ffff,,1,,,,,,3,,1.5
89194e6564fffff,,1,,,,,,,,0.9
89194ea10cbffff,,1,,,,,,,,0.9
89194ed9597ffff,1,1,,,,,,,,1.9
891951b7083ffff,,1,,,,,,1,,1.1
891951b836fffff,,2,,,,,,,,1.8
891954a5a47ffff,,1,,,,,,,1,1
8919580c8bbffff,,1,,,,,,,,0.9
8919587a3afffff,,1,,,,,,1,,1.1
891958852b3ffff,,1,,,,,,,,0.9
891958a0ba3ffff,1,1,,,,,,,,1.9
8919590e263ffff,,1,,,,,,,1,1
89195a12363ffff,,1,,,,,,,,0.9
89195ab698fffff,,1,,,,,,,1,1
89195bd8a8fffff,,1,,,,,,,,0.9
89195cdaa4bffff,,1,,,,,,,,0.9
89195d24503ffff,,1,,,,,,,,0.9
89195d2f56bffff,,1,,,,,,,,0.9
89195da0d9bffff,,1,,,,,,,,0.9
89195da9a43ffff,,1,,,,,,,,0.9
89195dac8a7ffff,,1,,,,,,,,0.9
89195dd5017ffff,,1,,,,,,,,0.9
89197239433ffff,,4,,,,,,1,,3.8
8919727209bffff,,2,,,,,,,,1.8
8919728a62bffff,,1,,,,,,,,0.9
8919728b3bbffff,,1,,,,,,,,0.9
891959a880bffff,,,,,,1,,,,0.75
89182aad6bbffff,1,1,,,,,,,1,2
89192b6eadbffff,,,,,,,,,1,0.1
891942a92d3ffff,,,,,,,,,1,0.1
89194ac5543ffff,,,,,,,,,1,0.1
89194e4b027ffff,,,,,,,,,1,0.1
89194e68ad3ffff,,,,,,,,,1,0.1
8919513b0a7ffff,,,,,,,,,1,0.1
891951811dbffff,,,,,,,,,1,0.1
8919518f3c3ffff,,,,,,,,,1,0.1
891951a2dc3ffff,,,,,,,,,1,0.1
89195501523ffff,,,,,,,,1,1,0.3
891959161bbffff,,,,,,,,,1,0.1
89195a16c53ffff,,,,,,,,,1,0.1
89195da5c83ffff,,,,,,,,,1,0.1
89195db69bbffff,,,,,,,,,1,0.1
89195451443ffff,,,,,,,,,1,0.1
89194e531a3ffff,,,,1,,,,,,0.8
891951b0cc7ffff,,,,1,,,,,,0.8
8919580f27bffff,,1,,,,,,1,2,1.3
89194a72027ffff,,,,,,,6,2,,5.08
89194136033ffff,,,,,,,,,2,0.2
8919420a323ffff,,,,,,,,,1,0.1
8919462ae9bffff,,,,,,,,,2,0.2
8919464715bffff,,,,,,,,,1,0.1
89194a98e07ffff,,,,,,,,,1,0.1
89194ad02cfffff,,,,,,,,,1,0.1
89194ad140fffff,,,,,,,,1,1,0.3
89194ecb16fffff,,,,,,,,,1,0.1
8918215a167ffff,1,,,,,,,,,1
89182c8d357ffff,1,,,,,,,,,1
891874ac443ffff,1,,,,,,,,,1
891941366afffff,1,,,,,,,,,1
891942b0dabffff,1,,,,,,,,,1
89194ad0193ffff,1,,,,,,,1,,1.2
89194e0d20fffff,1,,,,,,,,,1
89194e4944bffff,1,,,,,,,1,,1.2
89194e6e1a7ffff,1,,,,,,,,,1
89194e7b26bffff,1,,,,,,,,,1
89194ec9eb3ffff,1,,,,,,,,,1
8919512d4d7ffff,1,,,,,,,1,,1.2
891951393dbffff,1,,,,,,,,,1
8919518b213ffff,1,,,,,,,,,1
891951b08c7ffff,1,,,,,,,,,1
891958c0897ffff,1,,,,,,,,,1
89195c85923ffff,1,,,,,,,,,1
89195cb6477ffff,1,,,,,,,,,1
89195d254b3ffff,1,,,,,,,,,1
89197276293ffff,1,,,,,,,,,1
89194e49963ffff,,,,,,,,,1,0.1
89195c66117ffff,,,,,,,,,1,0.1
8909a0990cbffff,,,,,,,,,1,0.1
891821c6e2bffff,,,,,,,,,1,0.1
8918232a583ffff,,,,,,,,,1,0.1
891825014abffff,,,,,,,,,1,0.1
89182506487ffff,,,,,,,,,1,0.1
8918252e1b7ffff,,,,,,,,,1,0.1
89182566d4bffff,,,,,,,,,1,0.1
89182585827ffff,,,,,,,,,1,0.1
891825ad2b7ffff,,,,,,,,,1,0.1
891870d6d4bffff,,,,,,,,,1,0.1
89187462b6bffff,,,,,,,,,1,0.1
89187496427ffff,,,,,,,,,1,0.1
891874ac2cbffff,,,,,,,,,1,0.1
89190125173ffff,,,,,,,,,1,0.1
8919288a397ffff,,,,,,,,,1,0.1
8919404d63bffff,,,,,,,,,1,0.1
89194072867ffff,,,,,,,,,1,0.1
89194105e8fffff,,,,,,,,,1,0.1
89194200227ffff,,,,,,,,,1,0.1
89194205ec3ffff,,,,,,,,,1,0.1
89194214593ffff,,,,,,,,,1,0.1
89194214933ffff,,,,,,,,1,1,0.3
89194228407ffff,,,,,,,,,1,0.1
89194228e93ffff,,,,,,,,,1,0.1
8919423a26bffff,,,,,,,,,1,0.1
89194254bcbffff,,,,,,,,,1,0.1
8919426820fffff,,,,,,,,,1,0.1
891942ab2b3ffff,,,,,,,,,1,0.1
891942ac58fffff,,,,,,,,,1,0.1
891942b0d5bffff,,,,,,,,,1,0.1
891942c596fffff,,,,,,,,,1,0.1
891943d00cbffff,,,,,,,,,1,0.1
8919460b6b3ffff,,,,,,,,,1,0.1
891946c900fffff,,,,,,,,,1,0.1
891948192cbffff,,,,,,,,1,1,0.3
89194ad358fffff,,,,,,,,,1,0.1
89194e26ad7ffff,,,,,,,,,1,0.1
89194e2cddbffff,,,,,,,,,1,0.1
89194e69da3ffff,,,,,,,,,1,0.1
89194e6ea17ffff,,,,,,,,,1,0.1
89194e910d3ffff,,,,,,,,,1,0.1
89194e931cbffff,,,,,,,,,1,0.1
89194e99c83ffff,,,,,,,,,1,0.1
89194ed5e4fffff,,,,,,,,,1,0.1
89195102ba7ffff,,,,,,,,,1,0.1
891951066d3ffff,,,,,,,,,1,0.1
891951165d7ffff,,,,,,,,,1,0.1
89195181197ffff,,,,,,,,,1,0.1
8919518e0b3ffff,,,,,,,,,1,0.1
89195250b63ffff,,,,,,,,,1,0.1
891952d4527ffff,,,,,,,,,1,0.1
891952d6a7bffff,,,,,,,,,1,0.1
891952d6e87ffff,,,,,,,,,1,0.1
89195408853ffff,,,,,,,,,1,0.1
891955704d3ffff,,,,,,,,,1,0.1
8919566d427ffff,,,,,,,,,1,0.1
89195802ea3ffff,,,,,,,,,1,0.1
891958102dbffff,,,,,,,,,1,0.1
8919597048bffff,,,,,,,,,1,0.1
89195b6a9a7ffff,,,,,,,,,1,0.1
89195c05c6fffff,,,,,,,,,1,0.1
89195c22e0fffff,,,,,,,,,1,0.1
89195c2ae2fffff,,,,,,,,,1,0.1
89195d30bdbffff,,,,,,,,,1,0.1
89195d35847ffff,,,,,,,,,1,0.1
89195d575d3ffff,,,,,,,,,1,0.1
89195d88d0bffff,,,,,,,,,1,0.1
89195e16ebbffff,,,,,,,,,1,0.1
89195e67613ffff,,,,,,,,,1,0.1
89197276dd3ffff,,,,,,,,,1,0.1
89197279227ffff,,,,,,,,1,1,0.3
8919733507bffff,,,,,,,,,1,0.1
8919765a0b7ffff,,,,,,,,,1,0.1
8918236dc2fffff,,,,,,,,1,,0.2
89182e56357ffff,,,,,,,,2,,0.4
891874ab013ffff,,,,,,,,1,,0.2
891909a5eb7ffff,,,,,,,,1,,0.2
89192b0a247ffff,,,,,,,,1,,0.2
89194072637ffff,,,,,,,,1,,0.2
8919407762fffff,,,,,,,,1,,0.2
8919422adcbffff,,,,,,,,1,,0.2
891942575a3ffff,,,,,,,,1,,0.2
89194619d13ffff,,,,,,,,1,,0.2
89194621073ffff,,,,,,,,1,,0.2
8919485222fffff,,,,,,,,1,,0.2
8919485b28fffff,,,,,,,,1,,0.2
89194ada8d7ffff,,,,,,,,4,,0.8
8919510eb23ffff,,,,,,,,1,,0.2
8919584db6bffff,,,,,,,,1,,0.2
89195869197ffff,,,,,,,,1,,0.2
89195a1b297ffff,,,,,,,,1,,0.2
89195c0816bffff,,,,,,,,1,,0.2
89195c90997ffff,,,,,,,,1,,0.2
89195c93443ffff,,,,,,,,1,,0.2
89195cd8e07ffff,,,,,,,,1,,0.2
89195e69adbffff,,,,,,,,1,,0.2
8919721458bffff,,,,,,,,1,,0.2
8919412c94bffff,,,,,,,,,1,0.1
891958710c7ffff,,,,,,,,,1,0.1
89195b008cbffff,,,,,,,,,1,0.1
89195b9043bffff,,,,,,,,,1,0.1
891973a952fffff,,,,,,,,,1,0.1
89182a040d7ffff,,,,,,,,1,,0.2
89182a2b6b7ffff,,,,,,,,1,,0.2
89182a3a5d3ffff,,,,,,,,1,,0.2
89182c17433ffff,,,,,,,,1,,0.2
89182c8e253ffff,,,,,,,,1,,0.2
89182e0c97bffff,,,,,,,,1,,0.2
891909ac5bbffff,,,,,,,,1,,0.2
891909ae08fffff,,,,,,,,1,,0.2
89190c49293ffff,,,,,,,,1,,0.2
89192b6c19bffff,,,,,,,,1,,0.2
8919424cecfffff,,,,,,,,1,,0.2
8919434a48bffff,,,,,,,,1,,0.2
89194a1b4cfffff,,,,,,,,1,,0.2
89194a8aa5bffff,,,,,,,,1,,0.2
89194ad05afffff,,,,,,,,1,,0.2
89194ad1113ffff,,,,,,,,1,,0.2
89194ad21cbffff,,,,,,,,1,,0.2
89194ad360bffff,,,,,,,,1,,0.2
89194adb3abffff,,,,,,,,1,,0.2
891958449afffff,,,,,,,,1,,0.2
89195879223ffff,,,,,,,,1,,0.2
8919587b5c7ffff,,,,,,,,1,,0.2
891958805afffff,,,,,,,,1,,0.2
89195b7330bffff,,,,,,,,1,,0.2
89195c05babffff,,,,,,,,1,,0.2
89195c3a5b3ffff,,,,,,,,1,,0.2
89195c915afffff,,,,,,,,1,,0.2
89195d0421bffff,,,,,,,,1,,0.2
89195d3720bffff,,,,,,,,1,,0.2
89195da4aa3ffff,,,,,,,,2,,0.4
89195da6267ffff,,,,,,,,1,,0.2
89197211e13ffff,,,,,,,,1,,0.2
8919721524fffff,,,,,,,,1,,0.2
89180134b3bffff,,,,,,,,,2,0.2
89194e82b47ffff,,,,,,,,,1,0.1
89195c82da7ffff,,,,,,,,,1,0.1
8919583926fffff,,,,,,1,,,,0.75
89195b7a937ffff,,,,,,,,,1,0.1
89197291957ffff,,,,,,,,,1,0.1
89182a288abffff,,,,,,,,,1,0.1
8918740612bffff,,,,,,,,,1,0.1
89194399dc7ffff,,,,,,,,,1,0.1
8919467122fffff,,,,,,,,,1,0.1
8919484a1bbffff,,,,,,,,,1,0.1
89194a72557ffff,,,,,,,,,2,0.2
891952d6bd3ffff,,,,,,,,,1,0.1
89195d21b03ffff,,,,,,,,,1,0.1
89195bc61cfffff,,,,,,,,,1,0.1
89182e8a433ffff,1,,,,,,,,,1
89194a525b3ffff,1,,,,,,,,,1
891958059abffff,1,,,,,,,,,1
89182e6c4c3ffff,4,6,,1,4,,1,9,1,15.28
891909053abffff,,,,,1,,,,,0.6
891909aee2bffff,,1,,,1,,,,1,1.6
8919407229bffff,,,,,1,,,,,0.6
89194204d97ffff,,,,,1,,,,1,0.7
8919430436fffff,,,,,1,,,,2,0.8
8919436415bffff,,,,,1,,,,,0.6
89194a90637ffff,,,,,1,,,,,0.6
89194ad309bffff,,3,,,2,,,2,,4.3
8919510400fffff,,,,,1,,,,,0.6
8919580c92bffff,,,,,1,,,,,0.6
8919590d433ffff,,,,,2,,,,,1.2
891959109d3ffff,,,,,1,,,,1,0.7
89195910ddbffff,,,,,1,,,,1,0.7
891959aa08fffff,,4,,,1,,,1,,4.4
891959baaabffff,,,,,1,,,1,1,0.9
89195ac42cbffff,,,,,1,,,2,1,1.1
89195c345cbffff,1,2,,,2,,,,1,4.1
89195da4863ffff,,,,,1,,,,,0.6
89195e9a30fffff,,,,,1,,,,,0.6
89197239443ffff,1,,,,1,,,,,1.6
8919728b13bffff,2,5,,,5,,,25,1,14.6
8919735b097ffff,,,,,1,,,,,0.6
891825b110bffff,,1,,,2,,,,,2.1
89182c8dd6fffff,,,,,1,,,1,,0.8
89182c8f277ffff,,,,,1,,,1,,0.8
89194ad31bbffff,1,1,,,1,,,3,1,3.2
89194e68057ffff,1,2,,,1,,,,,3.4
89195124ea3ffff,2,,,,2,,,1,2,3.6
89195131283ffff,,,,,1,,,,,0.6
891955d8167ffff,4,,,,4,,,6,1,7.7
89195d244a3ffff,,7,,1,1,,,8,2,9.5
89195dba423ffff,2,8,,,3,,,3,2,11.8
89197322cabffff,1,1,,,3,1,,4,1,5.35
89197381a53ffff,,,,,1,,,,,0.6
891909ac0d3ffff,1,3,,,,,,14,,6.5
89194105a0bffff,,,,,,,,5,1,1.1
891948c0a4fffff,,,,,,,,1,,0.2
89194ad3347ffff,,3,,,,,,5,,3.7
89194e65833ffff,,3,,,,,,1,,2.9
89194ebb047ffff,,,,,,,,1,,0.2
89195459383ffff,,1,,,,,,3,,1.5
8919586b68bffff,,1,,,,,,5,,1.9
89195a1ab8fffff,,,,,,,,3,,0.6
89195c07517ffff,,,,,,,,1,,0.2
89195d09863ffff,1,5,,,,,,20,,9.5
89195da69b7ffff,,,,,,,,3,,0.6
8919726368bffff,2,,,,,,,1,,2.2
89182c175cbffff,,,,,,,1,2,,1.18
8919404284fffff,,,,,,,1,,,0.78
891951b25c3ffff,1,,,,,,1,,,1.78
89195d30b17ffff,,,,,,,1,,1,0.88
89197332a3bffff,,,,,,,1,,1,0.88
891973a8887ffff,,,,,,,1,,,0.78
891952d6e7bffff,,1,,,,,,4,2,1.9
89194a52c4fffff,,,,,,,,,1,0.1
891951b7203ffff,,,,,,,,2,1,0.5
8909a54b04fffff,,,,,,,,1,,0.2
89182541a07ffff,,,,,,,,1,,0.2
8918280acabffff,,1,,,,,,1,,1.1
89182a3a46bffff,,,,,,,,2,,0.4
89182c174c7ffff,,1,,,,,,8,,2.5
89182cab36bffff,,,,,,,,1,,0.2
89182cb9377ffff,2,1,,,,,,10,,4.9
891870d9ac3ffff,,,,,,,,1,,0.2
89190985b0fffff,,,,,,,,1,,0.2
891909ac40fffff,1,1,,,,,,4,1,2.8
891909ac55bffff,,,,,,,,2,,0.4
89190dcde67ffff,,,,,,,,1,,0.2
89192b01bd3ffff,,,,,,,,1,,0.2
8919422d977ffff,1,,,,,,,1,,1.2
89194235ad7ffff,,,,,,,,1,,0.2
89194291663ffff,,,,1,,,,1,,1
891942c5ccbffff,,2,,,,,,4,1,2.7
891942c8b0fffff,,,,,,,,1,,0.2
89194305d33ffff,,,,,,,,4,1,0.9
891943269b3ffff,,,,,,,,1,,0.2
891943d1b4bffff,,,,,,,,2,,0.4
891948429b3ffff,,,,,,,,1,,0.2
89194a0ab0bffff,,,,,,,,1,,0.2
89194a99e03ffff,,,,,,,,1,,0.2
89194ab0307ffff,,,,,,,,1,,0.2
89194acc917ffff,1,1,,,,,,2,,2.3
89194ad1287ffff,,,,,,,,1,,0.2
89194ad1583ffff,,,,,,,,1,2,0.4
89194ad3403ffff,,,,,,,,2,,0.4
89194ad343bffff,,,,,,,,3,1,0.7
89194adaddbffff,,,,,,,,1,,0.2
89194e13133ffff,,,,1,,,,1,,1
89194e1451bffff,,,,,,,,1,,0.2
89194e6f287ffff,,,,,,,,1,,0.2
89194e786d3ffff,,5,,,,,,1,,4.7
89194ec9a63ffff,,,,,,,,2,,0.4
89194ed698bffff,,,,,,,,1,,0.2
8919509639bffff,,,,,,,,1,,0.2
89195106e27ffff,,,,,,,,1,,0.2
8919511513bffff,,,,,,,,1,,0.2
89195131a2fffff,2,2,,,,,,1,,4
891951aae6bffff,1,2,,,,,,1,,3
891951ac5b7ffff,,,,,,,,1,,0.2
891951b502fffff,1,1,,,,,,4,,2.7
891955015c3ffff,,,,,,,,1,,0.2
89195566283ffff,,,,,,,,1,,0.2
89195662a5bffff,,,,,,,,1,,0.2
891958062c7ffff,,,,,,,,2,,0.4
89195873267ffff,,,,,,,,2,,0.4
891958c2b4fffff,,,,,,,,1,,0.2
891959091cfffff,,,,,,,,1,,0.2
891959324dbffff,,,,,,,,1,,0.2
8919597a6d3ffff,,1,,,,,,1,,1.1
891959a9327ffff,,,,,,,,1,,0.2
891959aa2cbffff,,1,,,,,,2,,1.3
891959bab4fffff,,2,,,,,,4,2,2.8
89195a96173ffff,,,,,,,,1,,0.2
89195ab536bffff,,,,,,,,1,,0.2
89195b46e8bffff,,2,,,,,,1,,2
89195b79c23ffff,,,,1,,,,1,,1
89195ba084fffff,,,,,,,,1,,0.2
89195c1113bffff,,,,,,,,1,,0.2
89195c9585bffff,,,,,,,,1,,0.2
89195cc1d83ffff,,,,,,,,1,,0.2
89195d09323ffff,,,,,,,,6,,1.2
89195d09893ffff,,,,,,,,1,,0.2
89195d09a8fffff,,1,,,,,,7,,2.3
89195d09c37ffff,,,,,,,,1,,0.2
89195d2cc63ffff,,,,,,,,1,,0.2
89195d2f48fffff,,,,,,,,2,,0.4
89195d38e73ffff,,,,,,,,1,,0.2
89195d889afffff,,1,,,,,,1,,1.1
89195d8dbc3ffff,,,,,,,,1,,0.2
89195e20ec3ffff,,,,,,,,3,,0.6
89195ec32c7ffff,,,,,,,,1,,0.2
8919720e267ffff,,,,,,,,1,,0.2
89197238a1bffff,,,,,,,,1,,0.2
8919723935bffff,1,,,,,,,1,,1.2
89197239653ffff,,1,,,,,,4,,1.7
8919728a63bffff,,,,,,,,1,,0.2
8919728b007ffff,,,,,,,,1,1,0.3
89197315bc7ffff,,,,,,,,1,,0.2
8919732922bffff,,1,,,,,,2,,1.3
8919768d917ffff,,,,,,,,1,,0.2
8919768eb77ffff,,,,,,,,,1,0.1
89194e588afffff,,,,,,,,,1,0.1
89194e6db87ffff,1,,,,,,,,2,1.2
89182a31a07ffff,,,,,,,,,1,0.1
89194132357ffff,,,,,,,,,1,0.1
89194ec9a97ffff,,,,,,,,,2,0.2
89195d20823ffff,,,,,,,,,1,0.1
891958443a3ffff,,,,,,,,,1,0.1
89182c10a63ffff,1,,,,,,,,,1
89194ad72cbffff,1,,,,,,,,,1
891951ab083ffff,3,,,,,,,,3,3.3
891951b756fffff,2,,,,,,,2,,2.4
89195da0b53ffff,1,,,,,,,,,1
8919583808fffff,,,,,,,,,1,0.1
89182c1738bffff,3,2,,1,,,,5,,6.6
891909b5b07ffff,1,1,,,,,,,,1.9
8919438188bffff,1,,,,,,,,1,1.1
89194ad9a3bffff,1,,,,,,,,,1
89197239657ffff,2,1,,,,,,1,,3.1
8919733684bffff,1,2,,,,,,,,2.8
89195ca637bffff,,1,,,,,,,1,1
891828b8597ffff,1,1,,,,,,,,1.9
89182c1692bffff,1,,,,,,,,,1
89194166d23ffff,2,,,,,,,,,2
891942cd8cfffff,1,,,,,,,,,1
89194ad82dbffff,1,,,,,,,,,1
891951ab42fffff,1,,,,,,,,,1
89195da6cafffff,1,,,,,,,,,1
891972a806fffff,,1,,,,,,,1,1
89194e60cc7ffff,,,,1,,,,,,0.8
891828b95cfffff,,1,,,,,,,,0.9
89182c1747bffff,,1,,,,,,,,0.9
89182cc4553ffff,,1,,,,,,,,0.9
89194054ad7ffff,1,1,,,,,,,3,2.2
89194136397ffff,,1,,,,,,,,0.9
8919421b1b3ffff,,1,,,,,,,,0.9
891942392a7ffff,,1,,,,,,,,0.9
8919426154bffff,,1,,,,,,,1,1
89194291a83ffff,,1,,,,,,,,0.9
89194322957ffff,,1,,,,,,,,0.9
89194362563ffff,,3,,,,,,3,,3.3
89194a88843ffff,,1,,,,,,,,0.9
89194a92ec3ffff,,2,,,,,,,,1.8
89194ac009bffff,,1,,,,,,,,0.9
89194ac83bbffff,,1,,,,,,,,0.9
89194ad0157ffff,,1,,,,,,1,,1.1
89194ad21c3ffff,1,1,,,,,,,,1.9
89194ad369bffff,,1,,,,,,,,0.9
89194adb357ffff,,1,,,,,,,,0.9
89194e05367ffff,1,1,,,,,,,1,2
89194e0705bffff,,1,,,,,,,,0.9
89194e16817ffff,1,1,,,,,,,,1.9
89194e69e97ffff,,1,,,,,,1,,1.1
89194e94d8bffff,,1,,,,,,,,0.9
89194eb2653ffff,,1,,,,,,,,0.9
89194ec98c3ffff,,1,,,,,,,,0.9
89195106a4fffff,,1,,,,,,,,0.9
89195123407ffff,,1,,,,,,1,,1.1
89195139da7ffff,,1,,,,,,,,0.9
891951b4153ffff,,4,,,,,,2,1,4.1
891953071d3ffff,,1,,,,,,,,0.9
8919545938fffff,,1,,,,,,,,0.9
89195879a4fffff,1,2,,,,,,2,1,3.3
891958ba9bbffff,,1,,,,,,,,0.9
89195c05b07ffff,,1,,,,,,,1,1
89195c351a7ffff,,1,,,,,,,,0.9
89195cc23c7ffff,,1,,,,,,,,0.9
89195d31acbffff,,1,,,,,,,,0.9
89195da0d1bffff,,1,,,,,,,,0.9
89195da6463ffff,1,1,,,,,,1,2,2.3
89195db0cabffff,,1,,,,,,1,,1.1
89197260537ffff,,1,,,,,,,,0.9
891972636c7ffff,1,1,,,,,,,1,2
8919727906fffff,1,3,,,,,,,,3.7
89197665a07ffff,1,1,,,,,,1,,2.1
891959a8803ffff,,,,,,1,,,,0.75
891909ada37ffff,,,,,,,,,1,0.1
8919423846fffff,,,,,,,,,1,0.1
89194a88e6bffff,,,,,,,,,1,0.1
89194e39ccfffff,1,,,,,,,,1,1.1
89195a1a95bffff,,,,,,,,,1,0.1
89195b44023ffff,,,,,,,,,1,0.1
89195b9666bffff,,,,,,,,2,1,0.5
89195cac02fffff,,,,,,,,,2,0.2
89195d4c5a7ffff,,,,,,,,,1,0.1
89195d7265bffff,,,,,,,,,1,0.1
891909ac0b3ffff,,,,1,,,,,1,0.9
89182c023cbffff,1,,,1,,,,,,1.8
89194e6ca0fffff,,,,1,,,,,,0.8
89195c0eb43ffff,,,,1,,,,,,0.8
89182ac134fffff,,,,1,,,,,,0.8
89194ac3323ffff,,,,1,,,,,,0.8
89194a721cbffff,,,,,,,4,,,3.12
89194a721dbffff,,,,,,,1,,,0.78
891942134cfffff,,,,,,,,,1,0.1
8919422e4abffff,,,,,,,,,1,0.1
891942ce957ffff,,,,,,,,,1,0.1
89195a85283ffff,,,,,,,,,1,0.1
89197261dafffff,,,,,,,,,1,0.1
89194e0052fffff,,,,,,,1,,,0.78
89182a31607ffff,1,,,,,,,,,1
89194139b83ffff,1,,,,,,,,,1
8919417226fffff,1,,,,,,,,,1
89194359963ffff,1,,,,,,,,,1
89194adab73ffff,1,,,,,,,1,1,1.3
89195565487ffff,1,,,,,,,,,1
8919580d01bffff,1,,,,,,,,,1
89195aaa80bffff,1,,,,,,,1,1,1.3
89195c00e6fffff,1,,,,,,,,,1
89195c05bc3ffff,1,,,,,,,1,,1.2
89195c96937ffff,1,,,,,,,,,1
89195d06a63ffff,1,,,,,,,,,1
89197239067ffff,1,,,,,,,,,1
891972702c3ffff,1,,,,,,,,1,1.1
891973321bbffff,1,,,,,,,,,1
89195840b87ffff,,,1,,,,,2,1,1.2
89194a794b3ffff,,,,,,,,,1,0.1
8919726059bffff,,,,,,,,,1,0.1
89182c8d28fffff,,,,,,,,,1,0.1
891909b6333ffff,,,,,,,,,1,0.1
89182199b7bffff,,,,,,,,,1,0.1
891825388cfffff,,,,,,,,,1,0.1
8918258de33ffff,,,,,,,,,1,0.1
891825a265bffff,,,,,,,,,1,0.1
89182d35b5bffff,,,,,,,,,1,0.1
891870d0147ffff,,,,,,,,,1,0.1
89187411b7bffff,,,,,,,,,1,0.1
891874393c7ffff,,,,,,,,,1,0.1
891874ac12fffff,,,,,,,,,1,0.1
89190baad3bffff,,,,,,,,,1,0.1
8919410f19bffff,,,,,,,,,1,0.1
8919414358bffff,,,,,,,,,1,0.1
89194179603ffff,,,,,,,,,1,0.1
8919421b107ffff,,,,,,,,1,1,0.3
89194238b53ffff,,,,,,,,,1,0.1
8919423902fffff,,,,,,,,,1,0.1
891942b1d97ffff,,,,,,,,,1,0.1
891942b540fffff,,,,,,,,,1,0.1
891942cc55bffff,,,,,,,,,1,0.1
891942cd143ffff,,,,,,,,,1,0.1
891943140abffff,,,,,,,,,1,0.1
89194326867ffff,,,,,,,,,1,0.1
8919435b3a3ffff,,,,,,,,,1,0.1
8919465356fffff,,,,,,,,,1,0.1
891948cc90bffff,,,,,,,,,1,0.1
89194e80917ffff,,,,,,,,,1,0.1
89194e8655bffff,,,,,,,,,1,0.1
89194eb904fffff,,,,,,,,,1,0.1
89195180bafffff,,,,,,,,,1,0.1
891951aae37ffff,,,,,,,,,1,0.1
89195205053ffff,,,,,,,,,1,0.1
89195219a6fffff,,,,,,,,,1,0.1
8919524a4c7ffff,,,,,,,,,1,0.1
891952c228bffff,,,,,,,,,1,0.1
891953b5b63ffff,,,,,,,,,1,0.1
8919543439bffff,,,,,,,,,1,0.1
891955c55bbffff,,,,,,,,,1,0.1
8919566310fffff,,,,,,,,,1,0.1
8919566ca13ffff,,,,,,,,,1,0.1
8919588f05bffff,,,,,,,,,1,0.1
891959028c3ffff,,,,,,,,,1,0.1
891959930abffff,,,,,,,,,1,0.1
891959aa2d3ffff,,,,,,,,,1,0.1
89195a173afffff,,,,,,,,,1,0.1
89195b8c2cbffff,,,,,,,,,1,0.1
89195c00d5bffff,,,,,,,,,1,0.1
89195c0d18bffff,,,,,,,,,1,0.1
89195c33217ffff,,,,,,,,,1,0.1
89195c3ae57ffff,,,,,,,,,1,0.1
89195c3aecbffff,,,,,,,,,1,0.1
89195c3b317ffff,,,,,,,,,1,0.1
89195c6e323ffff,,,,,,,,,1,0.1
89195c75103ffff,,,,,,,,,1,0.1
89195cac357ffff,,,,,,,,,1,0.1
89195cb4217ffff,,,,,,,,,1,0.1
89195cc9c27ffff,,,,,,,,,1,0.1
89195e8caabffff,,,,,,,,,1,0.1
8919733511bffff,,,,,,,,,1,0.1
8919769294fffff,,,,,,,,,1,0.1
891801973c7ffff,,,,,,,,1,,0.2
891805aa0b3ffff,,,,,,,,2,,0.4
8919405520fffff,,,,,,,,1,,0.2
89194079d37ffff,,,,,,,,1,,0.2
891942169a7ffff,1,,,,,,,1,,1.2
8919426983bffff,,,,,,,,1,,0.2
89194665a4bffff,,,,,,,,1,,0.2
89194e8756fffff,,,,,,,,1,,0.2
891951026a3ffff,,,,,,,,1,,0.2
891951a032fffff,,,,,,,,1,,0.2
891954d168bffff,,,,,,,,1,,0.2
8919569a00bffff,,,,,,,,1,,0.2
89195802087ffff,,,,,,,,1,,0.2
891958473abffff,,,,,,,,1,,0.2
8919585aedbffff,,,,,,,,1,,0.2
891958ac85bffff,,,,,,,,1,,0.2
8919590e847ffff,,,,,,,,2,,0.4
89195ab511bffff,,,,,,,,1,,0.2
89195ab51a3ffff,,,,,,,,1,,0.2
89195c8e04bffff,,,,,,,,1,,0.2
89195c90957ffff,,,,,,,,1,,0.2
89195d941afffff,,,,,,,,1,,0.2
89195d94e07ffff,,,,,,,,1,,0.2
8919728ed0fffff,,,,,,,,1,,0.2
89195947327ffff,,,,,,,,1,,0.2
89194ac1257ffff,,,,,,,,,1,0.1
89195910a77ffff,,,,,,,,,1,0.1
89195d69977ffff,,,,,,,,,1,0.1
891821cb45bffff,,,,,,,,1,,0.2
89182a04b7bffff,,,,,,,,1,,0.2
89182c8d157ffff,,,,,,,,1,,0.2
891874acea3ffff,,,,,,,,1,,0.2
891909c113bffff,,,,,,,,1,,0.2
891942c5d13ffff,,,,,,,,3,,0.6
89194a05e4fffff,,,,,,,,1,,0.2
89194a182bbffff,,,,,,,,1,,0.2
89194a19b47ffff,,,,,,,,1,,0.2
89194a805d7ffff,,,,,,,,1,,0.2
89194ad10cbffff,,,,,,,,1,,0.2
89194ad23cbffff,,,,,,,,1,,0.2
89194ada60fffff,,,,,,,,1,,0.2
89194adabb7ffff,,,,,,,,1,,0.2
89194e6b1b7ffff,,,,,,,,1,,0.2
89194e759b7ffff,,,,,,,,1,,0.2
891951b708fffff,,,,,,,,1,,0.2
89195871647ffff,,,,,,,,1,2,0.4
8919590259bffff,,,,,,,,1,,0.2
891959902d3ffff,,,,,,,,1,,0.2
891959b1b97ffff,,,,,,,,1,,0.2
89195a552cbffff,,,,,,,,1,,0.2
89195b6154bffff,,,,,,,,1,,0.2
89195cbb49bffff,,,,,,,,1,,0.2
89195d3611bffff,,,,,,,,1,,0.2
89195da6127ffff,,,,,,,,1,,0.2
89195db6c53ffff,,,,,,,,1,,0.2
89195e5718fffff,,,,,,,,1,,0.2
89195e623c7ffff,,,,,,,,1,,0.2
891972763bbffff,1,,,,,,,1,,1.2
891972b942bffff,,,,,,,,1,,0.2
891870d420bffff,,,,,,,,,1,0.1
891959323cbffff,,,,,,,,,1,0.1
89194245367ffff,,,,,,,,,1,0.1
89182c8ea2bffff,,,,,,,,,2,0.2
8919096437bffff,,,,,,,,,1,0.1
89194a4692bffff,,,,,,,,,1,0.1
891955a9c1bffff,,,,,,,,,1,0.1
89195c710dbffff,,,,,,,,,1,0.1
891954d6e17ffff,,,,,,,,,1,0.1
8919580f0dbffff,,,,,,,,,1,0.1
89194ad0e6fffff,1,,,,,,,,,1
891951805afffff,1,,,,,,,,,1
891951b40d7ffff,1,,,,,,,,,1
8919590d463ffff,1,,,,,,,,,1
8919727656bffff,1,2,,,,,,13,1,5.5
89192b6c183ffff,,2,,,1,,,14,1,5.3
8919416c687ffff,,1,,,1,,,3,1,2.2
89195840b97ffff,,,,,1,,,2,1,1.1
89195903557ffff,,,,,1,,,,1,0.7
89195914d57ffff,,,,,1,,,,,0.6
8919591721bffff,,,,,1,,,,,0.6
891959b9d37ffff,,,,,1,,,,1,0.7
89195c2a097ffff,,,,,1,,,,,0.6
89195c3412bffff,,,,,1,,,1,3,1.1
89195d15233ffff,,,,,1,,,,,0.6
8919728b183ffff,,,,,1,,,,,0.6
891909b59abffff,,,,1,2,,,,1,2.1
8919410008fffff,,,,,1,,,,,0.6
8919484a05bffff,1,,,,1,,,1,1,1.9
89194a82463ffff,,2,,,1,,,2,,2.8
8919510732fffff,,3,,,1,,,4,1,4.2
891952c6663ffff,,,,,1,,,,,0.6
8919550d60bffff,1,5,,,6,,,11,2,11.5
891955d816fffff,,1,,,1,,,4,,2.3
891958446c7ffff,1,,,1,1,,,2,2,3
8919586e68bffff,1,2,,,1,,,3,,4
89195991ccbffff,,6,,,4,,,9,1,9.7
89195b6ad9bffff,3,3,,,1,,,3,,6.9
89195b9a937ffff,,,,,1,,,,1,0.7
89195d2136fffff,,,,,1,,,4,,1.4
89197335253ffff,,,,,1,,,1,,0.8
89182a8ded7ffff,,,,,,,,2,,0.4
89182c17403ffff,,3,,2,,,2,16,,9.06
8919424a22bffff,,,,,,,,2,,0.4
8919429ad3bffff,,,,,,,,1,,0.2
891942c5d67ffff,,4,,,,,,8,3,5.5
89194a906dbffff,,,,,,,,1,,0.2
89194ad3277ffff,,,,2,,,,6,1,2.9
891951b72bbffff,,,,,,,,1,,0.2
89195c950c7ffff,,,,,,,,2,,0.4
89195d1a807ffff,,,,,,,,1,,0.2
89195d90b6bffff,2,,,,,,,11,,4.2
89197334073ffff,,,,,,,,1,,0.2
89195daee23ffff,1,,,,,,,,,1
89195180887ffff,,,,,,,2,,2,1.76
891951b70b3ffff,,,,,,,1,,1,0.88
89195a140c7ffff,,,,,,,1,,3,1.08
891952d6323ffff,1,,,,,,,,1,1.1
891952d6acfffff,,,,,,,,,1,0.1
89182c8da37ffff,,,,,,,,,3,0.3
89197279eb3ffff,,3,,,,,,2,3,3.4
89195d2cc3bffff,,1,,,1,,,2,2,2.1
891801ac0a3ffff,,,,,,,,1,,0.2
891828410bbffff,,,,,,,,3,1,0.7
891828ba347ffff,1,,,,,,,5,,2
89182a48b83ffff,,1,,,,,,5,1,2
89182c145cbffff,,,,,,,,2,,0.4
89182c14923ffff,,,,,,,,1,,0.2
89182c17457ffff,,,,,,,,2,3,0.7
89182c8c5d3ffff,,,,,,,,1,,0.2
89182e6e32fffff,,,,,,,,1,,0.2
89187431e57ffff,,,,,,,,1,,0.2
8918743ab8bffff,1,,,,,,,1,,1.2
8919094508bffff,,,,,,,,1,,0.2
891909851a7ffff,,,,,,,,1,1,0.3
891909a4217ffff,,,,,,,,1,,0.2
89190d466cbffff,,,,,,,,1,1,0.3
8919404188bffff,,,,,,,,1,,0.2
891941265abffff,,,,,,,,2,,0.4
8919413b187ffff,,,,,,,,1,,0.2
8919420352fffff,,,,,,,,1,,0.2
89194254c93ffff,1,,,,,,,1,,1.2
891942c5d4bffff,,,,,,,,1,,0.2
8919434b417ffff,,,,,,,,1,,0.2
89194375e9bffff,,,,,,,,2,,0.4
89194a0f24bffff,,,,,,,,1,,0.2
89194a1a47bffff,1,,,,,,,2,,1.4
89194ac262bffff,1,6,,,,,,2,,6.8
89194acae6fffff,,,,,,,,1,1,0.3
89194ad063bffff,,,,,,,,2,,0.4
89194ad1083ffff,,,,,,,,2,,0.4
89194ad2e63ffff,,,,,,,,1,,0.2
89194ad987bffff,,,,,,,,1,,0.2
89194ada423ffff,,,,,,,,2,,0.4
89194adac87ffff,,,,,,,,1,,0.2
89194c49dabffff,,,,,,,,1,,0.2
89194e698a7ffff,1,,,,,,,2,1,1.5
89194e69a1bffff,,,,,,,,2,,0.4
89194ec9a53ffff,,1,,,,,,11,,3.1
89194ec9e93ffff,,,,,,,,1,,0.2
89195180883ffff,1,,,,,,,1,,1.2
891951b408fffff,,,,,,,,1,,0.2
891953a1097ffff,,,,,,,,1,,0.2
8919550d6c7ffff,,,,,,,,1,,0.2
89195544407ffff,,,,,,,,1,,0.2
891955c4923ffff,,,,,,,,1,,0.2
8919583b263ffff,,,,1,,,,5,,1.8
89195844a37ffff,1,,,,,,,2,,1.4
891958ace23ffff,,1,,,,,,2,,1.3
8919590c05bffff,,,,,,,,2,,0.4
8919597332bffff,,,,,,,,1,,0.2
89195a16e13ffff,,,,,,,,1,,0.2
89195b71a4bffff,,,,,,,,1,,0.2
89195bd8b83ffff,,,,,,,,1,,0.2
89195c15573ffff,,,,,,,,2,,0.4
89195c4a913ffff,,,,,,,,1,,0.2
89195c82da3ffff,,1,,,,,,1,1,1.2
89195cc5c6fffff,,,,,,,,1,,0.2
89195d09343ffff,,,,,,,,1,,0.2
89195d1962bffff,,,,,,,,1,,0.2
89195d25537ffff,,,,,,,,1,,0.2
89195d284d3ffff,,,,,,,,1,,0.2
89195d35163ffff,,,,,,,,4,,0.8
89195d4563bffff,,,,,,,,1,,0.2
89195d6dccfffff,,,,,,,,1,,0.2
89195d8203bffff,,1,,,,,,1,,1.1
89195da4917ffff,,2,,,,,,5,,2.8
89195da6093ffff,,,,1,,,,1,1,1.1
89195da6977ffff,,1,,,,,,1,,1.1
89195dade9bffff,,,,,,,,1,,0.2
89195db2d4fffff,,,,,,,,1,,0.2
89195dcd637ffff,,,,,,,,1,1,0.3
89195dd7103ffff,,,,,,,,1,,0.2
89195e97443ffff,,,,,,,,1,,0.2
8919723960bffff,,,,,,,,3,,0.6
891972761bbffff,1,,,,,,,3,,1.6
89197276587ffff,1,2,,,,,,4,,3.6
89197289417ffff,,,,,,,,1,,0.2
8919762a16bffff,,,,,,,,1,,0.2
891874608dbffff,,,,,,,,,1,0.1
891828c51bbffff,,,,,,,,,1,0.1
89194106567ffff,,,,,,,,,1,0.1
89194ac3537ffff,,,,,,,,,1,0.1
89194adb213ffff,,,,,,,,,1,0.1
89194adb693ffff,,,,,,,,,3,0.3
891951b632fffff,,,,,,,,,1,0.1
89195d360cbffff,,,,,,,,,1,0.1
89195db244bffff,,,,,,,,,1,0.1
8919727562fffff,,,,,,,,,1,0.1
89194073537ffff,2,,,,,,,,,2
89194ad867bffff,1,,,,,,,,,1
89195b00e3bffff,2,,,,,,,,,2
89182e22b2bffff,,,,,,,,,1,0.1
8919421a1bbffff,,,,,,,,,1,0.1
89182c8da3bffff,1,,,,,,,,,1
89190d3648bffff,2,2,,,,,,,1,3.9
89194ad1447ffff,1,,,,,,,,1,1.1
89194e6005bffff,1,,,,,,,,,1
891951806a3ffff,1,,,,,,,,,1
89195182597ffff,1,,,,,,,,,1
891955d812bffff,2,,,,,,,,,2
89195d24c67ffff,1,1,,,,,,1,,2.1
892a4c146a3ffff,1,,,,,,,1,,1.2
891909d5943ffff,2,,,,,,,,,2
89194ad2457ffff,1,,,,,,,,,1
8919518e5c7ffff,1,,,,,,,1,,1.2
89195dd646bffff,1,,,,,,,,,1
89192b32ab7ffff,,,,1,,,,,,0.8
89194a92a83ffff,,,,1,,,,,,0.8
89195c82d33ffff,,,,,,,,,1,0.1
891828ba367ffff,,3,,,,,,,,2.7
89182a2a8cbffff,,2,,,,,,,,1.8
89182aadc7bffff,1,1,,,,,,,,1.9
89182c1616bffff,1,1,,,,,,,,1.9
89182e584afffff,,1,,,,,,,,0.9
891874b358bffff,,2,,,,,,,,1.8
8919420e0cbffff,,1,,,,,,,,0.9
89194261bc7ffff,,1,1,,,,,1,1,1.9
8919426a1bbffff,,2,,,,,,,1,1.9
89194348adbffff,,1,,,,,,,,0.9
89194acf52fffff,,2,,,,,,1,,2
89194ad32c3ffff,,3,,,,,,1,,2.9
89194ad5babffff,,1,,,,,,,,0.9
891951a9dd3ffff,,1,,,,,,,,0.9
891951b6a23ffff,,1,,,,,,,,0.9
891951b8443ffff,,1,,,,,,,,0.9
891952c405bffff,1,1,,,,,,,,1.9
891952d4e57ffff,,1,,,,,,,,0.9
891953b8223ffff,,2,,,,,,1,,2
89195558443ffff,,1,,,,,,4,,1.7
89195841e07ffff,,4,,,,,,,1,3.7
8919587164bffff,,1,,,,,,3,2,1.7
89195879a37ffff,,2,,,,,,2,,2.2
891959026b7ffff,,1,,,,,,,,0.9
89195903583ffff,,2,,,,,,,,1.8
8919590f357ffff,,1,,,,,,,,0.9
891959706d7ffff,,1,,,,,,,,0.9
891959712d7ffff,,1,,,,,,,,0.9
891959aa057ffff,,4,,,,,,,,3.6
89195c05b37ffff,,1,,,,,,,,0.9
89195c314cfffff,,3,,,,,,,,2.7
89195cc0d27ffff,1,1,,,,,,,,1.9
89195d09bd3ffff,,1,,,,,,,,0.9
89195d09c73ffff,,1,,,,,,1,,1.1
89195d2b393ffff,,1,,,,,,,,0.9
89195da6e2fffff,,1,,,,,,,1,1
89197201593ffff,1,1,,1,,,,,1,2.8
89197276417ffff,,1,,,,,,,,0.9
891805b416fffff,,,,,,,,,1,0.1
8918254438bffff,,,,,,,,,1,0.1
89182c1683bffff,,,,,,,,,1,0.1
89190d364a3ffff,,,,,,,,,1,0.1
8919289945bffff,,,,,,,,,1,0.1
8919424c103ffff,,,,,,,,,1,0.1
89194a82443ffff,,,,,,,,,1,0.1
891951b7533ffff,,,,,,,,,1,0.1
89195d6e173ffff,,,,,,,,,1,0.1
89195e97087ffff,,,,,,,,,1,0.1
8919732684fffff,,,,,,,,,1,0.1
89197206d6fffff,,,,,,,,,1,0.1
891959124b7ffff,,,,3,,,,,,2.4
8919088f293ffff,,,,1,,,,,,0.8
891908b6e17ffff,,,,1,,,,,,0.8
8919424e6afffff,,,,1,,,,,,0.8
8919424f5c3ffff,,,,1,,,,,,0.8
8919429a82bffff,,,,1,,,,,,0.8
89194ada1c3ffff,,,,1,,,,,,0.8
89195915677ffff,,,,1,,,,,,0.8
89195c39393ffff,,,,1,,,,,,0.8
891972020b7ffff,,,,1,,,,,,0.8
89182c1749bffff,,1,,,,,,2,,1.3
89195876c93ffff,,1,,,,,,1,,1.1
89195db08abffff,,1,,,,,,,,0.9
89194a72067ffff,,,,,,,4,1,,3.32
8919430416fffff,,,,,,,,,1,0.1
89194305993ffff,,,,,,,,1,1,0.3
891943608abffff,,,,,,,,,1,0.1
89194a5b65bffff,,,,,,,,,1,0.1
89194a98a53ffff,,,,,,,,,2,0.2
89194acea77ffff,,,,,,,,,1,0.1
8919518582bffff,,,,,,,,,2,0.2
8919518c40bffff,,,,,,,,,1,0.1
891958a6627ffff,,,,,,,,,1,0.1
89195dd9b4fffff,,,,,,,,,1,0.1
89182ca9533ffff,,,,,,,1,,,0.78
89194ada877ffff,,,,,,,1,,,0.78
8918230f42bffff,,,,,,,6,,,4.68
89182a0e973ffff,1,,,,,,,,,1
89182a3a017ffff,1,,,,,,,,,1
89182e6e37bffff,1,,,,,,,,,1
891909ad127ffff,1,,,,,,,,,1
89194070013ffff,1,,,,,,,,,1
89194632a83ffff,1,,,,,,,,,1
891953b6e37ffff,1,,,,,,,,,1
89195a552dbffff,1,,,,,,,,,1
89195c0589bffff,1,,,,,,,,,1
89195d418bbffff,1,,,,,,,,,1
89195d88007ffff,1,,,,,,,,,1
89195d88917ffff,1,,,,,,,,,1
8919727614bffff,1,,,,,,,,,1
89197278e5bffff,1,,,,,,,,,1
891943c6367ffff,,,,,,,,,1,0.1
89197260307ffff,,,,,,,,,1,0.1
89197272c9bffff,,,,,,,,,1,0.1
8909a461bcfffff,,,,,,,,,1,0.1
8918218cebbffff,,,,,,,,,1,0.1
891825212afffff,,,,,,,,,1,0.1
891825c63c3ffff,,,,,,,,,1,0.1
8918746c697ffff,,,,,,,,,1,0.1
89192bac88fffff,,,,,,,,,1,0.1
8919404235bffff,,,,,,,,,1,0.1
89194072603ffff,,,,,,,,,1,0.1
891941194cfffff,,,,,,,,,1,0.1
8919420a90fffff,,,,,,,,,2,0.2
8919422a263ffff,,,,,,,,,3,0.3
891942523c3ffff,,,,,,,,,1,0.1
89194284e2bffff,,,,,,,,,1,0.1
8919429ab23ffff,,,,,,,,,1,0.1
891942a84dbffff,,,,,,,,,1,0.1
891942ad82bffff,,,,,,,,,1,0.1
891942ce8abffff,,,,,,,,,1,0.1
891943a935bffff,,,,,,,,,1,0.1
891946c95dbffff,,,,,,,,,1,0.1
8919485a6a3ffff,,,,,,,,,1,0.1
89194ab842fffff,,,,,,,,,1,0.1
89194e26853ffff,,,,,,,,,1,0.1
89194e96b8bffff,,,,,,,,,1,0.1
89194eb1627ffff,,,,,,,,,1,0.1
89194edb21bffff,,,,,,,,,1,0.1
8919510ec47ffff,,,,,,,,,1,0.1
891951d4d0fffff,,,,,,,,,1,0.1
8919525aec3ffff,,,,,,,,,1,0.1
89195282a4bffff,,,,,,,,,1,0.1
891952c5ab3ffff,,,,,,,,,1,0.1
891952cd313ffff,,,,,,,,,1,0.1
891952cea63ffff,,,,,,,,,1,0.1
89195432ba7ffff,,,,,,,,,1,0.1
8919543a4b7ffff,,,,,,,,,1,0.1
891954acc2bffff,,,,,,,,,1,0.1
8919554b03bffff,,,,,,,,,1,0.1
8919566d973ffff,,,,,,,,,1,0.1
8919566eeb7ffff,,,,,,,,,1,0.1
89195810d4bffff,,,,,,,,1,1,0.3
89195811347ffff,,,,,,,,,1,0.1
89195892153ffff,,,,,,,,,1,0.1
89195912987ffff,,,,,,,,,1,0.1
891959ab627ffff,,,,,,,,,1,0.1
89195a9718bffff,,,,,,,,,1,0.1
89195ab4d4fffff,,,,,,,,,1,0.1
89195b6139bffff,,,,,,,,,1,0.1
89195b8e087ffff,,,,,,,,1,1,0.3
89195b931abffff,,,,,,,,,1,0.1
89195bb4a8bffff,,,,,,,,,1,0.1
89195bc330fffff,,,,,,,,,1,0.1
89195c088c7ffff,,,,,,,,,1,0.1
89195c0ab0bffff,,,,,,,,,1,0.1
89195c0c35bffff,,,,,,,,,1,0.1
89195c328a3ffff,,,,,,,,,1,0.1
89195c4a993ffff,,,,,,,,,1,0.1
89195c745bbffff,,,,,,,,,1,0.1
89195c8e327ffff,,,,,,,,,1,0.1
89195d8888bffff,,,,,,,,,1,0.1
89195d89c47ffff,,,,,,,,,1,0.1
89195eb8127ffff,,,,,,,,,1,0.1
89197272a07ffff,,,,,,,,,1,0.1
8919768a367ffff,,,,,,,,,1,0.1
891870daacfffff,,,,,,,,2,,0.4
89190986eb3ffff,,,,,,,,2,,0.4
891909c9cd3ffff,,,,,,,,1,,0.2
8919422537bffff,,,,,,,,1,,0.2
8919485a617ffff,,,,,,,,2,,0.4
89194a029a7ffff,,,,,,,,1,,0.2
89194ada5a7ffff,,,,,,,,1,,0.2
891951af083ffff,,,,,,,,1,,0.2
891951d4d77ffff,,,,,,,,1,,0.2
89195840217ffff,,,,,,,,1,,0.2
891958445b7ffff,,,,,,,,1,,0.2
89195869043ffff,,,,,,,,1,,0.2
891958781d7ffff,,,,,,,,1,,0.2
891959320c7ffff,,,,,,,,1,,0.2
89195ab492bffff,,,,,,,,1,,0.2
89195b8e567ffff,,,,,,,,1,,0.2
89195c82957ffff,,,,,,,,1,,0.2
89195da4db3ffff,,,,,,,,4,1,0.9
89195da54bbffff,,,,,,,,1,,0.2
89195dc2c6bffff,,,,,,,,1,,0.2
89194131357ffff,,,,,,,,1,,0.2
89194a49217ffff,,,,,,,,1,,0.2
8919720c653ffff,,,,,,,,1,,0.2
89182a0408bffff,,,,,,,,,3,0.3
89182c0218fffff,,,,,,,,,1,0.1
89190b30463ffff,,,,,,,,,1,0.1
8919484297bffff,,,,,,,,,1,0.1
89195d2b357ffff,,,,,,,,,1,0.1
8919725ad87ffff,,,,,,,,,1,0.1
8918011564fffff,,,,,,,,1,,0.2
89180132a33ffff,,,,,,,,1,,0.2
89182c1aec3ffff,,,,,,,,1,,0.2
89182c8c033ffff,,,,,,,,1,,0.2
89182eb42afffff,,,,,,,,1,,0.2
891909a8923ffff,,,,,,,,1,,0.2
891909acb4bffff,,,,,,,,1,,0.2
89194220b13ffff,,,,,,,,1,,0.2
89194276eb3ffff,,,,,,,,1,,0.2
89194ad146fffff,,,,,,,,1,,0.2
89194ad1c43ffff,,,,,,,,1,,0.2
89194ad8cabffff,,,,,,,,3,,0.6
8919524916fffff,,,,,,,,1,,0.2
89195843493ffff,,,,,,,,1,,0.2
8919586b187ffff,,,,,,,,1,,0.2
891958998bbffff,,,,,,,,1,,0.2
891959714d3ffff,,,,,,,,1,,0.2
89195c0f07bffff,,,,,,,,1,,0.2
89195ca59afffff,,,,,,,,1,,0.2
89195d09a27ffff,,,,,,,,1,,0.2
89195d88e97ffff,,,,,,,,1,,0.2
89195dd605bffff,,,,,,,,1,,0.2
8919736d963ffff,,,,,,,,1,,0.2
892a4c109abffff,,,,,,,,1,,0.2
89194ac9a83ffff,,,,,,,,,1,0.1
89194105a4bffff,,,,,,,,,1,0.1
8919581827bffff,,,,,,,,,1,0.1
89195cc7383ffff,,,,,,,,,1,0.1
89194201833ffff,,,,,,,,,1,0.1
89194619c9bffff,,,,,,,,,1,0.1
89194a722d3ffff,,,,,,,,,1,0.1
891954296cfffff,,,,,,,,,1,0.1
89195876c83ffff,,,,,,,,,1,0.1
891959614c7ffff,,,,,,,,,1,0.1
89195b6119bffff,,,,,,,,,1,0.1
89195d431b7ffff,,,,,,,,,1,0.1
89195459543ffff,1,,,,,,,,,1
891909ac537ffff,,1,,,,,,2,2,1.5
8919587a5afffff,1,6,1,,,,,7,3,8.8
891805b43b3ffff,3,,,,1,,,1,2,4
89182c1742bffff,,3,,,2,,,11,1,6.2
891909aee2fffff,,,,,1,,,,,0.6
89194072097ffff,1,1,,,1,,,1,,2.7
89194072397ffff,,,,,1,,,,,0.6
8919413b6dbffff,,,,,1,,,4,1,1.5
891946ad39bffff,,1,,,2,,,,1,2.2
89194ad10c3ffff,,,,,1,,,,,0.6
89194e6520fffff,,10,,,2,,,8,,11.8
89195841c17ffff,,1,,,1,,,1,4,2.1
8919584498fffff,,,,,1,,,1,2,1
89195876677ffff,,,,,1,,,,,0.6
891958a75bbffff,,,,,1,,,8,1,2.3
89195901a87ffff,,,,,1,,,,,0.6
891959b81dbffff,,,,,4,,,,,2.4
89195c34383ffff,,,,,1,,,1,,0.8
89195da1673ffff,,,,,1,,,,,0.6
89195db0ca3ffff,,1,,,2,,,1,,2.3
89197263683ffff,,1,,,1,,,1,,1.7
89182c1744bffff,,1,,,1,,,,,1.5
89182ea446fffff,,1,,,2,,,,1,2.2
891870daac7ffff,,,,,1,,,1,1,0.9
891941631dbffff,,2,,,5,,,6,,6
891942cabd7ffff,,1,,,1,,,9,2,3.5
89194361d47ffff,,,,,1,,,,,0.6
89194a0c387ffff,,,,,1,,,,,0.6
89194ace623ffff,,,,,2,,1,1,1,2.28
89194acf52bffff,1,,,,1,,,1,,1.8
89194ad1e77ffff,,,,1,1,,,,1,1.5
89194ad3553ffff,1,1,,,1,,,,1,2.6
89194e14553ffff,,,,,1,,,4,,1.4
89194e458afffff,,,,,1,,,1,,0.8
8919527a9b3ffff,,,,1,1,,,1,,1.6
89195459387ffff,,,,,1,,,,,0.6
89195879aafffff,,,,,2,,,5,1,2.3
89195c05033ffff,1,1,,,3,,2,,,5.26
89195d34827ffff,,,,,1,,,6,,1.8
89195d8893bffff,,2,,,1,,,,,2.4
89182ca866fffff,,,,,,,,1,,0.2
891874aced3ffff,,,,,,,,2,1,0.5
89195110433ffff,,,,,,,,2,,0.4
891953ae4a3ffff,,,,,,,,1,,0.2
891955658b7ffff,,,,,,,,1,,0.2
89195da4ebbffff,1,2,,,1,,,2,1,3.9
8919728b177ffff,2,6,,,1,,,10,,10
89182e59547ffff,,,,,,,6,,1,4.78
8919518038fffff,,,,,,,1,,,0.78
891951b5597ffff,1,,,,,,1,1,,1.98
89195b09043ffff,,,,,,,4,,,3.12
891952d6123ffff,,,,,,,,,1,0.1
891952d6aa3ffff,,,,,,,,,2,0.2
891952d6bc3ffff,,,,,,,,,1,0.1
891952d6ec7ffff,,,,,,,,,1,0.1
891942c5887ffff,,,,,,,,4,1,0.9
891942c5ed7ffff,,,,,,,,,1,0.1
89194e5358bffff,,1,,,,,,2,1,1.4
8919554753bffff,,,,,,,,1,1,0.3
8909a094da3ffff,,,,,,,,1,1,0.3
8909a6b616fffff,1,,,,,,,7,2,2.6
891823d6233ffff,,,,,,,,1,1,0.3
891825b8a67ffff,,,,,,,,1,,0.2
8918280ad13ffff,1,,,,,,,1,,1.2
891828c0d6bffff,,,,,,,,1,,0.2
891828c4e77ffff,,,,,,,,2,,0.4
89182c8db13ffff,,1,,,,,,1,,1.1
89190166c17ffff,,,,,,,,1,,0.2
89190999997ffff,,,,,,,,1,,0.2
891909ac637ffff,1,,,,,,,2,1,1.5
891909aced7ffff,,,,,,,,1,,0.2
891909aed43ffff,,1,,,,,,1,,1.1
89190dc2d03ffff,,,,,,,,1,,0.2
89192b6ea17ffff,,,,,,,,1,1,0.3
8919404a85bffff,,,,,,,,1,,0.2
891940593b3ffff,,,,,,,,1,,0.2
891940d9bb3ffff,,,,,,,,1,,0.2
891941100b7ffff,,,,,,,,1,,0.2
89194254837ffff,,,,,,,,1,,0.2
891942ab353ffff,,,,,,,,1,,0.2
891942c4e5bffff,,,,,,,,1,1,0.3
891942c5833ffff,1,,,,,,,1,,1.2
8919435839bffff,,,,,,,,1,,0.2
891943590bbffff,,,,,,,,1,,0.2
8919464a4cfffff,,,,,,,,1,,0.2
8919485b407ffff,,,,,,,,1,,0.2
89194a1651bffff,,,,,,,,1,,0.2
89194a7206bffff,,,,,,,3,1,1,2.64
89194a721d7ffff,,,,,,,5,1,,4.1
89194a7258bffff,,,,,,,,2,,0.4
89194a7b13bffff,,,,,,,,1,1,0.3
89194a834cfffff,,,,,,,,1,,0.2
89194ad150bffff,1,,,,,,,1,,1.2
89194ad345bffff,,,,,,,,1,,0.2
89194e0e143ffff,,,,,,,,1,,0.2
89194e688b7ffff,1,,,1,,,,1,,2
89194eb26cfffff,,,,,,,,1,,0.2
8919510732bffff,,1,,,,,,3,,1.5
891951a6473ffff,,,,,,,,1,,0.2
891952725bbffff,,,,,,,,1,,0.2
891953b6e57ffff,,,,,,,,1,,0.2
8919542ce2fffff,,,,,,,,1,,0.2
8919581613bffff,,,,,,,,1,1,0.3
8919584cb0fffff,1,,,,,,,1,,1.2
8919587104fffff,,,,,,,,1,8,1
891958a758bffff,,,,,,,,1,,0.2
891958c253bffff,,,,,,,,1,1,0.3
89195902533ffff,,,,,,,,3,1,0.7
89195985bc3ffff,,,,,,,,1,,0.2
8919599b587ffff,2,,,,,,,1,,2.2
891959aa0cfffff,,1,,,,,,1,,1.1
891959aa62fffff,,,,,,,,1,,0.2
891959b1e9bffff,,,,,,,,1,,0.2
891959b65d3ffff,,,,,,,,1,,0.2
891959b81afffff,1,,,,,,,1,,1.2
89195a14013ffff,,,,,,,,1,,0.2
89195b44087ffff,,,,,,,,3,,0.6
89195b61b87ffff,1,,,,,,,1,1,1.3
89195c1a38bffff,1,,,,,,,1,1,1.3
89195d09d0bffff,,,,,,,,1,,0.2
89195d28437ffff,,,,,,,,1,1,0.3
89195d2b31bffff,,,,,,,,1,,0.2
89195d4668fffff,,,,,,,,2,,0.4
89195da4c13ffff,,,,,,,,2,,0.4
89195da9ebbffff,,,,,,,,1,,0.2
89195e575c3ffff,,,,,,,,2,,0.4
89195ece1c3ffff,,,,,,,,1,,0.2
89197276097ffff,,,,,,,,1,,0.2
891972765c3ffff,,,,,,,,5,1,1.1
891976bb2dbffff,,,,,,,,1,1,0.3
891958ba9b7ffff,,,,,,,,,3,0.3
89195ac3633ffff,,,,,,,,,1,0.1
8919435aec3ffff,,,,,,,,,1,0.1
89182a04b63ffff,,,,,,,,,2,0.2
89182a489c7ffff,,,,,,,,,1,0.1
8919465136bffff,,,,,,,,,1,0.1
89195566273ffff,,,,,,,,,6,0.6
89195898043ffff,1,,,,,,,,1,1.1
89195d2d52fffff,,,,,,,,,1,0.1
89195db6e87ffff,,,,,,,,,1,0.1
8919732627bffff,,,,,,,,,1,0.1
891973266bbffff,,,,,,,,,1,0.1
89194326d37ffff,,,,,,,,1,1,0.3
89195c81933ffff,,,,,,,,,1,0.1
891951b7437ffff,,,,1,,,,4,1,1.7
89194a88453ffff,1,,,,,,,,,1
891951a0597ffff,,,,,,,,,1,0.1
89194654b6bffff,,,,,,,,,1,0.1
89192b71b03ffff,1,1,,,,,,,1,2
8919407356bffff,1,,,,,,,,,1
891942ce04bffff,1,1,,,,,,,,1.9
891951853a3ffff,2,,,1,,,,,,2.8
89195c90c2fffff,1,,,,,,,,,1
89195da4b2fffff,2,,,,,,,,,2
891973200cbffff,1,,,,,,,,,1
89194ad368bffff,1,,,,,,,1,,1.2
89194ada0b3ffff,1,,,,,,,,,1
89195c3841bffff,2,3,,,,,,2,,5.1
89195d255a3ffff,1,,,,,,,,,1
89195da482bffff,1,,,,,,1,,,1.78
89194ad36d3ffff,,2,,,,,,3,2,2.6
891828b8427ffff,,1,,,,,,,,0.9
89182c73493ffff,,1,,,,,,,,0.9
891909ad5d3ffff,,1,,,,,,,,0.9
89190a80817ffff,,1,,,,,,,,0.9
89192b60c0fffff,1,1,,,,,,1,,2.1
89194065b57ffff,,1,,,,,,,,0.9
89194115423ffff,,1,,,,,,,,0.9
89194136a9bffff,,1,,,,,,,,0.9
891942c1917ffff,,1,,,,,,,,0.9
891942cec93ffff,,1,,,,,,1,,1.1
89194305cbbffff,,1,,,,,,,1,1
8919434884fffff,,2,,,,,,4,,2.6
89194359d83ffff,,1,,,,,,,,0.9
891943a5b53ffff,,1,,,,,,,,0.9
8919462ac4bffff,,1,,,,,,,,0.9
89194a902bbffff,,1,,,,,,,,0.9
89194ac2a0bffff,,1,,,,,,1,,1.1
89194ad904fffff,,1,,,,,,,,0.9
89194adab83ffff,,1,,,,,,1,,1.1
89194e6ec93ffff,,1,,,,,,,,0.9
89194e8442fffff,,1,,,,,,,,0.9
89194ec986bffff,,1,,,,,,,,0.9
8919517604bffff,,2,,,,,,1,1,2.1
89195306ecbffff,,1,,,,,,,1,1
8919545950fffff,,1,,,,,,,,0.9
8919584ad6fffff,,2,,,,,,,,1.8
8919587a04bffff,,2,,,,,,,,1.8
89195891b67ffff,,1,,,,,,,,0.9
891958a7583ffff,,1,,,,,,,,0.9
89195910937ffff,,1,,,,,,1,,1.1
89195991cdbffff,,1,,,,,,,,0.9
891959aa677ffff,,1,,,,,,,,0.9
89195ab6b87ffff,,1,,,,,,,,0.9
89195b40d57ffff,,1,,,,,,,,0.9
89195c0503bffff,,1,,,,,,,1,1
89195c95d43ffff,,1,,,,,,,,0.9
89195cac2cfffff,,1,,,,,,,,0.9
89195d09c27ffff,1,1,,1,,,,3,,3.3
89195d2a383ffff,,1,,,,,,,,0.9
89195d308dbffff,,1,,,,,,,,0.9
89195d824b7ffff,1,1,,,,,,2,,2.3
89195d88c53ffff,,1,,,,,,2,1,1.4
89195da4a07ffff,1,1,,,,,,,,1.9
89195da600bffff,,1,,,,,,,,0.9
89195db0dd3ffff,,1,,,,,,,,0.9
8919732504bffff,,1,,,,,,,,0.9
8919733668bffff,,1,,,,,,3,,1.5
89197381b53ffff,,1,,,,,,,1,1
89182c8d1d3ffff,,,,,,,,,1,0.1
891874b14b7ffff,,,,,,,,,1,0.1
89194e0adc3ffff,,,,,,,,,1,0.1
8919510541bffff,,,,,,,,,1,0.1
89195844347ffff,,,,,,,,,1,0.1
89195844b0fffff,,,,,,,,,2,0.2
89195c82b43ffff,,,,,,,,,1,0.1
891972c2c83ffff,,,,,,,,,1,0.1
891951b52a3ffff,,,,,,,,1,1,0.3
89195816c37ffff,,,,,,,,,1,0.1
8919587965bffff,,,,,,,,1,2,0.4
89194a12513ffff,,,,1,,,,,,0.8
89195daea93ffff,,,,1,,,,,,0.8
89182c1562fffff,,,,,,,,,1,0.1
8919424f587ffff,,,,,,,,,1,0.1
8919464717bffff,,,,,,,,,1,0.1
89195b46373ffff,,,,,,,,,1,0.1
89195c4f63bffff,,,,,,,,,1,0.1
89195c9b4afffff,,,,,,,1,,,0.78
89195d6e137ffff,,,,,,,1,,,0.78
89195cc0427ffff,,,,,,,1,,,0.78
89182a3a077ffff,1,,,,,,,,,1
891909accbbffff,1,,,,,,,,,1
89194a7b383ffff,1,,,,,,,,1,1.1
89194e87313ffff,1,,,,,,,,,1
89194e8cddbffff,1,,,,,,,,,1
89194eb35d3ffff,1,,,,,,,,,1
891951b00cbffff,1,,,,,,,,,1
89195b446b7ffff,1,,,,,,,,,1
89195db5ebbffff,1,,,,,,,,,1
89197335a87ffff,1,,,,,,,,1,1.1
89187471a8bffff,,,1,,,,,,,0.7
89194accb33ffff,,,,,,,,,1,0.1
89182195693ffff,,,,,,,,,1,0.1
89182501ec7ffff,,,,,,,,,1,0.1
89182586ccbffff,,,,,,,,,1,0.1
89182c1a90bffff,,,,,,,,1,1,0.3
89182d2c647ffff,,,,,,,,,1,0.1
89182e614a3ffff,,,,,,,,,1,0.1
891870d357bffff,,,,,,,,,1,0.1
8918729224fffff,,,,,,,,,1,0.1
89192c3814fffff,,,,,,,,,1,0.1
89194125e3bffff,,,,,,,,,1,0.1
8919413b127ffff,,,,,,,,,1,0.1
891942001c7ffff,,,,,,,,,1,0.1
89194220d0fffff,,,,,,,,,1,0.1
8919423a383ffff,,,,,,,,,1,0.1
8919424de13ffff,,,,,,,,,1,0.1
8919435838fffff,,,,,,,,,1,0.1
89194390a53ffff,,,,,,,,,1,0.1
891943b4ab3ffff,,,,,,,,,1,0.1
89194609683ffff,,,,,,,,,1,0.1
89194a0c313ffff,,,,,,,,,1,0.1
89194a7a53bffff,,,,,,,,,1,0.1
89194ac25cbffff,,,,,,,,,1,0.1
89194aca4cfffff,,,,,,,,,1,0.1
89194e0133bffff,,,,,,,,,1,0.1
89194e0d16bffff,,,,,,,,,1,0.1
89194eb265bffff,,,,,,,,,1,0.1
89195185273ffff,,,,,,,,,1,0.1
89195194c9bffff,,,,,,,,,1,0.1
891951b0e8bffff,,,,,,,,,1,0.1
89195245633ffff,,,,,,,,,1,0.1
89195299c53ffff,,,,,,,,,1,0.1
891952d5803ffff,,,,,,,,,1,0.1
891952d6493ffff,,,,,,,,,1,0.1
89195575223ffff,,,,,,,,,1,0.1
8919580cb6bffff,,,,,,,,,1,0.1
8919584d923ffff,,,,,,,,,1,0.1
89195882267ffff,,,,,,,,,1,0.1
89195895913ffff,,,,,,,,,1,0.1
891958c02abffff,,,,,,,,,1,0.1
891958d6397ffff,,,,,,,,,1,0.1
89195902e97ffff,,,,,,,,,1,0.1
891959b617bffff,,,,,,,,,1,0.1
89195b61087ffff,,,,,,,,,1,0.1
89195ba0c9bffff,,,,,,,,,1,0.1
89195c04873ffff,,,,,,,,,1,0.1
89195c0cc9bffff,,,,,,,,,1,0.1
89195c0f097ffff,,,,,,,,,1,0.1
89195c16bcbffff,,,,,,,,,1,0.1
89195c23217ffff,,,,,,,,,1,0.1
89195c4a9bbffff,,,,,,,,,1,0.1
89195c70da3ffff,,,,,,,,,1,0.1
89195cb71a3ffff,,,,,,,,,1,0.1
89195d41d17ffff,,,,,,,,,1,0.1
89195d773cfffff,,,,,,,,,1,0.1
891973165afffff,,,,,,,,,1,0.1
891973260d7ffff,,,,,,,,,1,0.1
89182101383ffff,,,,,,,,1,,0.2
89190922277ffff,,,,,,,,1,,0.2
89194219d77ffff,,,,,,,,1,,0.2
8919426440bffff,,,,,,,,1,,0.2
8919426826bffff,,,,,,,,1,,0.2
891946ad017ffff,,,,,,,,1,,0.2
89194ad329bffff,,,,,,,,1,,0.2
89194ad9523ffff,,,,,,,,1,,0.2
89194e25923ffff,,,,,,,,1,,0.2
89194e48b6bffff,,,,,,,,1,,0.2
891951836a3ffff,,,,,,,,1,,0.2
89195847047ffff,,,,,,,,1,,0.2
8919584ea0fffff,,,,,,,,1,,0.2
8919584f503ffff,,,,,,,,1,,0.2
89195ab9e23ffff,,,,,,,,1,,0.2
89195ab9e27ffff,,,,,,,,2,,0.4
89195ac552fffff,,,,,,,,2,,0.4
89195c62ea7ffff,,,,,,,,2,,0.4
89195d17497ffff,,,,,,,,1,,0.2
89195dacbbbffff,,,,,,,,1,,0.2
89197238403ffff,,,,,,,,1,,0.2
891908d64dbffff,,,,,,,,1,,0.2
891942765b7ffff,,,,,,,,1,,0.2
89182300287ffff,,,,,,,,,1,0.1
8919424da7bffff,,,,,,,,,1,0.1
89194adb15bffff,,,,,,,,,1,0.1
891951a1a4bffff,,,,,,,,,1,0.1
891951ba90fffff,,,,,,,,,1,0.1
89195825ebbffff,,,,,,,,,1,0.1
8919584ee27ffff,,,,,,,,,2,0.2
8919726ab9bffff,,,,,,,,,1,0.1
8909a44ce47ffff,,,,,,,,1,,0.2
89182c6c4c7ffff,,,,,,,,1,,0.2
891875d0a0bffff,,,,,,,,1,,0.2
89190978823ffff,,,,,,,,1,,0.2
891909cb127ffff,,,,,,,,1,,0.2
8919426b06bffff,,,,,,,,1,,0.2
8919434d94bffff,,,,,,,,2,,0.4
89194842807ffff,,,,,,,,1,,0.2
89194e08803ffff,,,,,,,,1,,0.2
89195185287ffff,,,,,,,,1,,0.2
891955b0db3ffff,,,,,,,,1,,0.2
891959715a3ffff,,,,,,,,1,,0.2
891959b44b7ffff,,,,,,,,1,,0.2
89195aa4583ffff,,,,,,,,1,,0.2
89195cb63cfffff,,,,,,,,1,,0.2
89195d19a93ffff,,,,,,,,1,,0.2
89195d2b38fffff,,,,,,,,1,,0.2
89195da5a5bffff,,,,,,,,1,,0.2
89197322dd7ffff,,,,,,,,1,,0.2
8919768cd77ffff,,,,,,,,1,,0.2
892a4c16213ffff,,,,,,,,1,,0.2
89194175c43ffff,,,,,,,,,1,0.1
89194105ccbffff,,,,,,,,,1,0.1
891941572a3ffff,,,,,,,,,1,0.1
891955392d3ffff,,,,,,,,,1,0.1
891972b9273ffff,,,,,,,,,1,0.1
8919582e56fffff,,,,,,,,,1,0.1
8919516b603ffff,,,,,,,,,1,0.1
891959d4e13ffff,1,,,,,,,,,1
89194e6f36bffff,,,,1,,,,,1,0.9
89182e49187ffff,,,,,1,,,,1,0.7
891909af0a3ffff,,,,,1,,,,,0.6
8919407350fffff,,1,,,1,,,,1,1.6
891942b0c9bffff,,2,,,1,,,,,2.4
89194a0e93bffff,,,,,2,,,4,,2
89194ad234bffff,,,,,1,,,1,,0.8
89194ad304bffff,,,,,3,,,3,,2.4
89194adabcbffff,,2,,,6,,4,5,1,9.62
89195915493ffff,,,,,1,,,,2,0.8
891959a1467ffff,,,,,1,,,,1,0.7
89195c3400bffff,1,1,,1,1,,,1,1,3.6
89195da4cbbffff,1,,,,1,,,,,1.6
89195da5b37ffff,,,,,1,,,,1,0.7
8919723954bffff,,,,,1,,,,,0.6
891972761dbffff,1,1,,,2,,,8,1,4.8
891823558dbffff,,,,,1,,,1,,0.8
891828c001bffff,,1,,,1,,,7,,2.9
89182a312d7ffff,,,,,1,,,,,0.6
89182a31a3bffff,,2,,,1,,,1,,2.6
89182c10987ffff,,,,,1,,,1,,0.8
89182e6e1cfffff,,,,,1,,,,,0.6
8919288816fffff,,1,,,2,,,3,,2.7
8919402c077ffff,,,,,1,,,,,0.6
89194269817ffff,,2,,,3,,,10,,5.6
89194661143ffff,1,,,,1,,,2,1,2.1
8919532427bffff,,,,,1,,,,,0.6
891958ba997ffff,2,4,,,1,,,8,3,8.1
891959b09dbffff,,,,,1,,,5,,1.6
89195b44093ffff,2,5,,,4,,,11,1,11.2
89195b93167ffff,,,,,1,,,2,,1
89195d203dbffff,,,,,3,,,,,1.8
89197336353ffff,3,1,,,3,,,,1,5.8
8919768c983ffff,,,,,1,,,1,,0.8
89182c152cbffff,,,,,,,,3,1,0.7
8919420cb47ffff,2,2,,,,,,3,,4.4
89194ad0677ffff,,,,,,,,1,,0.2
89194ad36a7ffff,,,,,,,,4,,0.8
89194e38b6bffff,,1,,,,,,1,,1.1
89194e69027ffff,,,,,,,,1,,0.2
89195c341cbffff,1,3,,,,,,3,1,4.4
89195da4bc7ffff,,,,,,,,3,,0.6
89195da6987ffff,,,,,,,,5,,1
89197322dcbffff,1,,,,,,,12,1,3.5
89195da4e13ffff,,1,,,,,,1,7,1.8
89180cd927bffff,,,,1,,,1,,,1.58
89182e5b337ffff,,,,,,,6,,,4.68
89194072297ffff,2,,,,,,1,,,2.78
8919518022fffff,,,,,,,2,,,1.56
89194a08987ffff,,,,,,,,2,1,0.5
891955643afffff,1,3,,,,,,6,2,5.1
8918215a1dbffff,,1,,,,,,1,,1.1
89182ad0d8fffff,,,,,,,,3,,0.6
89182c44d5bffff,,,,,,,,1,,0.2
89182c8313bffff,,,,,,,,2,,0.4
89182c8daafffff,,,,,,,,1,,0.2
89182c8e82fffff,,,,,,,,1,1,0.3
89182cc1963ffff,1,,,,,,,1,1,1.3
89187471e37ffff,,,,,,,,1,,0.2
8919080c323ffff,,,,,,,,1,,0.2
891909ac133ffff,,1,,,,,,1,,1.1
891909aed6bffff,,1,,,,,,2,,1.3
891909b8c3bffff,1,,,1,,,,1,,2
89190d9b61bffff,,,,,,,,1,,0.2
891941af0c3ffff,1,,,,,,,1,,1.2
8919420c90bffff,,1,,,,,,3,,1.5
8919420cb07ffff,,,,,,,,2,1,0.5
89194239293ffff,,,,,,,,2,,0.4
8919426e053ffff,,,,,,,,1,,0.2
891942cd037ffff,,,,,,,,1,,0.2
891943472a7ffff,,1,,,,,,4,,1.7
8919435806fffff,,,,,,,,7,2,1.6
891943609dbffff,,1,,,,,,1,,1.1
891943ccb83ffff,1,,,,,,,1,,1.2
89194614333ffff,,,,,,,,1,,0.2
89194655b83ffff,,,,,,,,1,,0.2
89194a0e90fffff,,,,,,,,1,,0.2
89194a1b067ffff,,,,,,,,1,,0.2
89194a9225bffff,,,,,,,,1,,0.2
89194ad1173ffff,,,,,,,,1,,0.2
89194ad1c7bffff,2,4,,,1,,,7,,7.6
89194ad238bffff,,,,,,,,3,,0.6
89194ad3293ffff,,,,,,,,2,,0.4
89194ad356fffff,,,,,,,,3,,0.6
89194ad8993ffff,,,,,,,,1,,0.2
89194ada18fffff,,,,,,,,2,,0.4
89194adb2d7ffff,,,,,,,,1,,0.2
89194e69373ffff,,,,,,,,2,1,0.5
89194e89d9bffff,,,,,,,,1,,0.2
8919518046fffff,1,2,,,,,,1,,3
8919519ac6fffff,,1,,,,,,1,,1.1
891951aad67ffff,,,,,,,,1,,0.2
891951b4027ffff,,,,,,,,1,,0.2
891951b75d7ffff,,,,,,,,5,1,1.1
89195459503ffff,,,,,,,,1,,0.2
89195580a47ffff,,,,,,,,1,,0.2
8919569a87bffff,1,,,,,,,1,,1.2
89195841e23ffff,,,,,,,,1,,0.2
8919584c5b7ffff,,,,,,,,2,,0.4
8919587a513ffff,,,,,,1,,1,5,1.45
891958850d7ffff,,3,,,,,,3,,3.3
89195ab6d3bffff,,,,,,,,2,1,0.5
89195b08dabffff,,,,,,,,1,,0.2
89195b44097ffff,,1,,,,,,2,,1.3
89195b6f483ffff,,,,,,,,1,,0.2
89195b92b87ffff,,,,,,,,1,,0.2
89195c20923ffff,,,,,,,,1,1,0.3
89195c54367ffff,,,,,,,,1,,0.2
89195c98c6bffff,,,,,,,,1,,0.2
89195d29017ffff,,2,,,,,,2,,2.2
89195d2b343ffff,,,,,,,,1,,0.2
89195d356dbffff,,,,,,,,2,,0.4
89195d558b3ffff,,,,,,,,1,,0.2
89195d72803ffff,,,,,,,,1,1,0.3
89195da45a7ffff,,,,,,,,2,,0.4
89195da6c27ffff,,,,,,,,3,,0.6
89195da8c33ffff,,,,,,,,1,,0.2
89195e680afffff,,,,1,,,,1,1,1.1
89195eb7087ffff,1,,,,,,,1,1,1.3
8919728a217ffff,,,,,,,,1,,0.2
8919728f12bffff,1,1,,,,,,2,,2.3
89197334407ffff,,,,,,,,1,,0.2
891973368a7ffff,,,,,,,,1,,0.2
8919734255bffff,,,,,,,,1,,0.2
89182a04a7bffff,,,,,,,,,2,0.2
891909ac1a7ffff,,,,,,,,,1,0.1
8919421a8d7ffff,,,,,,,,,1,0.1
89194360833ffff,,,,,,,,,2,0.2
89195831b0fffff,,,,,,,,,1,0.1
89195cac5c7ffff,,1,,,,,,,1,1
891828b8413ffff,,,,,,,,,1,0.1
89182a3a1c7ffff,,,,,,,,,1,0.1
89182a6f493ffff,,,,,,,,,1,0.1
89194040ccfffff,,,,,,,,,1,0.1
891943b295bffff,,,,,,,,,1,0.1
891948c1ddbffff,,,,,,,,,2,0.2
89194e446a7ffff,,,,,,,,,1,0.1
89194e6d957ffff,,,,,,,,,1,0.1
891959c1973ffff,,,,,,,,,1,0.1
891973366d3ffff,,,,,,,,,1,0.1
8919420c97bffff,1,2,,,,,,2,1,3.3
89195d8a823ffff,1,,,,,,,,,1
8919583b107ffff,,,,,,,,,1,0.1
89195844967ffff,,,,1,,,,,2,1
89195879dcfffff,,,,,,,,,1,0.1
89195871057ffff,,,,,,,,,1,0.1
8919511730fffff,,,,,,,,,1,0.1
89182c1503bffff,2,,,,,,,,,2
89194ac14bbffff,1,,,,,,,1,1,1.3
89194ad1533ffff,2,,,,,,,,,2
89194ad2153ffff,1,,,,,,,,1,1.1
89194e0536fffff,2,1,,,,,,1,,3.1
891954da1d7ffff,1,,,,,,,,,1
89195d2a963ffff,2,,,,,,,,,2
89195d6d62bffff,1,,,,,,,,,1
89197239273ffff,1,,,,,,,,3,1.3
89197276613ffff,2,,,,,,,,,2
89194ac1417ffff,2,,,,,,,,,2
89194ad1943ffff,1,,,,,,,,,1
89194ad3687ffff,1,,,,,,,,,1
891959b1917ffff,1,,,,,,,,1,1.1
89195a2d523ffff,1,,,,,,,,,1
89197322d0bffff,1,1,,,,,,,,1.9
8918052d4b3ffff,,1,,,,,,,,0.9
891820ad333ffff,,1,,,,,,1,,1.1
891821aee5bffff,,1,,,,,,,,0.9
89182302987ffff,,1,,,,,,,,0.9
8918288687bffff,,2,,,,,,,,1.8
8918288d807ffff,,1,,,,,,,,0.9
891828c0393ffff,,1,,,,,,,,0.9
89182c8d173ffff,,1,,,,,,,,0.9
89182c8d337ffff,,1,,,,,,,,0.9
89190d35c73ffff,,2,,,,,,,,1.8
89192b6c5abffff,,1,,,,,,,,0.9
89194129a5bffff,,1,,,,,,,1,1
89194201c6fffff,,1,,,,,,,,0.9
8919429abd3ffff,,1,,,,,,,,0.9
891942cd8a7ffff,,1,,,,,,,1,1
89194348a8bffff,,1,,,,,,,,0.9
89194364c4bffff,,1,,,,,,1,1,1.2
891943c8e6bffff,,1,,,,,,,,0.9
891948cea67ffff,,1,,,,,,,,0.9
89194ac328bffff,,1,,,,,,,,0.9
89194ac33cbffff,,1,,,,,,,,0.9
89194ad314bffff,,2,,,,,,4,,2.6
89194ad56c3ffff,1,2,,,,,,,,2.8
89194ec932bffff,,1,,,,,,1,,1.1
89195139c0fffff,,1,,,,,,,,0.9
891951a13c3ffff,1,1,,,,,,,1,2
891951a1e6bffff,,1,,,,,,,,0.9
891951b2b5bffff,,1,,,,,,,,0.9
891951b6ab3ffff,,2,,,,,,,,1.8
891952cc6c7ffff,,1,,,,,,,,0.9
891955d0677ffff,,1,,,,,,,,0.9
89195822a1bffff,,1,,,,,,,1,1
8919582e173ffff,,1,,,,,,,,0.9
8919586b683ffff,,1,,,,,,1,1,1.2
89195871667ffff,,1,,,,,,,,0.9
89195979833ffff,,1,,,,,,,,0.9
891959888a7ffff,,1,,,,,,,,0.9
891959ab067ffff,,1,,,,,,,,0.9
89195ac51b7ffff,,1,,,,,,,,0.9
89195c31043ffff,1,1,,,,,,,1,2
89195c7532bffff,,1,,,,,,,1,1
89195cb660fffff,,1,,,,,,1,,1.1
89195cc236fffff,,1,,,,,,,1,1
89195d0991bffff,,1,,,,,,,,0.9
89195d28693ffff,,1,,,,,,1,,1.1
89195d2cdafffff,,2,,,,,,,1,1.9
89195d2e317ffff,1,1,,,,,,,,1.9
89195d36c8bffff,,1,,,,,,2,,1.3
89195d8837bffff,,1,,,,,,,,0.9
89195da5e7bffff,,1,,,,,,1,,1.1
89195dae26bffff,,2,,,,,,1,,2
8919720c923ffff,,1,,,,,,,,0.9
89197238613ffff,,1,,,,,,,,0.9
89197381b73ffff,,1,,,,,,,,0.9
8919768c897ffff,,1,,,,,,,,0.9
8919424dc47ffff,,,,,,,,,1,0.1
89194269c7bffff,,,,,,,,,1,0.1
8919434931bffff,,,,,,,,,1,0.1
89194accbc7ffff,,,,,,,,,1,0.1
89195195983ffff,,,,,,,,,2,0.2
89195291b8fffff,,,,,,,,,2,0.2
8919533664fffff,,,,,,,,,1,0.1
89195910a67ffff,,,,,,,,,1,0.1
89195c6900bffff,,,,,,,,,2,0.2
89195d8dd27ffff,,,,,,,,,1,0.1
89195da095bffff,,,,,,,,,1,0.1
89195da6da7ffff,,,,,,,,,1,0.1
89194ad0d4bffff,1,,,,,,,,,1
89195d8092bffff,,,,1,,,,,,0.8
89194366c4bffff,,,,1,,,,,,0.8
891951b4213ffff,,,,1,,,,,,0.8
89195818317ffff,,,,1,,,,2,,1.2
8919586b64bffff,,,,1,,,,,,0.8
89195d2ead3ffff,,,,1,,,,,,0.8
89197316d27ffff,,,,1,,,,,,0.8
891976310afffff,1,,,1,,,,,1,1.9
891821a9037ffff,,1,,,,,,,,0.9
89194ad10c7ffff,,1,,,,,,,,0.9
89194207127ffff,,,,,,,,,1,0.1
89194176057ffff,1,,,,,,,,1,1.1
89194a06803ffff,,,,,,,,,1,0.1
891959d14cbffff,,,,,,,,,1,0.1
89195c92993ffff,,,,,,,,,1,0.1
89195d996c7ffff,,,,,,,,,1,0.1
89195da5dcfffff,,,,,,,,3,1,0.7
8919768eb8fffff,,,,,,,,,4,0.4
89182e6c4dbffff,,,,,,,1,,,0.78
89192b3a317ffff,,,,,,,1,,,0.78
89182a703a3ffff,1,,,,,,,,,1
89194055033ffff,1,,,,,,,,,1
89194298cb3ffff,1,,,,,,,,,1
891942cdca7ffff,1,,,,,,,,,1
891942cdcb7ffff,1,,,,,,,,,1
89194a44c13ffff,1,,,,,,,,,1
89194ad2e97ffff,1,,,,,,,,1,1.1
89194e69997ffff,1,,,,,,,,,1
891951b6163ffff,1,,,,,,,1,,1.2
891959733d7ffff,1,,,,,,,1,1,1.3
89195d309a7ffff,1,,,,,,,1,,1.2
89195d36863ffff,1,,,,,,,,,1
89195d88b0bffff,1,,,,,,,,,1
89195da64cbffff,1,,,,,,,,,1
89195dcc653ffff,1,,,,,,,,,1
89195ec846bffff,1,,,,,,,,1,1.1
8919092e00bffff,,,,,,,,,1,0.1
89195c04507ffff,,,,,,,,,1,0.1
89195c75153ffff,,,,,,,,,1,0.1
89195c8ee2fffff,,,,,,,,,1,0.1
8919435a2cbffff,,,,,,,,,1,0.1
8909a4641b7ffff,,,,,,,,,1,0.1
8918256516fffff,,,,,,,,,1,0.1
89187485c57ffff,,,,,,,,,1,0.1
891901ac1afffff,,,,,,,,,1,0.1
891909ad987ffff,,,,,,,,,1,0.1
891940283d3ffff,,,,,,,,,1,0.1
89194070017ffff,,,,,,,,,1,0.1
8919410124bffff,,,,,,,,,1,0.1
89194117533ffff,,,,,,,,,1,0.1
89194164a27ffff,,,,,,,,,1,0.1
89194174a33ffff,,,,,,,,,1,0.1
8919417abafffff,,,,,,,,,1,0.1
89194214e2bffff,,,,,,,,,1,0.1
89194228d97ffff,,,,,,,,,1,0.1
89194239acbffff,,,,,,,,,1,0.1
89194284373ffff,,,,,,,,,1,0.1
891942ab55bffff,,,,,,,,,1,0.1
891942cced3ffff,,,,,,,,,1,0.1
89194659cd7ffff,,,,,,,,,1,0.1
8919466137bffff,,,,,,,,,1,0.1
89194661b53ffff,,,,,,,,,1,0.1
8919466dd23ffff,,,,,,,,,1,0.1
891946ab26fffff,,,,,,,,,1,0.1
89194a73377ffff,,,,,,,,,1,0.1
89194a822d7ffff,,,,,,,,,1,0.1
89194ac0247ffff,,,,,,,,,1,0.1
89194ac2587ffff,,,,,,,,,1,0.1
89194ad0c17ffff,,,,,,,,,1,0.1
89194e6d5c3ffff,,,,,,,,,1,0.1
89194e951b3ffff,,,,,,,,,1,0.1
891951b84c7ffff,,,,,,,,,1,0.1
891952015d3ffff,,,,,,,,,1,0.1
89195209327ffff,,,,,,,,,1,0.1
89195242c8fffff,,,,,,,,,1,0.1
891952d6b23ffff,,,,,,,,,1,0.1
891955682bbffff,,,,,,,,,1,0.1
8919584aa2bffff,,,,,,,,,1,0.1
8919584dc93ffff,,,,,,,,,1,0.1
89195871257ffff,,,,,,,,1,1,0.3
8919588f463ffff,,,,,,,,,1,0.1
891958c5353ffff,,,,,,,,,1,0.1
891958d8d1bffff,,,,,,,,,1,0.1
89195906b73ffff,,,,,,,,,2,0.2
891959aa4cfffff,,,,,,,,,1,0.1
89195a552c3ffff,,,,,,,,1,1,0.3
89195b0ab87ffff,,,,,,,,,1,0.1
89195b61303ffff,,,,,,,,,1,0.1
89195b6d4b3ffff,,,,,,,,,1,0.1
89195ba0a2fffff,,,,,,,,,1,0.1
89195bd4d33ffff,,,,,,,,,1,0.1
89195c04ad7ffff,,,,,,,,,1,0.1
89195c0ca2bffff,,,,,,,,,1,0.1
89195c0e27bffff,,,,,,,,,1,0.1
89195c2a3b3ffff,,,,,,,,,1,0.1
89195c2b203ffff,,,,,,,,,1,0.1
89195cb186fffff,,,,,,,,,1,0.1
89195cc258fffff,,,,,,,,,1,0.1
89195d4ad27ffff,,,,,,,,,1,0.1
89195d5a9bbffff,,,,,,,,,1,0.1
89195d90b47ffff,,,,,,,,,1,0.1
89195eb20d7ffff,,,,,,,,,1,0.1
8919728b393ffff,,,,,,,,,1,0.1
8919732554fffff,,,,,,,,,1,0.1
8919732f5cfffff,,,,,,,,,1,0.1
8919768c9b7ffff,,,,,,,,,1,0.1
89194ac02afffff,,,,,,,,1,,0.2
8919513043bffff,,,,,,,,1,,0.2
89195841e8fffff,,,,,,,,1,,0.2
8919584cca3ffff,,,,,,,,1,,0.2
891959d4b4fffff,,,,,,,,1,,0.2
89195ab826fffff,,,,,,,,1,,0.2
89195db481bffff,,,,,,,,1,,0.2
89194a98d73ffff,,,,,,,,1,,0.2
89195b7226fffff,,,,,,,,1,,0.2
89197276c9bffff,,,,,,,,1,,0.2
8918018f49bffff,,,,,,,,,1,0.1
891909ae8cbffff,,,,,,,,,3,0.3
8919427b273ffff,,,,,,,,,1,0.1
891942c6b6bffff,,,,,,,,,1,0.1
891942cdc6bffff,,,,,,,,,1,0.1
89194304eabffff,,,,,,,,,1,0.1
89194a581dbffff,,,,,,,,,1,0.1
89194aaa3afffff,,,,,,,,,1,0.1
89195871297ffff,,,,,,,,,1,0.1
891959c416bffff,,,,,,,,,1,0.1
891973a952bffff,,,,,,,,,1,0.1
8918010757bffff,,,,,,,,1,,0.2
891825a750fffff,,,,,,,,1,,0.2
89182c16e3bffff,,,,,,,,1,,0.2
89182cab00bffff,,,,,,,,1,,0.2
89182ea2a47ffff,,,,,,,,1,,0.2
89187471e2bffff,,,,,,,,1,,0.2
89194040113ffff,,,,,,,,1,,0.2
891941364b3ffff,,,,,,,,1,,0.2
8919422e5abffff,,,,,,,,1,,0.2
8919424a3abffff,,,,,,,,1,,0.2
891942cdd73ffff,,,,,,,,1,,0.2
891943c1a5bffff,,,,,,,,1,,0.2
89194618c77ffff,,,,,,,,1,,0.2
89194ad05c3ffff,,,,,,,,2,,0.4
89194ad3273ffff,,,,,,,,1,,0.2
89194ada6a3ffff,,,,,,,,1,,0.2
89194adb4afffff,,,,,,,,1,,0.2
89194e2544fffff,,,,,,,,1,,0.2
89194e69a37ffff,,,,,,,,1,,0.2
89195114aafffff,,,,,,,,1,,0.2
891951b45d3ffff,,,,,,,,1,,0.2
89195c3a6a7ffff,,,,,,,,1,,0.2
89195d2c0bbffff,,,,,,,,1,,0.2
89195da1cd3ffff,,,,,,,,1,,0.2
89195da5d43ffff,,,,,,,,1,,0.2
89195dba467ffff,,,,,,,,1,,0.2
8919723923bffff,,,,,,,,1,,0.2
891972392cfffff,,,,,,,,2,,0.4
89de707038bffff,,,,,,,,1,,0.2
891875db68fffff,,,,,,,,,1,0.1
89194105e43ffff,,,,,,,,,1,0.1
8919416c6c3ffff,,,,,,,,,3,0.3
891942ab26bffff,,,,,,,,,1,0.1
891876a4823ffff,,,,,,,,,1,0.1
89194ad9d4bffff,,,,,,,,,1,0.1
8919518e493ffff,,,,,,,,,2,0.2
89195a019d3ffff,,,,,,,,,1,0.1
89195c96903ffff,,,,,,,,,2,0.2
89182e69a73ffff,1,,,,,,,,,1
89194e6f433ffff,,,,,,,,,1,0.1
89194072657ffff,,,,,,,,1,2,0.4
89194305d3bffff,1,1,,,,,,,1,2
89194070413ffff,,,,,1,,,,1,0.7
891942088bbffff,,,,,1,,,,,0.6
89194ada437ffff,,,,,1,,,3,1,1.3
8919587964bffff,,,1,,3,,,3,,3.1
89195906b6fffff,,,,,1,,,1,1,0.9
89195917383ffff,,,,,1,,,,,0.6
891959304b3ffff,,2,,,2,,,3,,3.6
89195aa02bbffff,,4,,,7,,,8,2,9.6
89195cb7513ffff,,,,,1,,,,,0.6
89195db0cbbffff,,,,,4,,,2,1,2.9
8919726237bffff,,,,,1,,,,,0.6
89195e90037ffff,,4,,,,,,,,3.6
8918250adc3ffff,,1,,,1,,,,,1.5
89182584673ffff,1,,,,1,,,1,,1.8
89182c32ba7ffff,,,,,1,,,,,0.6
89182c8e2cfffff,,,,,1,,,1,,0.8
89182e396c3ffff,1,1,,,1,,,,,2.5
89182e6e26bffff,,,,,1,,,,,0.6
89194178047ffff,,1,,,1,,,,1,1.6
89194325c43ffff,1,3,,,1,,,2,,4.7
89194855a63ffff,,3,,,1,,,4,1,4.2
89194a9316fffff,,2,,,1,,,4,1,3.3
89194acb64fffff,,2,,,1,,,1,1,2.7
89194adad6fffff,,1,,,1,,,1,,1.7
89194ed1d37ffff,,,,,1,,,,,0.6
89195916183ffff,,,,,1,,,1,1,0.9
891959b40d7ffff,,3,,,2,,,13,4,6.9
891828c0057ffff,,1,,,,,,1,,1.1
89182a3a5dbffff,,,,,,,,13,,2.6
89194248493ffff,,,,,,,,1,,0.2
8919424f5cbffff,,,,,,,,1,1,0.3
89194ad36b7ffff,,,,,,,,5,1,1.1
89195809207ffff,,,,,,,,4,,0.8
891958ace2bffff,1,1,,1,,,,2,,3.1
891959156dbffff,,,,,,,,1,,0.2
89195da6c0bffff,1,,,,,,,4,,1.8
89194ada86bffff,,,,,,,4,,,3.12
891909ac187ffff,,,,,,,,,1,0.1
89194ad1643ffff,,,,,,,1,2,2,1.38
89195da4b3bffff,,,,,,,,1,2,0.4
89195da4d2bffff,,,,1,,,,,1,0.9
89195932347ffff,,,,,,,,,1,0.1
89194ad3097ffff,,,,,2,,,,,1.2
89180594663ffff,,,,,,,,1,,0.2
89182c1050fffff,,2,,,,,,3,,2.4
89182c16a63ffff,,1,,,,,,1,1,1.2
89182c17093ffff,1,1,,,,,,2,,2.3
89182c174d7ffff,2,,,1,,,,2,,3.2
89182c564d7ffff,,,,,,,,1,1,0.3
89182c83253ffff,,,,,,,,1,,0.2
89182c8f40fffff,,,,,,,,1,,0.2
891909aad83ffff,,,,,,,,1,,0.2
891909ae36fffff,,,,,,,,1,,0.2
89194040cdbffff,,,,,,,,2,,0.4
8919410eba7ffff,,,,,,,,1,,0.2
8919421ab83ffff,,,,,,,,1,,0.2
891942c5e3bffff,,,,,,,,2,,0.4
891942cebd3ffff,,,,,,,,1,,0.2
8919460ea77ffff,,,,,,,,1,,0.2
89194a0c20bffff,,,,,,,,2,1,0.5
89194a0d20fffff,2,1,,1,,,4,5,,7.82
89194aa12bbffff,,1,,,,,,1,,1.1
89194ad10d7ffff,,,,,,,,2,,0.4
89194ad2dbbffff,,,,,,,,1,,0.2
89194ad9d67ffff,,1,,,,,,1,,1.1
89194adb463ffff,,2,,,,,,5,,2.8
89194e6930fffff,,,,,,,,1,,0.2
89194e6991bffff,1,,,,,,,2,,1.4
89194e69a0bffff,,,,,,,,2,2,0.6
89194e6d2dbffff,,,,,,,,1,1,0.3
89194e75d07ffff,1,1,,,,,,1,,2.1
89194e94d6fffff,1,,,,,,,3,,1.6
89194ec9e73ffff,1,,,,,,,1,,1.2
89195123417ffff,,1,,,,,,1,,1.1
89195131287ffff,,,,,,,,1,,0.2
89195189c77ffff,,1,,,,,,2,,1.3
891951b5957ffff,,,,,,,,1,,0.2
891951b6bd7ffff,,,,,,,,1,,0.2
891951b7097ffff,,1,,,,,,9,,2.7
89195263193ffff,,,,,,,,1,,0.2
89195498c73ffff,,,,,,,,1,,0.2
891955c59d7ffff,,,,,,,,1,,0.2
891955d6c3bffff,,,,,,,,1,,0.2
8919580f043ffff,,,,,,,,1,1,0.3
89195825253ffff,,,,,,,,1,,0.2
89195873077ffff,,,,,,,,2,,0.4
89195876cabffff,,,,,,,,1,,0.2
89195953607ffff,,,,,,,,1,,0.2
89195aa1c3bffff,,,,,,,,1,,0.2
89195b1162bffff,,,,,,,,1,1,0.3
89195b632b3ffff,,,,,,,,1,,0.2
89195b91e6fffff,1,,,,,,,3,,1.6
89195c05cabffff,,1,,,,,,1,,1.1
89195c2b2b3ffff,,,,,,,,1,,0.2
89195c8c587ffff,,,,,,,,1,,0.2
89195cc0c13ffff,,,,,,,,1,,0.2
89195d031dbffff,,,,,,,,1,,0.2
89195d16d4fffff,,,,,,,,1,,0.2
89195d2cc77ffff,3,3,,,,,,3,4,6.7
89195d636abffff,,,,,,,,1,,0.2
89195d734abffff,,,,,,,,1,,0.2
89195da4a27ffff,,1,,,,,,5,1,2
89195da6063ffff,,,,,,,,1,,0.2
89195da657bffff,,,,,,,,1,,0.2
89195da6993ffff,,,,,,,,1,,0.2
8919723920bffff,,4,,,,,,2,,4
89197276113ffff,,,,,,,,2,3,0.7
8919727ac23ffff,,,,,,,,1,,0.2
8919729aa2bffff,,,,,,,,1,,0.2
891972cc18bffff,,,,,,,,3,1,0.7
89197336617ffff,1,7,,,,,,6,1,8.6
8919733b2d7ffff,,,,,,,,1,,0.2
8919738b4b7ffff,,,,,,,,2,1,0.5
8919421a827ffff,,,,,,,,,1,0.1
89194325c53ffff,,,,,,,,,2,0.2
89194652157ffff,,,,,,,,,2,0.2
89194ed6acbffff,,,,,,,,,1,0.1
89182a3a637ffff,,,,,,,,,2,0.2
89190135897ffff,,,,,,,,,3,0.3
891940722bbffff,,,,,,,,,1,0.1
891946cb3dbffff,,,,,,,,,1,0.1
89195538d2fffff,,,,,,,,,1,0.1
891959144afffff,,2,,,,,,,2,2
89195c3408fffff,,,,1,,,,,4,1.2
89195cd85abffff,,,,,,,,,1,0.1
89195d2a3afffff,,,,,,,,,1,0.1
89195d38a93ffff,,,,,,,,,1,0.1
891972398d7ffff,,,,,,,,,4,0.4
8919587a597ffff,,1,,,,,,1,1,1.2
89195cb133bffff,,,,,,,,,1,0.1
89195da645bffff,,,,,,,,,1,0.1
89195da6ea3ffff,,1,,,,,,2,4,1.7
89194ada583ffff,,,,,,,,,1,0.1
89195844887ffff,3,,,,,,,1,,3.2
8919727ad4bffff,,,,,,,,,1,0.1
89194ad9bb3ffff,1,,,,,,,,,1
8919556544fffff,2,1,,,,,,,,2.9
89195b8509bffff,1,,,,,,,,,1
89195d3185bffff,3,,,,,,,1,,3.2
8919768cdb7ffff,1,,,,,,,1,,1.2
89187460a13ffff,2,,,,,,,,,2
89195185177ffff,1,,,,,,1,,,1.78
891951b7583ffff,1,,,,,,,,,1
8919583b1c7ffff,2,,,,,,,,,2
8919584c903ffff,1,,,1,,,,,,1.8
89195c8e397ffff,1,,,,,,,,,1
8919723912fffff,1,,,,,,,,,1
891909add93ffff,,,,,,,,,1,0.1
8918218957bffff,,1,,,,,,,,0.9
89182a04b9bffff,,1,,,,,,1,,1.1
89182c12233ffff,,1,,,,,,,,0.9
89182c16c77ffff,1,1,,,,,,,,1.9
89190dd2e57ffff,,1,,,,,,,,0.9
891928053b3ffff,,1,,,,,,,,0.9
8919404aa33ffff,,1,,,,,,1,,1.1
8919410e877ffff,,1,,,,,,,,0.9
8919425834fffff,,1,,,,,,,,0.9
89194276587ffff,,1,,,,,,,1,1
8919429aa2fffff,,1,,,,,,1,,1.1
891948c18a7ffff,,1,,,,,,,1,1
89194a93227ffff,,1,,1,,,,,,1.7
89194aca50fffff,,1,,,,,,,,0.9
89194acea5bffff,,1,,,,,,,,0.9
89194ad0437ffff,,1,,,,,,,,0.9
89194ad0d4fffff,,1,,,,,,,,0.9
89194ad16a3ffff,1,3,,,,,,,2,3.9
89194ad21dbffff,,2,,,,,,,,1.8
89194e850b3ffff,2,1,,,,,,,1,3
891951851cfffff,,1,,,,,,,,0.9
891951aae93ffff,,2,,,,,,,,1.8
89195299e4bffff,,1,,,,,,,1,1
89195832d97ffff,,1,,,,,,,,0.9
89195839eb3ffff,,1,,,,,,,,0.9
89195841e03ffff,,1,,,,,,,1,1
8919584a99bffff,,1,,,,,,,,0.9
8919584c107ffff,,1,,,,,,,,0.9
89195879a2fffff,,2,,,,,,1,2,2.2
891958b586fffff,,1,,,,,,,,0.9
891959142afffff,,1,,,,,,,,0.9
8919591700fffff,,1,,,,,,,,0.9
891959aa007ffff,,1,,,,,,,,0.9
891959ab14fffff,,1,,,,,,,1,1
891959b988fffff,,1,,,,,,,,0.9
891959b9d93ffff,,1,,,,,,,,0.9
89195a5031bffff,,1,,,,,,2,,1.3
89195c051d3ffff,,1,,,,,,,,0.9
89195c059cbffff,,1,,,,,,,,0.9
89195cadd4bffff,,1,,,,,,,,0.9
89195d24b53ffff,,3,,,,,,,,2.7
89195d4690fffff,,1,,,,,,,,0.9
89195d4698bffff,,1,,,,,,,,0.9
89195d71577ffff,,1,,,,,,,,0.9
89195da0ec7ffff,1,1,,,,,,1,,2.1
89195da5c97ffff,,1,,,,,,,2,1.1
8919727908bffff,,1,,,,,,,,0.9
89197322e2bffff,,1,,,,,,,1,1
8919768cd33ffff,,1,,,,,,,,0.9
891821cc5afffff,,,,,,,,,1,0.1
89182314187ffff,,,,,,,,,1,0.1
89182c10953ffff,,,,,,,,,1,0.1
89182ec1593ffff,,,,,,,,,1,0.1
891928053afffff,,,,,,,,,2,0.2
89192a06e33ffff,,,,,,,,,1,0.1
89194ac2acfffff,,,,,,,,,1,0.1
89194e7832fffff,,,,,,,,,1,0.1
891951ba8d7ffff,,,,,,,,,1,0.1
8919526cd37ffff,,,,,,,,,1,0.1
8919545b05bffff,,,,,,,,,1,0.1
89195d8abd7ffff,,,,,,,,,1,0.1
89195db61b3ffff,,,,,,,,,1,0.1
8919410eb03ffff,,,,1,,,,,,0.8
89195d260b3ffff,,,,1,,,,,,0.8
891973225afffff,,,,1,,,,,,0.8
8919424da17ffff,,,,1,,,,,,0.8
8919428b607ffff,,,,1,,,,,,0.8
89194ad0223ffff,,,,1,,,,,,0.8
891958850a3ffff,,,,1,,,,1,,1
8919721ae7bffff,,,,1,,,,,,0.8
89194a72507ffff,,1,,,,,,,,0.9
89194e69943ffff,,1,,,,,,,,0.9
89194276c4fffff,,,,,,,,1,1,0.3
89194a5517bffff,,,,,,,,,1,0.1
8919512352fffff,,,,,,,,1,2,0.4
891959b9d13ffff,,,,,,,,,1,0.1
891972393abffff,,,,,,,,,1,0.1
8919733735bffff,,,,,,,,,1,0.1
89194131cd7ffff,1,,,,,,,1,,1.2
891942093cfffff,1,,,,,,,,,1
8919423b14bffff,2,,,,,,,,1,2.1
891942c0823ffff,1,,,,,,,,,1
89194614373ffff,1,,,,,,,,,1
89194e14383ffff,1,,,,,,,,,1
89194ec9e4fffff,1,,,,,,,1,1,1.3
891951b62abffff,1,,,,,,,,,1
89195815d6bffff,1,,,,,,,1,2,1.4
89195876b93ffff,1,,,,,,,,,1
89195c342afffff,1,,,,,,,,,1
89195d2a96bffff,1,,,,,,,,,1
89195d2b263ffff,1,,,,,,,,,1
8919720c96bffff,1,,,,,,,,,1
891972ad68bffff,1,,,,,,,,,1
89195bc6ecbffff,,,1,,,,,,1,0.8
89194359ca3ffff,,,,,,,,,1,0.1
89182a2ac47ffff,1,,,,,,,,1,1.1
89182525d07ffff,,,,,,,,,1,0.1
891825a8ba7ffff,,,,,,,,,1,0.1
89182a819a7ffff,,,,,,,,,1,0.1
89182c8e353ffff,,,,,,,,,1,0.1
89187462953ffff,,,,,,,,,1,0.1
891909a13b7ffff,,,,,,,,,1,0.1
891909b5e63ffff,,,,,,,,,1,0.1
89194050d57ffff,,,,,,,,,1,0.1
89194064d7bffff,,,,,,,,,1,0.1
89194072563ffff,,,,,,,,,1,0.1
89194073183ffff,,,,,,,,,1,0.1
89194200acbffff,,,,,,,,,1,0.1
89194206333ffff,,,,,,,,,1,0.1
89194209ecbffff,,,,,,,,,1,0.1
8919420e5d7ffff,,,,,,,,,1,0.1
8919420ebcbffff,,,,,,,,,1,0.1
891942230dbffff,,,,,,,,,1,0.1
8919422362fffff,,,,,,,,,1,0.1
8919428ec2bffff,,,,,,,,,1,0.1
891942b9e97ffff,,,,,,,,,1,0.1
891942cc373ffff,,,,,,,,,1,0.1
89194365a23ffff,,,,,,,,,1,0.1
8919436e55bffff,,,,,,,,,1,0.1
89194851357ffff,,,,,,,,,1,0.1
89194a7a207ffff,,,,,,,,,1,0.1
89194ac3587ffff,,,,,,,,,1,0.1
89194ad0997ffff,,,,,,,,,1,0.1
89194ad46c3ffff,,,,,,,,,1,0.1
89194e948b3ffff,,,,,,,,,1,0.1
89195115dc7ffff,,,,,,,,,1,0.1
89195176573ffff,,,,,,,,,1,0.1
891951801abffff,,,,,,,,,1,0.1
89195196863ffff,,,,,,,,,1,0.1
89195219613ffff,,,,,,,,,1,0.1
8919524342bffff,,,,,,,,,1,0.1
891952470b3ffff,,,,,,,,,1,0.1
8919525b5b7ffff,,,,,,,,,1,0.1
89195281247ffff,,,,,,,,,1,0.1
891952c05dbffff,,,,,,,,,1,0.1
891952d4e4fffff,,,,,,,,,1,0.1
891954d312fffff,,,,,,,,,1,0.1
8919559046bffff,,,,,,,,,1,0.1
8919564a8b3ffff,,,,,,,,,1,0.1
89195848903ffff,,,,,,,,,1,0.1
8919590cc63ffff,,,,,,,,,2,0.2
8919594487bffff,,,,,,,,,1,0.1
8919594d437ffff,,,,,,,,,1,0.1
891959b0893ffff,,,,,,,,,1,0.1
89195a12b37ffff,,,,,,,,,1,0.1
89195a1601bffff,,,,,,,,,1,0.1
89195b9a92fffff,,,,,,,,,1,0.1
89195bc931bffff,,,,,,,,,1,0.1
89195c0d237ffff,,,,,,,,,1,0.1
89195c3a96fffff,,,,,,,,,1,0.1
89195c75627ffff,,,,,,,,,1,0.1
89195cae8a3ffff,,,,,,,,,1,0.1
89195d4450bffff,,,,,,,,1,1,0.3
8919720ad67ffff,,,,,,,,,1,0.1
89197279cabffff,,,,,,,,,1,0.1
89197320203ffff,,,,,,,,,1,0.1
8919732c00fffff,,,,,,,,,1,0.1
891973d222bffff,,,,,,,,,1,0.1
8919763880bffff,,,,,,,,,1,0.1
891875db6bbffff,,,,,,,,1,,0.2
891942182cbffff,,,,,,,,1,,0.2
89194659ec3ffff,,,,,,,,1,,0.2
89194659edbffff,,,,,,,,2,,0.4
891946acb23ffff,,,,,,,,1,,0.2
89194853373ffff,,,,,,,,1,,0.2
89194a8f2bbffff,,,,,,,,1,,0.2
89195189c03ffff,,,,,,,,1,,0.2
8919532c687ffff,,,,,,,,1,,0.2
891954d9587ffff,,,,,,,,1,,0.2
8919590f3c7ffff,,,,,,,,1,,0.2
89195c8520bffff,,,,,,,,1,,0.2
89195c8e337ffff,,,,,,,,1,,0.2
89195c8ee6bffff,,,,,,,,1,,0.2
89195cb1317ffff,,,,,,,,1,,0.2
89195d2f50bffff,,,,,,,,1,,0.2
89195d7197bffff,,,,,,,,1,,0.2
89195dadb9bffff,,,,,,,,1,,0.2
89195ec8843ffff,,,,,,,,1,,0.2
89194aaa367ffff,,,,,,,,1,,0.2
89194e09a53ffff,,,,,,,,1,,0.2
89195b7301bffff,,,,,,,,1,,0.2
89190b3244fffff,,,,,,,,,1,0.1
8919513916fffff,,,,,,,,,1,0.1
89195543587ffff,,,,,,,,,1,0.1
8919737a8abffff,,,,,,,,,1,0.1
891801c43c7ffff,,,,,,,,1,,0.2
89182a30157ffff,,,,,,,,1,,0.2
89182c1055bffff,,,,,,,,1,,0.2
89182c8e83bffff,,,,,,,,1,,0.2
891874ace83ffff,,,,,,,,2,,0.4
891909ac02bffff,,,,,,,,1,,0.2
89190e86697ffff,,,,,,,,1,,0.2
89192b32c6fffff,,,,,,,,1,,0.2
8919429b143ffff,,,,,,,,1,,0.2
89194a902d3ffff,,,,,,,,1,,0.2
89194ad3487ffff,,,,,,,,1,,0.2
89194e6514fffff,,,,,,,,1,,0.2
89194e6e95bffff,,,,,,,,1,,0.2
89194e846dbffff,,,,,,,,2,,0.4
891951b4053ffff,,,,,,,,1,,0.2
89195c8e153ffff,,,,,,,,1,,0.2
89195d2eeb7ffff,,,,,,,,1,,0.2
89195dd659bffff,,,,,,,,1,,0.2
89197239567ffff,,,,,,,,1,,0.2
8919724dccbffff,,,,,,,,2,,0.4
89195c4f307ffff,,,,,,,,,1,0.1
89195906b4fffff,,,,,,,,,1,0.1
89195cd9b27ffff,,,,,,1,,,,0.75
8918748e31bffff,,,,,,,,,1,0.1
89190912883ffff,,,,,,,,,1,0.1
891946cdecfffff,,,,,,,,,1,0.1
89195daec8fffff,,,,,,,,,1,0.1
891973420afffff,,,,,,,,,1,0.1
89194ad2143ffff,1,,,,,,,,,1
89194ad261bffff,1,,,,,,,,,1
891951831a3ffff,1,,,,,,,,,1
891954da447ffff,1,,,,,,,,,1
8919733499bffff,1,,,,,,,,,1
89195564063ffff,,,,,,,,,1,0.1
89194e61b6bffff,,,,,,,,,1,0.1
89182a3a033ffff,,,,,,,,,1,0.1
8918252d9cbffff,,,,,1,,,,1,0.7
8919426441bffff,2,1,,,1,,,3,,4.1
89194ad0d03ffff,1,3,,,3,,,2,2,6.1
89194ad1467ffff,,,,,1,,,,,0.6
89194e21657ffff,,,,,1,,,,,0.6
891951aad03ffff,,,,,1,,,,,0.6
89195841c8fffff,,,,,2,,,1,1,1.5
891959b854fffff,,,,,1,,,1,,0.8
891959b8613ffff,,,,,1,,,,1,0.7
89195d2464fffff,,,,,2,,,,,1.2
89195d889c7ffff,1,1,,,1,,,,2,2.7
891972743cfffff,,,,,1,,,,,0.6
89194105acfffff,,,,,1,,,,,0.6
89194348ab7ffff,1,,,,1,,,,2,1.8
89194381893ffff,,,,,1,,,2,2,1.2
8919485b41bffff,1,,,,1,,,6,,2.8
89194ad2d5bffff,,4,,,1,,,2,,4.6
89194e65277ffff,,13,,,3,,,14,,16.3
8919512342bffff,,1,,,2,,,1,,2.3
8919550d673ffff,,1,,,1,,,3,2,2.3
891955640d7ffff,,,,,1,,,,,0.6
89195569cabffff,,,,,1,,,,,0.6
89195848ea3ffff,,4,,,1,,,3,1,4.9
891959b0837ffff,,1,,,1,,,1,,1.7
89195c476a3ffff,,,,,1,,,,,0.6
89195c6903bffff,1,,,,1,,,,1,1.7
89195dadeb7ffff,,,,,1,,,3,1,1.3
89197276e93ffff,1,3,,,1,,,7,,5.7
8919732400bffff,,2,,1,1,,,3,,3.8
89182570c8fffff,,2,,,,,,1,1,2.1
891942548a3ffff,,,,,,,,1,,0.2
89194a0898fffff,,,,,,,,4,,0.8
89194a88b2fffff,,,,,,,,3,,0.6
89194ad139bffff,,,,,,,,6,1,1.3
89194ad366fffff,,1,,,,,,4,,1.7
89194ad910bffff,,,,,,,,2,,0.4
89194e69313ffff,,1,,,,,,4,,1.7
89194e69a07ffff,,,,,,,,1,1,0.3
891952d6e0bffff,,1,,,,,,2,2,1.5
89195da4ab7ffff,1,,,,,,,2,1,1.5
89197336077ffff,,,,,,,,1,,0.2
89182e58613ffff,,,,,,,1,,1,0.88
89182e58673ffff,,,,,,,6,,,4.68
891943d1c97ffff,,,,,,,1,,1,0.88
891951235d7ffff,,1,,,,,1,,,1.68
8919518034fffff,,,,,,,1,,,0.78
891951b5583ffff,1,,,,,,4,2,,4.52
89195d70a4bffff,,,,,,,5,,1,4
89195d8484bffff,,,,,,,1,,,0.78
89194e24193ffff,,,,,,,,,1,0.1
891909aeb7bffff,,,,,,,,,1,0.1
891940d804fffff,,,,,,,,,1,0.1
8919420cba3ffff,,,,,,,,1,2,0.4
89195cd9963ffff,,,,,,,,,2,0.2
8909a6b615bffff,,,,,,,,1,1,0.3
891805312d3ffff,,,,,,,,1,,0.2
89182c17473ffff,1,1,,,,,,4,,2.7
89182c8d5cbffff,,,,,,,,1,,0.2
89182e58643ffff,2,,,,,,,1,,2.2
89182e6c59bffff,,,,,,,,1,,0.2
89187404dd7ffff,1,1,,,,,,2,,2.3
8918740ee6fffff,1,,,,,,,1,,1.2
8918746c3abffff,,,,,,,,1,,0.2
8918746eea3ffff,,,,,,,,1,,0.2
89187490ad7ffff,,,,,,,,2,,0.4
89190868b7bffff,,,,,,,,1,,0.2
8919090704fffff,,,,,,,,1,,0.2
891909ac5a7ffff,1,1,,,,,,5,,2.9
89190b32063ffff,,,,,,,,1,,0.2
89190c2aa37ffff,,,,,,,,1,,0.2
89190d38c2fffff,,,,,,,,1,,0.2
89190d809a3ffff,,,,,,,,1,,0.2
89194072557ffff,,1,,,,,,2,,1.3
89194209413ffff,,,,,,,,1,,0.2
89194214923ffff,,,,,,,,1,,0.2
8919423a863ffff,,3,,,,,,1,2,3.1
891942542d7ffff,,,,,,,,1,1,0.3
89194255033ffff,,,,1,,,,2,2,1.4
891942583c3ffff,1,,,,,,,1,,1.2
891942814b7ffff,,,,,,,,1,,0.2
89194291333ffff,,,,,,,,1,,0.2
891942c58a7ffff,,,,,,,,2,,0.4
891942c5aa3ffff,,2,,,,,,2,1,2.3
891948c0343ffff,,,,,,,,1,,0.2
89194a4b22bffff,,,,,,,,1,,0.2
89194a9ad17ffff,,,,,,,,1,,0.2
89194ad25dbffff,,1,,,,,,1,1,1.2
89194ad866bffff,,1,,,,,1,5,,2.68
89194ad9b8fffff,,,,,,,,1,,0.2
89194adb62bffff,,,,,,,,1,,0.2
89194e4952bffff,,,,,,,,2,,0.4
89194e60457ffff,,,,,,,,1,,0.2
89194e65953ffff,,1,,,,,,1,,1.1
89194e6ca23ffff,,,,,,,,1,,0.2
891951026bbffff,2,1,,,,,,2,,3.3
89195102bcfffff,,,,,,,,1,,0.2
8919511586fffff,1,,,,,,,2,,1.4
89195189ec3ffff,,,,,,,,1,1,0.3
8919518d83bffff,,1,,,,,,1,1,1.2
89195190b67ffff,1,1,,,,,,3,,2.5
891951b668bffff,,,,,,,,1,,0.2
891952493b7ffff,,,,,,,,1,,0.2
891952d6a43ffff,,,,,,,,1,,0.2
8919554617bffff,,,,,,,,1,,0.2
891956ba4b7ffff,,,,,,,,1,,0.2
89195832d87ffff,,,1,,,,,2,,1.1
89195849593ffff,,,,,,,,1,,0.2
8919588551bffff,,,,,,,,2,,0.4
891958a9893ffff,1,,,,,,,1,1,1.3
8919594b033ffff,,,,,,,,1,,0.2
891959815bbffff,,,,,,,,1,,0.2
891959aa0abffff,,1,,,,,,2,,1.3
89195b7326bffff,,,,,,,,1,1,0.3
89195b813dbffff,,,,,,,,1,,0.2
89195ba52d7ffff,,,,,,,,1,,0.2
89195c0596bffff,,1,,,,,,4,,1.7
89195c05ba3ffff,,,,,,,,1,,0.2
89195c1a2b7ffff,1,,,,,,,1,,1.2
89195cd1147ffff,,,,,,,,1,,0.2
89195cd19b3ffff,,,,,,,,1,,0.2
89195d529cfffff,,,,,,,,1,,0.2
89195d7244bffff,,3,,,,,,1,,2.9
89195da688fffff,,,,,,,,1,1,0.3
89195da6997ffff,,,,,,,,2,,0.4
89195da6bb3ffff,,1,,,,,,4,3,2
89195da6c2bffff,1,,,,,,,2,3,1.7
89195daf49bffff,,,,,,,,1,,0.2
89195e26a57ffff,,,,,,,,1,,0.2
89195e71213ffff,,1,,,,,,1,,1.1
89195ed489bffff,,,,,,,,1,,0.2
891972742abffff,1,,,,,,,1,,1.2
891972744c3ffff,,1,,,,,,1,,1.1
891972765d7ffff,1,1,,,,,,5,1,3
89197277587ffff,,,,,,,,1,,0.2
89197320027ffff,,,,,,,,1,,0.2
891973200b3ffff,,,,,,,,1,1,0.3
89194e44457ffff,,,,,,,,,1,0.1
89195106b23ffff,,,,,,,,,1,0.1
89182c8d16fffff,,,,,,,,,1,0.1
89194e57163ffff,,,,,,,,,1,0.1
89194e87117ffff,,,,,,,,1,1,0.3
8919591696bffff,,,,,,,,,1,0.1
89197277167ffff,,,,,,,,,1,0.1
89180184467ffff,,,,,,,,,1,0.1
891828c00cbffff,1,1,,1,,,,1,1,3
89195105aa7ffff,,,,,,,,,1,0.1
89195471a4bffff,,,,,,,,,4,0.4
8919598a247ffff,,,,,,,,,1,0.1
8919724d973ffff,,1,,,,,,,1,1
891972754abffff,,,,,,,,,1,0.1
89197289697ffff,,,,,,,,,1,0.1
89195ab6b2fffff,,,,,,,,,1,0.1
89194accb3bffff,2,1,,2,,,,,,4.5
89194064523ffff,,,,1,,,,,,0.8
89194326d57ffff,,,,,,,,,1,0.1
89194ea9e0bffff,,,,,,,,,1,0.1
891958386abffff,,,,,,,,,1,0.1
8919587a293ffff,,,,,,,,,1,0.1
891828da107ffff,1,,,,,,,,,1
8919420ce23ffff,1,2,,,,,,,,2.8
89194284e03ffff,1,,,,,,,,,1
89194ad144bffff,1,,,,,,,2,1,1.5
891953af5a3ffff,1,,,,,,,,1,1.1
891959b44abffff,1,,,,,,,1,,1.2
89195dd7037ffff,1,,,,,,,,,1
89182c8c0afffff,3,,,,,,1,1,,3.98
89187439cafffff,1,,,,,,,,,1
89194acc90bffff,1,2,,,,,,,1,2.9
89195459483ffff,2,,,,,,,,,2
89195832c37ffff,2,,,,,,,,,2
89195c39333ffff,2,1,,1,,,,1,1,4
89182a3a493ffff,,1,,,,,,1,,1.1
89182a9167bffff,,1,,,,,,,,0.9
89182c10b47ffff,,2,,,,,,1,,2
89182c12d13ffff,,1,,,,,,1,1,1.2
89182c140bbffff,,1,,,,,,,,0.9
89187488a67ffff,,2,,,,,,,,1.8
891874ac5abffff,,1,,,,,,,,0.9
891909ac60bffff,,1,,,,,,,,0.9
89194209143ffff,,2,,,,,,,,1.8
8919420cbc7ffff,,1,,,,,,,,0.9
8919425484fffff,,1,,,,,,,1,1
891942ced77ffff,,1,,,,,,,1,1
89194360b13ffff,,1,,,,,,,,0.9
89194399a83ffff,,1,,,,,1,,,1.68
891946474a3ffff,,1,,,,,,,,0.9
891948c1d63ffff,,1,,,,,,,,0.9
89194a7a1d3ffff,,1,,,,,,,,0.9
89194a82467ffff,,1,,,,,,1,2,1.3
89194a9302bffff,,1,,,,,,,,0.9
89194ad0e6bffff,,2,,,,,,,,1.8
89194ad32a7ffff,,1,,,,,,1,,1.1
89194ad3593ffff,,1,,,,,,,,0.9
89194e61e03ffff,,1,,,,,,,,0.9
89194e61e3bffff,,1,,,,,,,,0.9
89194e6466fffff,1,1,,,,,,,1,2
89194e68ccfffff,,1,,,,,,,1,1
89194e94823ffff,,1,,,,,,,,0.9
89194eb9a53ffff,,1,,,,,,,,0.9
89195179873ffff,,1,,,,,,,,0.9
8919518a393ffff,,1,,,,,,,,0.9
891951b729bffff,,1,,,,,,,,0.9
89195451457ffff,,1,,,,,,,,0.9
89195840073ffff,,1,,,,,,2,,1.3
8919586b453ffff,,1,,,,,,3,,1.5
89195885453ffff,,1,,,,,,,,0.9
89195988a17ffff,,1,,,,,,,1,1
89195ab6073ffff,,1,,,,,,,,0.9
89195c386b7ffff,,1,,,,,,,1,1
89195c961cbffff,,2,,,,,,,,1.8
89195c97583ffff,,1,,,,,,,,0.9
89195cb00c3ffff,,1,,,,,,,1,1
89195d8241bffff,,1,,,,,,,,0.9
89195da1b8bffff,,1,,,,,,,,0.9
89195da261bffff,,1,,,,,,,,0.9
89195daee4fffff,,1,,,,,,,,0.9
89195daee6fffff,,1,,,,,,,,0.9
89195db0babffff,,3,,,,,,,,2.7
89195db486bffff,,1,,,,,,,,0.9
89195e0a633ffff,,1,,,,,,,,0.9
89197276d73ffff,,1,,,,,,,,0.9
891973a8bd3ffff,,1,,,,,,,,0.9
8919768ea87ffff,,1,,,,,,,,0.9
89182510213ffff,,,,,,,,,1,0.1
89182c15503ffff,,,,,,,,,1,0.1
89182cc459bffff,,,,,,,,,1,0.1
8919422a8abffff,,,,,,,,,1,0.1
8919424d993ffff,,,,,,,,,1,0.1
8919424e36fffff,,,,,,,,,1,0.1
89194ad950bffff,,,,,,,,,1,0.1
89194e0e497ffff,,,,,,,,,1,0.1
89194e399abffff,,,,,,,,,1,0.1
89194e6b3c3ffff,,,,,,,,,1,0.1
89194e6cc33ffff,,,,,,,,,1,0.1
89194e844afffff,,,,,,,,,1,0.1
891951b5663ffff,,,,,,,,1,1,0.3
8919521920bffff,,,,,,,,,1,0.1
8919588c107ffff,,,,,,,,,1,0.1
89195b68007ffff,,,,,,,,,1,0.1
89195c98a8bffff,,,,,,,,,1,0.1
89195d34003ffff,,,,,,,,,1,0.1
891942c4d7bffff,,,,,,,,,1,0.1
89194a72117ffff,,,,,,,,2,1,0.5
89195a2a323ffff,,,,,,,,,1,0.1
891943605d7ffff,,,,1,,,,,,0.8
8919519aeb7ffff,,,,1,,,,,,0.8
89195c462c7ffff,,,,1,,,,,,0.8
89194e69b43ffff,,1,,,,,,,,0.9
89195ac36afffff,,1,,,,,,2,,1.3
891973a8393ffff,,,,,,,,,1,0.1
891942cc823ffff,,,,,,,,,2,0.2
89194304347ffff,,,,,,,,,1,0.1
89194359517ffff,,,,,,,,,1,0.1
8919518516bffff,,,,,,,,2,3,0.7
89195844b77ffff,,,,,,,,,6,0.6
89195bc5ca3ffff,,,,,,,,,1,0.1
89195c64b8bffff,,,,,,,,,2,0.2
89195c82d13ffff,,,,,,,,,1,0.1
89195d244a7ffff,,,,,,,,,1,0.1
89195da6497ffff,,,,,,,,,1,0.1
89195da6bd3ffff,,,,,,,,,1,0.1
891909a4157ffff,,,1,,,,1,,,1.48
891909a52cbffff,1,,,,,,,,,1
8919424f14bffff,1,,,,,,,,,1
89194ada5c3ffff,1,,,,,,,,,1
89194e72d17ffff,1,,,,,,,,,1
8919518a3b3ffff,1,,,,,,,1,1,1.3
891951aaac3ffff,1,,,,,,,,1,1.1
891951b844bffff,1,,,,,,,,,1
89195a369c7ffff,1,,,,,,,1,,1.2
89195b6101bffff,1,,,,,,,,1,1.1
89195b99153ffff,1,,,,,,,,1,1.1
89195cd119bffff,1,,,,,,,,,1
89195d89d8fffff,1,,,,,,,,,1
89197276083ffff,1,,,,,,,,,1
89194358633ffff,,,,,,,,,1,0.1
89197262567ffff,,,,,,,,,1,0.1
89182525ddbffff,,,,,,,,,1,0.1
8918252aad3ffff,,,,,,,,,1,0.1
8918253615bffff,,,,,,,,,1,0.1
89182585903ffff,,,,,,,,,1,0.1
8918743b203ffff,,,,,,,,,1,0.1
891874b351bffff,,,,,,,,,1,0.1
891928d6413ffff,,,,,,,,,1,0.1
89194105307ffff,,,,,,,,,1,0.1
89194116b63ffff,,,,,,,,,1,0.1
891941301bbffff,,,,,,,,,1,0.1
8919420532bffff,,,,,,,,,1,0.1
8919421a3d3ffff,,,,,,,,,1,0.1
8919421a527ffff,,,,,,,,,1,0.1
89194278553ffff,,,,,,,,,1,0.1
891942c4293ffff,,,,,,,,,1,0.1
891943d28cfffff,,,,,,,,,1,0.1
891946520d3ffff,,,,,,,,,1,0.1
891948420abffff,,,,,,,,,1,0.1
89194ad8663ffff,,,,,,,,,1,0.1
8919510447bffff,,,,,,,,,1,0.1
8919520d1a3ffff,,,,,,,,,1,0.1
89195242b53ffff,,,,,,,,,1,0.1
891952d626bffff,,,,,,,,,1,0.1
89195667307ffff,,,,,,,,,1,0.1
8919566d16bffff,,,,,,,,,1,0.1
89195832dcbffff,,,,,,,,,1,0.1
891958845bbffff,,,,,,,,,1,0.1
891958d93bbffff,,,,,,,,,1,0.1
8919597a093ffff,,,,,,,,,1,0.1
891959d2813ffff,,,,,,,,,1,0.1
89195b58ab7ffff,,,,,,,,,1,0.1
89195b6f67bffff,,,,,,,,,1,0.1
89195ba018bffff,,,,,,,,,1,0.1
89195c704d7ffff,,,,,,,,,1,0.1
89195cac673ffff,,,,,,,,,1,0.1
89195cac877ffff,,,,,,,,,1,0.1
89195d31e57ffff,,,,,,,,,1,0.1
89195e82ea3ffff,,,,,,,,,1,0.1
891973221dbffff,,,,,,,,,1,0.1
8919732d593ffff,,,,,,,,,1,0.1
891973d303bffff,,,,,,,,,1,0.1
8919292f1c3ffff,,,,,,,,1,,0.2
891942552afffff,,,,,,,,1,,0.2
891948cce07ffff,,,,,,,,1,,0.2
89194a0d1bbffff,,,,,,,,1,,0.2
89194a1052bffff,,,,,,,,1,,0.2
89194ad2e77ffff,,,,,,,,1,,0.2
89194e164cbffff,,,,,,,,1,,0.2
8919580f047ffff,,,,,,,,1,,0.2
891958b9b4bffff,,,,,,,,1,,0.2
89195932447ffff,,,,,,,,1,,0.2
891959a9c3bffff,,,,,,,,1,,0.2
89195ab95a3ffff,,,,,,,,1,,0.2
89195b440a3ffff,,,,,,,,1,,0.2
89195d2b3cfffff,,,,,,,,1,,0.2
89195dbb24fffff,,,,,,,,1,,0.2
8919730ac07ffff,,,,,,,,1,,0.2
89197201857ffff,,,,,,,,1,,0.2
89180cd2087ffff,,,,,,,,,1,0.1
89182a8ee27ffff,,,,,,,,,1,0.1
89182cab3bbffff,,,,,,,,,1,0.1
891874aa923ffff,,,,,,,,,1,0.1
89194210003ffff,,,,,,,,,1,0.1
8919569a86bffff,,,,,,,,,1,0.1
89195cc2377ffff,,,,,,,,,1,0.1
89195e46173ffff,,,,,,,,,1,0.1
8919730a13bffff,,,,,,,,,1,0.1
8909a6b6167ffff,,,,,,,,1,,0.2
891821acccbffff,,,,,,,,1,,0.2
89182c8e257ffff,,,,,,,,1,,0.2
891870d4603ffff,,,,,,,,1,,0.2
891909acccbffff,,,,,,,,1,,0.2
89192888ec3ffff,1,,,,,,,1,,1.2
89194213633ffff,,,,,,,,1,,0.2
89194288993ffff,,,,,,,,1,,0.2
891942ccc97ffff,,,,,,,,1,,0.2
891942cdd77ffff,,,,,,,,1,,0.2
891943043abffff,,,,,,,,1,,0.2
8919436542bffff,,,,,,,,1,,0.2
89194a316dbffff,,,,,,,,1,,0.2
89194e6d283ffff,,,,,,,,1,,0.2
89194e72d83ffff,,,,,,,,2,,0.4
8919580c90bffff,,,,,,,,1,,0.2
89195870483ffff,,,,,,,,1,,0.2
891959c1a43ffff,,,,,,,,1,,0.2
89195e7121bffff,,,,,,,,2,,0.4
8919729052fffff,,,,,,,,1,,0.2
89197322987ffff,,,,,,,,1,,0.2
891973240cfffff,,,,,,,,2,,0.4
89180c9a4cbffff,,,,,,,,,1,0.1
891828c5e43ffff,,,,,,,,,1,0.1
89194eb3213ffff,,,,,,,,,1,0.1
891958693d7ffff,,,,,,,,,1,0.1
891976a9ec7ffff,,,,,,,,,1,0.1
8918280d4cfffff,1,,,,,,,,,1
89182c46da3ffff,1,,,,,,,,,1
89194269813ffff,1,,,,,,,,,1
891958158c3ffff,1,,,,,,,,,1
89182a6583bffff,,,,,,,,,1,0.1
89194ad064fffff,,,,,,,,,1,0.1
89194ed8647ffff,,,,,,,,1,1,0.3
89187460a83ffff,2,2,,,14,,,15,3,15.5
8919432036fffff,,,,,1,,,,,0.6
89194349b7bffff,,,,,1,,,,,0.6
8919435822fffff,,,,,1,,,,,0.6
89194656257ffff,,1,,,1,,,,,1.5
89194aa8437ffff,,,,,1,,,1,,0.8
89194ac8bb3ffff,,,,,1,,,,,0.6
89194ad3357ffff,,,,,1,,,1,,0.8
89194e8508fffff,,,,,1,,,,,0.6
89195ba0857ffff,,1,,,1,,,,,1.5
89195cadc13ffff,,,,,1,,,2,,1
89195d5616fffff,1,,,,1,,,,,1.6
891972c26a3ffff,,,,,1,,,,,0.6
891973a8a6fffff,,,,,1,,,,,0.6
89182a58e17ffff,1,1,,,1,,,5,1,3.6
891875d03c3ffff,,,,,1,,,1,,0.8
8919414a5c3ffff,,,,,1,,,,,0.6
8919424d1b7ffff,,1,,,1,,,,,1.5
89194ad9913ffff,2,3,,,1,,,1,4,5.9
89194ada557ffff,,2,,,1,,,4,,3.2
891951b6a97ffff,1,2,,,5,,,2,1,6.3
8919586b6d7ffff,,,,,1,,,,,0.6
891959b08afffff,,,,,1,,,1,1,0.9
89195c4a91bffff,1,3,,,1,,,12,3,7
89195c75397ffff,,1,,,1,,,,1,1.6
89195cb1433ffff,,,,,1,,,,,0.6
89195d34507ffff,,,,,1,,,1,,0.8
89195daec5bffff,,,,,1,,,3,,1.2
8918215a1c3ffff,,,,,,,,5,1,1.1
8918230f55bffff,4,,,,,,,3,,4.6
89190d6c84fffff,,,,,,,,1,,0.2
89194238287ffff,,,,,,,,1,,0.2
8919424247bffff,,2,,,,,,15,1,4.9
8919424e607ffff,,,,,,,,1,,0.2
89194ad2687ffff,,,,,,,,1,,0.2
89194ad3643ffff,,1,,1,,,,1,,1.9
89194e6917bffff,,,,,,,,1,,0.2
89195107377ffff,,,,,,,,5,,1
891951b7207ffff,,1,,,,,,7,,2.3
891951b74afffff,1,1,,,,,,1,,2.1
891955ab08fffff,,,,,,,,2,,0.4
8919586b513ffff,,1,,,,,,4,2,1.9
89195c0cb67ffff,,,,,,,,1,,0.2
8919727657bffff,,3,,,,,,6,,3.9
8919728b163ffff,,,,,,,,8,1,1.7
89182e58657ffff,,,,,,,3,1,,2.54
8919427908bffff,,,,1,,,1,,,1.58
89194305dabffff,,,,,,,1,1,1,1.08
89194855a07ffff,,,,,,,1,,1,0.88
89195a140d7ffff,,,,,,,1,1,1,1.08
89195d2c2bbffff,,,,,,,1,,1,0.88
89197322c77ffff,,,,,,,1,1,2,1.18
89195550a4bffff,,,,,,,,,1,0.1
8919590080bffff,,,,,,,,,1,0.1
891821ac157ffff,1,1,,,,,,3,,2.5
89182a3a467ffff,,,,,,,,1,,0.2
89182cc254fffff,1,3,,1,,,,1,1,4.8
89182e816b3ffff,,3,,,,,,1,,2.9
89182ea40d7ffff,,,,,,,,1,,0.2
8918746ca27ffff,,,,,,,,1,,0.2
891874acc53ffff,,,,,,,,1,,0.2
891876a4817ffff,,,,,,,,3,1,0.7
891908933a7ffff,,,,,,,,1,,0.2
8919296f6b7ffff,,,,,,,,1,,0.2
89194157297ffff,,,,,,,,1,,0.2
89194372233ffff,,,,,,,,1,,0.2
89194a56c67ffff,,,,,,,,1,1,0.3
89194aa12b7ffff,,,,,,,,1,,0.2
89194ac2677ffff,1,2,,,,,,1,,3
89194ac3063ffff,1,1,,,,,,1,1,2.2
89194ad043bffff,,,,,,,,1,,0.2
89194ad1613ffff,,,,,,,,1,1,0.3
89194ad2023ffff,,1,,,,,,2,,1.3
89194ad228bffff,,,,,,,,5,,1
89194ad2647ffff,,,,,,,,1,,0.2
89194e693abffff,,,,,,,,1,,0.2
89194e69ba7ffff,,,,,,,,2,1,0.5
89194e872cbffff,1,,,,,,,1,1,1.3
89195105597ffff,,,,,,,,1,1,0.3
89195138493ffff,,,,,,,,1,,0.2
891951a1a17ffff,,,,,,,,1,,0.2
891951aa983ffff,,,,,,,,1,1,0.3
891951b54b3ffff,,1,,,,,,1,,1.1
891951b86b3ffff,,1,,,,,,3,,1.5
891955654c3ffff,,,,,,,,2,,0.4
89195567497ffff,,,,,,,,1,,0.2
8919582864bffff,,,,,,,,1,,0.2
89195839013ffff,,,,,,,,1,,0.2
8919584a377ffff,,,,,,,,1,,0.2
89195855387ffff,,1,,,,,,2,,1.3
8919589806fffff,,,,,,,,3,,0.6
8919597ae23ffff,,,,,,,,1,,0.2
891959b8177ffff,1,2,,,,,,1,,3
891959b9d63ffff,,,,,,,,2,,0.4
89195a173c7ffff,,1,,,,,,1,,1.1
89195a41237ffff,,,,,,,,3,1,0.7
89195a8a36fffff,,,,,,,,2,2,0.6
89195c2752fffff,,,,,,,,1,,0.2
89195c39d17ffff,,,,,,,,1,1,0.3
89195cada47ffff,,,,,,,,1,,0.2
89195cadc63ffff,,,,,,,,2,,0.4
89195cb1307ffff,,,,,,,,1,1,0.3
89195cb4053ffff,1,,,,,,,2,,1.4
89195cc76cbffff,,,,,,,,1,,0.2
89195d09e97ffff,,,,,,,,1,,0.2
89195d1668bffff,,,,,,,,1,,0.2
89195d20557ffff,,,,,,,,1,,0.2
89195d2dbbbffff,,,,,,,,1,,0.2
89195d30e1bffff,,,,,,,,1,,0.2
89195d89937ffff,1,1,,1,,,,1,,2.9
89195da491bffff,,,,,,,,2,,0.4
89195daa5b7ffff,,,,,,,,1,,0.2
89195dac0cfffff,,,,,,,,1,,0.2
89195dba5c7ffff,1,,,,,,,1,,1.2
8919721ab4bffff,,,,,,,,1,,0.2
8919723a817ffff,,1,,,,,,1,,1.1
89197270db3ffff,,,,,,,,1,,0.2
89197276557ffff,,,,,,,,3,,0.6
89197276567ffff,,,,1,,,,4,1,1.7
89197278057ffff,,,,,,,,1,,0.2
891973519bbffff,,,,,,,,1,,0.2
8919768cd47ffff,,,,,,,,1,,0.2
8919414701bffff,,,,,,,,,1,0.1
8919430cc9bffff,,,,,,,,,1,0.1
891955a2bdbffff,,,,,,,,,2,0.2
8919580db23ffff,,,,,,,,,1,0.1
8918280108fffff,,,,,,,,,1,0.1
891909aee43ffff,,,,,,,,,1,0.1
891909b6d2bffff,,,,,,,,,1,0.1
89194072647ffff,,,,,,,,,1,0.1
89194105a7bffff,,,,,,,,,2,0.2
891942d533bffff,,,,,,,,,1,0.1
89194a8eb03ffff,,,,,,,,,1,0.1
89195da2093ffff,,,,,,,,,1,0.1
8919721a457ffff,,,,,,,,,1,0.1
89195dacd2fffff,,,,,,,,,1,0.1
891909ac54bffff,3,1,,,,,,1,,4.1
89194ada1dbffff,1,1,,,,,,,,1.9
891951b5687ffff,1,,,,,,,,,1
89195180697ffff,,,,,,,,,1,0.1
891958998b3ffff,,,,,,,,,1,0.1
8919417600bffff,1,,,,,,,,,1
891942cab97ffff,3,,,,,,,,,3
89194a7a113ffff,1,,,,,,,,1,1.1
89194ad5233ffff,3,,,,,,,,,3
89194ada50bffff,3,1,,,,,,2,1,4.4
89195131b77ffff,1,,,,,,,,,1
8919586b4dbffff,1,,,,,,,,,1
89195d01903ffff,1,,,,,,,,,1
891954d54b3ffff,1,,,,,,,,,1
89195cc763bffff,2,,,,,,,,,2
89195d0189bffff,1,,,1,,,,,,1.8
89195d2b3b3ffff,1,,,,,,,,,1
89182c12957ffff,,1,,,,,,,,0.9
89182c1a953ffff,1,1,,,,,,,,1.9
891870d334bffff,,1,,,,,,1,,1.1
891909aea13ffff,,1,,,,,,,,0.9
89192871d03ffff,,1,,,,,,1,,1.1
89194075cd3ffff,,1,,,,,,,1,1
891941ace4fffff,,1,,,,,,,,0.9
89194284097ffff,,2,,,,,,,1,1.9
8919429ad6fffff,,1,,,,,,,,0.9
891942cc2c3ffff,,1,,,,,,,,0.9
8919433a087ffff,,1,,,,,,,,0.9
891943c88b3ffff,,1,,,,,,,,0.9
89194632a8bffff,,1,,,,,,1,1,1.2
89194a73037ffff,,1,,,,,,,,0.9
89194a88b07ffff,,1,,,,,,,,0.9
89194a8aa47ffff,,1,,,,,,,,0.9
89194ad8b63ffff,,1,,,,,,1,1,1.2
89194ad90cfffff,,2,,,,,,1,,2
89194e61e0bffff,,1,,,,,,,,0.9
89194e6b5b7ffff,,1,,,,,,,1,1
891951a1163ffff,,1,,,,,,,3,1.2
891951b4893ffff,,1,,,,,,1,,1.1
891952d4117ffff,,1,,,,,,,,0.9
8919566057bffff,,1,,,,,,,1,1
8919580f063ffff,,1,,,,,,,,0.9
8919586416bffff,,1,,,,,,,,0.9
891959ab6c7ffff,1,2,,,,,,,1,2.9
89195ab6823ffff,1,1,,,,,,2,1,2.4
89195b4445bffff,,1,,,,,,,,0.9
89195bc612fffff,1,1,,,,,,,,1.9
89195cb4043ffff,,2,,,,,,3,1,2.5
89195d30ea3ffff,,1,,,,,,,,0.9
89195dae8b7ffff,1,1,,,,,,,,1.9
89195db490bffff,,1,,,,,,,,0.9
89195db8803ffff,,1,,,,,,,,0.9
8919723a397ffff,,1,,,,,,,,0.9
891973204a3ffff,,2,,,,,,,,1.8
89197324653ffff,,1,,,,,,,,0.9
89182c10eb7ffff,,,,,,,,,1,0.1
89190dad303ffff,,,,,,,,,1,0.1
89190e95a07ffff,,,,,,,,,1,0.1
89194256317ffff,,,,,,,,,1,0.1
89194e61ed3ffff,,,,,,,,,1,0.1
89194e6a4a3ffff,,,,,,,,,1,0.1
891951b991bffff,,,,,,,,,1,0.1
89195268cb7ffff,,,,,,,,,1,0.1
8919586b6c3ffff,,,,,,,,,1,0.1
89195c55b43ffff,,,,,,,,,1,0.1
89195d0925bffff,,,,,,,,,1,0.1
89195d8abb7ffff,,,,,,,,,1,0.1
89195e6c193ffff,,,,,,,,,1,0.1
891972cc12fffff,,,,,,,,,1,0.1
891973323c7ffff,,,,,,,,,2,0.2
89197661093ffff,,,,,,,,,1,0.1
89194e6cd93ffff,,,,1,,,,,,0.8
89194304533ffff,,,,1,,,,,,0.8
89194632a13ffff,,,,1,,,,,,0.8
89194e48a37ffff,1,,,1,,,,1,,2
8919599a64bffff,,,,1,,,,,,0.8
89195c0eaabffff,,,,1,,,,,1,0.9
89195cc017bffff,,,,1,,,,,,0.8
89194ad91bbffff,1,1,,,,,,,1,2
89194a7215bffff,,,,,,,7,,,5.46
89182c1441bffff,,,,,,,,,1,0.1
891909ace47ffff,,,,,,,,,1,0.1
891942784c3ffff,,,,,,,,,1,0.1
89194305d43ffff,,,,,,,,,1,0.1
891951b6013ffff,,,,,,,,,1,0.1
89195c4f4d3ffff,,,,,,,,,1,0.1
89195c64bc7ffff,,,,,,,,,1,0.1
89195dcb3d7ffff,,,,,,,,,1,0.1
8919727912fffff,,,,,,,,,2,0.2
89182165413ffff,1,,,,,,,,,1
89182c12953ffff,1,,,,,,,,,1
891909b9877ffff,1,,,,,,,,,1
8919405a993ffff,1,,,,,,,,,1
8919421914fffff,1,,,,,,,,,1
89194291acfffff,1,,,,,,,,,1
89194e69d4bffff,1,,,,,,,,,1
89194e6f247ffff,1,,,,,,,,,1
8919510eec3ffff,1,,,,,,,,,1
8919512a647ffff,1,,,,,,,,1,1.1
89195575b4fffff,1,,,,,,,,,1
89195a84323ffff,1,,,,,,,,,1
89197239323ffff,1,,,,,,,,,1
89197270967ffff,1,,,,,,,,,1
8918218906fffff,,,,,,,,1,1,0.3
891821ac147ffff,,,,,,,,,1,0.1
891823063dbffff,,,,,,,,,1,0.1
8918256cac7ffff,,,,,,,,,1,0.1
89182d26247ffff,,,,,,,,,1,0.1
89187430143ffff,,,,,,,,,1,0.1
89187463533ffff,,,,,,,,,2,0.2
891875d128fffff,,,,,,,,,1,0.1
891876369a7ffff,,,,,,,,,1,0.1
89194040187ffff,,,,,,,,,1,0.1
89194045e13ffff,,,,,,,,,1,0.1
891940c8e33ffff,,,,,,,,,1,0.1
89194136057ffff,,,,,,,,,1,0.1
89194139c47ffff,,,,,,,,,1,0.1
891941ad92fffff,,,,,,,,,1,0.1
89194206353ffff,,,,,,,,,1,0.1
8919420ce33ffff,,,,,,,,,1,0.1
891942c9b8fffff,,,,,,,,,1,0.1
891942cd5a7ffff,,,,,,,,,1,0.1
8919430e407ffff,,,,,,,,,1,0.1
8919435816fffff,,,,,,,,,1,0.1
89194364a87ffff,,,,,,,,,1,0.1
89194601a17ffff,,,,,,,,1,1,0.3
89194614e1bffff,,,,,,,,,1,0.1
8919462d2a7ffff,,,,,,,,,1,0.1
891946c91dbffff,,,,,,,,,1,0.1
891946c9c23ffff,,,,,,,,,1,0.1
891948c030bffff,,,,,,,,,1,0.1
89194a08b7bffff,,,,,,,,,1,0.1
89194a0d6cfffff,,,,,,,,,1,0.1
891951a0ea3ffff,,,,,,,,,1,0.1
891951a139bffff,,,,,,,,,1,0.1
8919521964fffff,,,,,,,,,1,0.1
89195252cbbffff,,,,,,,,,1,0.1
89195259d67ffff,,,,,,,,,1,0.1
891952725c7ffff,,,,,,,,,1,0.1
891955dab0bffff,,,,,,,,,1,0.1
8919580266fffff,,,,,,,,,1,0.1
89195852c97ffff,,,,,,,,,1,0.1
891958594abffff,,,,,,,,,1,0.1
8919589017bffff,,,,,,,,,1,0.1
8919589410fffff,,,,,,,,,1,0.1
891958a9bdbffff,,,,,,,,,1,0.1
89195a50b6bffff,,,,,,,,,1,0.1
89195b731cbffff,,,,,,,,,1,0.1
89195bc3133ffff,,,,,,,,,1,0.1
89195bc84c7ffff,,,,,,,,,1,0.1
89195c00b4bffff,,,,,,,,,1,0.1
89195c04bbbffff,,,,,,,,,1,0.1
89195c073d7ffff,,,,,,,,,1,0.1
89195c0a9c7ffff,,,,,,,,,1,0.1
89195c0cdb7ffff,,,,,,,,,1,0.1
89195c3146bffff,,,,,,,,,1,0.1
89195c766afffff,,,,,,,,,1,0.1
89195d908a3ffff,,,,,,,,,1,0.1
89195dcde2fffff,,,,,,,,,1,0.1
8919733624fffff,,,,,,,,,1,0.1
8918212341bffff,,,,,,,,1,,0.2
89182c6f64fffff,,,,,,,,1,,0.2
891875db4b7ffff,,,,,,,,1,,0.2
891909af493ffff,,,,,,,,1,,0.2
891940720cfffff,,,,,,,,1,,0.2
89194206503ffff,,,,,,,,1,,0.2
891942ca977ffff,,,,,,,,1,,0.2
89194ad3683ffff,,,,,,,,1,,0.2
89194ada2c7ffff,,,,,,,,1,,0.2
89194ada417ffff,,,,,,,,1,,0.2
89194ada52fffff,,,,,,,,1,,0.2
89194e62373ffff,,,,,,,,1,,0.2
8919518f30fffff,,,,,,,,1,,0.2
891951b6a0fffff,,,,,,,,1,,0.2
89195265b47ffff,,,,,,,,1,,0.2
891958168b3ffff,,,,,,,,1,,0.2
89195844043ffff,,,,,,,,1,,0.2
89195844b63ffff,,,,,,,,1,,0.2
8919584ec23ffff,,,,,,,,1,,0.2
8919588e397ffff,,,,,,,,1,,0.2
891959cdba7ffff,,,,,,,,1,,0.2
891959d4ac3ffff,,,,,,,,1,,0.2
89195aaa81bffff,,,,,,,,3,,0.6
89195b7adb7ffff,,,,,,,,1,,0.2
89195cb2dd3ffff,,,,,,,,1,,0.2
89195ccb06fffff,,,,,,,,1,,0.2
8919594c9d7ffff,,,,,,,,1,,0.2
891972d886fffff,,,,,,,,1,,0.2
89194ada8cbffff,,,,,,,,,1,0.1
891955463b3ffff,,,,,,,,,1,0.1
89195c8484bffff,,,,,,,,,1,0.1
89197316363ffff,,,,,,,,,1,0.1
891976001d3ffff,,,,,,,,,1,0.1
891821d9dcfffff,,,,,,,,1,,0.2
89182c16943ffff,,,,,,,,1,,0.2
89182c8db6fffff,,,,,,,,1,,0.2
891870d5137ffff,,,,,,,,1,,0.2
891908b6e77ffff,,,,,,,,1,,0.2
8919095126fffff,,,,,,,,1,,0.2
891909ac443ffff,,,,,,,,1,,0.2
89190c6628fffff,,,,,,,,1,,0.2
89190c6d69bffff,,,,,,,,1,,0.2
89190d966d7ffff,,,,,,,,2,,0.4
8919434dbb3ffff,,,,,,,,1,,0.2
89194ad119bffff,,,,,,,,1,,0.2
89194ad124bffff,,,,,,,,1,,0.2
891953a0cc3ffff,,,,,,,,1,,0.2
891953a11d7ffff,,,,,,,,1,,0.2
8919580d453ffff,,,,,,,,1,,0.2
89195ad7503ffff,,,,,,,,1,,0.2
89195c26ddbffff,,,,,,,,2,,0.4
89195c4f49bffff,,,,,,,,1,,0.2
89195c96027ffff,,,,,,,,1,,0.2
89195da6a03ffff,,,,,,,,1,,0.2
89190d6f523ffff,,,,,,,,,1,0.1
891958c2bc7ffff,,,,,,,,,1,0.1
89190c6ac23ffff,,,,,,,,,1,0.1
89195a0255bffff,,,,,,,,,1,0.1
89195ed4017ffff,,,,,,,,,1,0.1
8909a44ca8fffff,1,,,,,,,,,1
891909a664bffff,1,,,,,,,,,1
891955655c3ffff,1,,,,,,,,,1
89195991c43ffff,,,,,,,,,1,0.1
891909a5173ffff,,,,,1,,,,,0.6
891909aeea3ffff,,,,,1,,,3,,1.2
891909b414bffff,,,,,1,,,,,0.6
89194073387ffff,,,,,1,,,,,0.6
89194a82037ffff,,,,,1,,,,,0.6
89194ad2383ffff,,1,,,2,,,5,1,3.2
89194ad3017ffff,,1,,,2,,,7,1,3.6
89194e2a4a7ffff,,,,,1,,,3,1,1.3
89194e2e92bffff,,,,,1,,,,1,0.7
89194e49523ffff,,,,,1,,,,5,1.1
8919510eb3bffff,,,,,1,,,,,0.6
891954da2d7ffff,,,,,1,,,,,0.6
891959aa607ffff,,,,,3,,,1,,2
89195cac0bbffff,,,,,1,,,,,0.6
89195da6e33ffff,,2,,,2,,,12,5,5.9
89195da6e8fffff,1,1,,,1,,,7,5,4.4
89182a3a4afffff,2,2,,,1,,,10,2,6.6
89182ab9303ffff,,,,,1,,,1,,0.8
89182c8dc3bffff,,,,,1,,,,,0.6
891909c826fffff,1,,,,1,,,1,,1.8
8919421ab97ffff,,,,,1,,,1,1,0.9
891946191afffff,,,,,1,,,,,0.6
89194ac64cbffff,,,,,1,,,2,,1
89194e531abffff,2,,,,1,,,4,,3.4
891951a657bffff,2,1,,,4,,,8,,6.9
8919586b107ffff,1,,,,1,,,3,1,2.3
891958855dbffff,,6,,,2,,,13,2,9.4
89195b6154fffff,,1,,,1,,,,2,1.7
89195ca5923ffff,1,1,,,1,,,1,2,2.9
89195cadc1bffff,,3,,,1,,,5,,4.3
89195d88d83ffff,,1,,,1,,,1,,1.7
89195d96a9bffff,,,,,1,,,,,0.6
8918250aca7ffff,1,,,,,,,1,1,1.3
89182c1748bffff,2,1,,,,,,10,3,5.2
891909ac12bffff,1,1,,,,,,5,,2.9
891942c526bffff,,,,,,,,1,,0.2
89194ad307bffff,,1,,,,,,1,,1.1
89194ad3287ffff,,2,,,,,,5,,2.8
8919511032fffff,,,,,,,,1,,0.2
891951803bbffff,,,,,,,12,1,,9.56
89195d792b3ffff,,1,,,,,,3,,1.5
89197276533ffff,,3,,,,,,23,4,7.7
8919727653bffff,,2,,1,,,,7,,4
8919728b3a7ffff,,,,,,,,1,,0.2
89182e58697ffff,,,,,,,1,,,0.78
89194042a8fffff,,1,,,,,1,2,,2.08
8919420c96fffff,,,,,,,1,,,0.78
89194ad99afffff,,,,,,,1,,,0.78
89195181cc3ffff,,,,,,,1,,,0.78
8919732520bffff,,,,,,,1,1,1,1.08
89194ad30abffff,,,,,,,,,1,0.1
89195da350bffff,1,,,,,,,,1,1.1
8909a09199bffff,,,,,,,,1,1,0.3
891801a252fffff,1,,,,,,,2,,1.4
891828cdabbffff,,,,,,,,1,,0.2
89182a48b87ffff,,,,,,,,2,,0.4
89182c1292fffff,,,,,,,,1,1,0.3
89182c16967ffff,1,,,,,,,1,1,1.3
89182c16a73ffff,1,1,,,,,,1,,2.1
89182d2748fffff,,,,,,,,1,,0.2
89182e5ac47ffff,,,,,,,,1,,0.2
89182ec6a07ffff,,,,,,,,1,,0.2
891870dad7bffff,,,,,,,,1,,0.2
89187439c3bffff,,,,,,,,1,,0.2
8918743a9c3ffff,,,,,,,,1,,0.2
891874861abffff,,1,,,,,,2,1,1.4
89190891133ffff,,,,,,,,2,,0.4
89194072233ffff,,,,,,,,1,,0.2
8919420cb43ffff,,2,,,,,,4,1,2.7
891942208abffff,,,,,,,,1,,0.2
89194252437ffff,,1,,,,,,4,,1.7
89194291aafffff,,,,,,,,1,,0.2
891942c58afffff,,,,,,,,2,,0.4
891942ce297ffff,,1,,,,,,5,1,2
8919434dbc7ffff,,,,,,,,1,1,0.3
8919434eb2fffff,,,,,,,,1,,0.2
89194364853ffff,1,,,,,,,2,1,1.5
891943d048fffff,2,1,,,,,,2,1,3.4
89194638b3bffff,,,,,,,,1,,0.2
891946cb06bffff,,,,,,,,2,,0.4
891948c19b3ffff,,1,,,,,,5,,1.9
89194a06bafffff,,,,,,,,1,,0.2
89194a19977ffff,,,,,,,,2,,0.4
89194a7253bffff,,2,,,,,,4,,2.6
89194ab9983ffff,,,,,,,,1,,0.2
89194ac8b9bffff,,,,,,,,1,,0.2
89194ad0b37ffff,,,,,,,,1,,0.2
89194ad32c7ffff,,1,,,,,,2,,1.3
89194ad339bffff,,,,,,,,3,,0.6
89194ad46b3ffff,,,,,,,,1,,0.2
89194e2a5d3ffff,,1,,,,,,1,,1.1
89194e46033ffff,,,,,,,,1,,0.2
89194e69153ffff,,,,,,,,2,,0.4
89194e6938fffff,,,,,,,,3,,0.6
89194e69d0bffff,1,,,,,,,1,,1.2
89194ec9b4fffff,,,,,,,,1,,0.2
891951630b3ffff,,,,,,,,1,,0.2
891951a2543ffff,,,,,,,,1,,0.2
891951b7577ffff,,,,,,,,2,,0.4
891952d6a8bffff,,,,,,,,1,,0.2
891953a0b6bffff,,,,,,,,1,,0.2
891954d5427ffff,,,,,,,,1,,0.2
8919583b2d7ffff,,,,,,,,2,,0.4
8919587587bffff,,,,,,,,1,,0.2
89195879e57ffff,,,,,,,,1,,0.2
891958ba987ffff,,,,,,,,1,1,0.3
8919590e2b7ffff,,,,,,,,1,,0.2
8919590e667ffff,,,,,,,,1,,0.2
89195971587ffff,,4,,,,,,2,2,4.2
891959960a3ffff,,,,,,,,1,,0.2
891959b2423ffff,,,,,,,,1,,0.2
891959b6607ffff,,,,,,,,1,,0.2
891959b9d07ffff,,1,,,,,,1,,1.1
891959bac47ffff,,,,,,,,2,1,0.5
89195ab68dbffff,1,,,,,,,1,,1.2
89195b01ecfffff,,,,,,,,1,,0.2
89195c0ee43ffff,1,,,,,,,1,,1.2
89195c2a55bffff,,,,,,,,1,,0.2
89195c75d57ffff,,,,,,,,1,,0.2
89195caddd7ffff,,,,,,,,1,,0.2
89195d09c2fffff,,,,,,,,1,,0.2
89195d2443bffff,,,,,,,,1,,0.2
89195d2639bffff,,,,,,,,1,1,0.3
89195d38223ffff,,,,,,,,3,,0.6
89195d49b8fffff,,,,,,,,1,,0.2
89195da4867ffff,1,,,,,,,2,,1.4
89195da4957ffff,,,,,,,,2,,0.4
89195da5d53ffff,,,,,,,,3,,0.6
89195db4a93ffff,,,,,,,,1,,0.2
89197200c57ffff,,,,,,,,2,,0.4
89197239257ffff,1,6,,,,,,9,,8.2
89197248a2bffff,,,,1,,,,1,,1
89197276513ffff,,,,,,,,2,,0.4
8919728f12fffff,,1,,,,,,1,1,1.2
89197324073ffff,1,,,,,,,2,1,1.5
89197327607ffff,,,,,,,,1,,0.2
89197335307ffff,,,,,,,,2,,0.4
8919733537bffff,,,,,,,,1,,0.2
89197664ab7ffff,,,,,,,,1,,0.2
89194105aabffff,,,,,,,,,4,0.4
8919410cdd7ffff,,,,,,,,,1,0.1
891943d2617ffff,,,,,,,,,1,0.1
89194ad9003ffff,,,,,,,,,1,0.1
891953aab43ffff,,,,,,,,2,1,0.5
89195c2612fffff,,,,,,,,,1,0.1
89197260197ffff,,,,,,,,,1,0.1
89182c1a9cbffff,2,,,,,,,,,2
891948cd687ffff,1,,,,,,,,,1
89182c16c8bffff,,,,,,,,,1,0.1
891909b63a7ffff,,,,,,,,,1,0.1
89194ac0143ffff,,,,,,,,,1,0.1
89195844883ffff,,,,,,,,,1,0.1
89182332497ffff,2,,,,,,,,,2
8919426a193ffff,3,5,,,,,,1,,7.7
89194ac951bffff,1,,,,,,,,,1
89194adb407ffff,1,,,,,,,,,1
8919590e207ffff,2,,,,,,,,1,2.1
89195c3419bffff,2,2,,,,,,,1,3.9
89195d09813ffff,1,,,,,,,,,1
8919424999bffff,2,,,,,,,1,,2.2
89194ac95c7ffff,3,,,,,,,,,3
89195862923ffff,1,,,,,,,,,1
89195d3402bffff,2,,,,,,,,,2
89197288553ffff,1,,,,,,,,,1
891973353abffff,2,2,,,,,,,,3.8
891951b730bffff,,,,,,,,,1,0.1
89182c1019bffff,,1,,,,,,,,0.9
89182c8db3bffff,,1,,,,,,,,0.9
89190912e2bffff,,1,,,,,,,1,1
89194201613ffff,,1,,,,,,,,0.9
891942555d3ffff,,1,,,,,,,,0.9
891942b7677ffff,,2,,,,,,,1,1.9
891942ccaa7ffff,,1,,,,,,,,0.9
8919432251bffff,,1,,,,,,,,0.9
89194358573ffff,,1,,,,,,,,0.9
8919464a283ffff,1,1,,,,,,,,1.9
89194840a97ffff,,1,,,,,,,,0.9
89194a1a443ffff,,1,,,,,,,2,1.1
89194ac14b3ffff,,1,,,,,,1,,1.1
89194e642c7ffff,,2,,,,,,,,1.8
89194e87177ffff,,1,,,,,,,,0.9
89194ec9e63ffff,,2,,,,,,,,1.8
891951a2353ffff,,1,,,,,,,,0.9
891954d1613ffff,,1,,,,,,,,0.9
891955d8333ffff,,1,,,,,,,,0.9
89195816cdbffff,,1,,,,,,,,0.9
891958373cfffff,,1,,,,,,,,0.9
8919584660fffff,,1,,,,,,1,,1.1
89195915477ffff,,1,,,,,,,,0.9
891959714c7ffff,,2,,,,,,1,,2
89195971597ffff,,1,,,,,,,2,1.1
891959b9a13ffff,,1,,,,,,,,0.9
89195a146d7ffff,,1,,,,,,,,0.9
89195a16267ffff,,1,,,,,,,1,1
89195aa02cfffff,,1,,,,,,,,0.9
89195ac4243ffff,,1,,,,,,,,0.9
89195b906d3ffff,,1,,,,,,,,0.9
89195c0dd63ffff,,1,,,,,,,,0.9
89195c16b0bffff,,1,,,,,,,,0.9
89195c3147bffff,,2,,,,,,,,1.8
89195c382c3ffff,,1,,,,,,,,0.9
89195c3a4d3ffff,,1,,,,,,1,,1.1
89195c4756fffff,,1,,,,,,,,0.9
89195cac127ffff,,1,,,,,,,,0.9
89195d19c4bffff,,1,,,,,,,,0.9
89195d2b12fffff,,2,,,,,,,,1.8
89195d2c36fffff,1,1,,,,,,,,1.9
89195da6c1bffff,,1,,,,,,2,,1.3
89195db0ba3ffff,,2,,,,,,,1,1.9
89195dcd283ffff,,1,,,,,,,,0.9
8919727ac2bffff,,1,,,,,,,,0.9
89197322c17ffff,,1,,,,,,,,0.9
89197324067ffff,,1,,,,,,,,0.9
891973342cbffff,,5,,,,,,2,,4.9
891973350afffff,,1,,,,,,,,0.9
891973adbafffff,,1,,,,,,,,0.9
8919768c803ffff,,1,,,,,,,,0.9
8919768ccb3ffff,,2,,,,,,,,1.8
89182c1445bffff,,,,,,,,,1,0.1
89182c52907ffff,,,,,,,,,1,0.1
8918746ab27ffff,,,,,,,,,1,0.1
89190907183ffff,,,,,,,,,1,0.1
891942cca2bffff,,,,,,,,,1,0.1
89194e80517ffff,,,,,,,,,1,0.1
891959731abffff,,,,,,,,,1,0.1
89195988b0fffff,,,,,,,,,1,0.1
89195d068afffff,,,,,,,,,1,0.1
89195d44553ffff,,,,,,,,,1,0.1
89195dd6223ffff,,,,,,,,,1,0.1
89194ad2547ffff,,,,,,,,1,2,0.4
891952d6ddbffff,,,,,,,,,2,0.2
891958a21abffff,,,,1,,,,,1,0.9
89195b40c67ffff,,,,1,,,,,,0.8
89195db4d93ffff,,,,1,,,,,,0.8
89195da6d2fffff,,1,,,,,,,,0.9
89195da8c9bffff,,1,,,,,,,,0.9
89194a0d207ffff,,,,,,,2,,,1.56
8919413640bffff,,,,,,,,,1,0.1
8919424f51bffff,,,,,,,,,1,0.1
89194842ddbffff,,,,,,,,,2,0.2
89194a016afffff,,,,,,,,,1,0.1
89195130647ffff,,,,,,,,,1,0.1
89182c176afffff,1,,,,,,,,,1
89182c8c34bffff,1,,,,,,,,,1
8918746ea2bffff,1,,,,,,,,,1
89190932487ffff,1,,,,,,,,,1
891909ac04bffff,2,,,,,,,,,2
8919407041bffff,1,,,,,,,,,1
89194276e27ffff,1,,,,,,,,1,1.1
891942cdd5bffff,1,,,,,,,,,1
89195879bc7ffff,1,,,,,,,1,,1.2
89195c0e34bffff,1,,,,,,,,,1
89195cc0c6fffff,1,,,,,,,1,,1.2
891951b7537ffff,,,,,,,,,1,0.1
89197278043ffff,,,,,,,,,2,0.2
8909a46418fffff,,,,,,,,,1,0.1
8918256db17ffff,,,,,,,,,1,0.1
891825ace97ffff,,,,,,,,,1,0.1
891874674a3ffff,,,,,,,,,1,0.1
89194040437ffff,,,,,,,,,1,0.1
89194070463ffff,,,,,,,,,1,0.1
891941364b7ffff,,,,,,,,,1,0.1
8919416626bffff,,,,,,,,,1,0.1
89194200a4fffff,,,,,,,,,1,0.1
8919420ed2fffff,,,,,,,,,1,0.1
89194220eabffff,,,,,,,,,1,0.1
891942395b7ffff,,,,,,,,,1,0.1
89194239683ffff,,,,,,,,,1,0.1
8919429aa0fffff,,,,,,,,,1,0.1
891942c6e6bffff,,,,,,,,,1,0.1
891942d018bffff,,,,,,,,,1,0.1
89194362303ffff,,,,,,,,,1,0.1
891946ad84bffff,,,,,,,,,1,0.1
891946c906bffff,,,,,,,,,1,0.1
89194a01433ffff,,,,,,,,,1,0.1
89194a14957ffff,,,,,,,,,1,0.1
89194ab25a7ffff,,,,,,,,,1,0.1
89194ac2447ffff,,,,,,,,,1,0.1
89194ad1ddbffff,,,,,,,,,1,0.1
89194e95a83ffff,,,,,,,,,1,0.1
89194eb1403ffff,,,,,,,,,1,0.1
891951365afffff,,,,,,,,,1,0.1
89195180537ffff,,,,,,,,,1,0.1
89195180c6fffff,,,,,,,,,1,0.1
891951b5363ffff,,,,,,,,,1,0.1
891951d6a83ffff,,,,,,,,,1,0.1
891952cd96bffff,,,,,,,,,1,0.1
891952d617bffff,,,,,,,,,1,0.1
891955205cbffff,,,,,,,,1,1,0.3
891958145b3ffff,,,,,,,,,1,0.1
89195821483ffff,,,,,,,,,1,0.1
89195867467ffff,,,,,,,,,1,0.1
89195890297ffff,,,,,,,,,1,0.1
891958c7673ffff,,,,,,,,,1,0.1
891959033b7ffff,,,,,,,,,1,0.1
89195912957ffff,,,,,,,,,1,0.1
89195a02b83ffff,,,,,,,,,2,0.2
89195ab75b7ffff,,,,,,,,,1,0.1
89195b614c7ffff,,,,,,,,,1,0.1
89195bb8033ffff,,,,,,,,,1,0.1
89195bd6b17ffff,,,,,,,,,1,0.1
89195c0cb13ffff,,,,,,,,,1,0.1
89195c10e6bffff,,,,,,,,,1,0.1
89195c67613ffff,,,,,,,,,1,0.1
89195caa987ffff,,,,,,,,,1,0.1
89195d308bbffff,,,,,,,,,1,0.1
89195da154bffff,,,,,,,,,1,0.1
89195da6863ffff,,,,,,,,,1,0.1
89195e86247ffff,,,,,,,,,1,0.1
89195e944afffff,,,,,,,,,1,0.1
89195ea1dafffff,,,,,,,,,1,0.1
89197332617ffff,,,,,,,,,1,0.1
89197334177ffff,,,,,,,,,1,0.1
891823012b7ffff,,,,,,,,1,,0.2
8918743931bffff,,,,,,,,1,,0.2
8919424dc8bffff,,,,,,,,1,,0.2
891943655d3ffff,,,,,,,,1,,0.2
89194ac6da3ffff,,,,,,,,1,,0.2
89194ad115bffff,,,,,,,,2,,0.4
89194e843cbffff,,,,,,,,1,,0.2
89195110423ffff,,,,,,,,1,,0.2
891951b1ea7ffff,,,,,,,,1,,0.2
891951b6aabffff,,,,,,,,1,,0.2
8919569a38fffff,,,,,,,,1,,0.2
89195879143ffff,,,,,,,,1,,0.2
8919590108bffff,,,,,,,,1,,0.2
89195ab5927ffff,,,,,,,,1,,0.2
89195ab74b3ffff,,,,,,,,1,,0.2
89195c62e33ffff,,,,,,,,1,,0.2
89195d38a9bffff,,,,,,,,1,,0.2
89194176c97ffff,,,,,,,,1,,0.2
89182c6c4c3ffff,,,,,,,,,1,0.1
891946c836fffff,,,,,,,,,1,0.1
89194e98e8bffff,,,,,,,,,1,0.1
89195da6e57ffff,,,,,,,,,2,0.2
8919727ab2bffff,,,,,,,,,1,0.1
89197316283ffff,,,,,,,,,1,0.1
891805b4a83ffff,,,,,,,,1,,0.2
89182355303ffff,,,,,,,,1,,0.2
89182c1a327ffff,,,,,,,,1,,0.2
89194045e8fffff,,,,,,,,1,,0.2
8919413a0c3ffff,,,,,,,,1,,0.2
8919429a963ffff,,,,,,,,1,,0.2
891942ce8c3ffff,,,,,,,,1,,0.2
89194ad068bffff,,,,,,,,1,,0.2
89194ad1237ffff,,,,,,,,1,,0.2
89194e47193ffff,,,,,,,,1,1,0.3
891951b5a27ffff,,,,,,,,1,,0.2
8919597a30bffff,,,,,,,,3,,0.6
89195cb7147ffff,,,,,,,,1,,0.2
89195cb7583ffff,,,,,,,,1,,0.2
89195d09a87ffff,,,,,,,,1,,0.2
89195da44cfffff,,,,,,,,3,,0.6
89195da738bffff,,,,,,,,1,,0.2
89195dd6627ffff,,,,,,,,1,,0.2
89182804613ffff,,,,,,,,,1,0.1
89195541b8fffff,,,,,,,,,1,0.1
89180192aa3ffff,,,,,,,,,1,0.1
89192b0d11bffff,,,,,,,,,1,0.1
8919416c6a7ffff,,,,,,,,,1,0.1
89194aaa1a3ffff,,,,,,,,,1,0.1
891951644a3ffff,,,,,,,,,1,0.1
89195b08da3ffff,,,,,,,,,2,0.2
89195a2aed7ffff,,,,1,,,,,,0.8
89194adb517ffff,1,,,,,,,,,1
89195505243ffff,1,,,,,,,,,1
891958a2963ffff,1,,,,,,,,,1
891972761b3ffff,,,,,,,,4,1,0.9
891909a41cfffff,2,1,,,6,,,,1,6.6
89190e3b063ffff,,,,,2,,,,,1.2
8919407255bffff,1,4,,,4,,,10,1,9.1
8919433842fffff,,,,,1,,,,,0.6
89194a88b23ffff,,,,,2,,,1,,1.4
89194ad2623ffff,,1,,,1,,,,,1.5
89194e69b23ffff,1,,,,1,,,,,1.6
8919584ec3bffff,,1,,,1,,,2,,1.9
89195c340abffff,3,9,,,12,,1,21,1,23.38
89195d24a37ffff,,,,,1,,,1,1,0.9
89197239933ffff,,,,,1,,,,,0.6
89197260ccfffff,,,,,1,,,,,0.6
89197330d4bffff,,,,,1,,,,,0.6
891875d03d3ffff,,,,,1,,,,1,0.7
89190e06573ffff,,,,,1,,,1,,0.8
89192871d8bffff,,,,,1,,,1,,0.8
891942cab8bffff,,,,,6,,,1,,3.8
89194321dd7ffff,,,,,1,,,2,,1
891943472a3ffff,,,,,1,,,,,0.6
89194e5ad63ffff,,,,,1,,,,1,0.7
89195179847ffff,,,,,1,,,,,0.6
89195c11d83ffff,,,,,1,,,,,0.6
89195caf57bffff,1,2,,,2,,,4,1,4.9
89195d04887ffff,3,13,,1,1,,,7,4,17.9
89195d20237ffff,,3,,,1,,,1,,3.5
89195dae357ffff,,,,,2,,,,1,1.3
89182a48b9bffff,,,,,,,,1,,0.2
89182c174afffff,1,2,,,,,,5,,3.8
89182c8d147ffff,,,,,,,,1,,0.2
89194acaeb7ffff,,,,,,,,4,,0.8
89194ad040fffff,,3,,1,,,1,4,1,5.18
89194ad0487ffff,,,,,,,,3,,0.6
89195105583ffff,,,,,,,,2,,0.4
891951104a3ffff,,,,,,,,3,,0.6
89195111d97ffff,,1,,,,,,2,,1.3
89195182287ffff,1,1,,,,,,1,1,2.2
891951aad5bffff,1,,,,,,,1,,1.2
89195517377ffff,,,,,,,,1,,0.2
89195564edbffff,,,,,,,,2,,0.4
891958732c7ffff,,,,,,,,1,,0.2
89195885437ffff,1,,,,,,,10,1,3.1
891959a8e53ffff,,,,,,,,1,,0.2
89195cb6653ffff,,1,,,,,,2,1,1.4
89195da4b53ffff,,1,,,,,,5,,1.9
89195dcd00bffff,,,,,,,,1,,0.2
89197276c8fffff,,1,,,,,,6,2,2.3
89195b4454bffff,,,,,,,1,,,0.78
8919728a173ffff,,,,,,,1,1,,0.98
891952d6327ffff,,,,,,,,,1,0.1
891952d6c77ffff,,,,,,,,,2,0.2
8919510f1a7ffff,,,,,,,,,1,0.1
89195459403ffff,,,,,,,,,1,0.1
8919582307bffff,,1,,,,,,,1,1
8919724d5b7ffff,,,,,,,,,1,0.1
8919582e17bffff,,,,,1,,,1,,0.8
89182c10d6fffff,,,,,,,,1,1,0.3
89182c1444bffff,2,,,,,,,2,1,2.5
89182c1466bffff,,,,,,,,1,,0.2
89182e22b27ffff,1,,,,,,,1,1,1.3
89182e6e02bffff,,,,,,,,1,,0.2
89182e98b27ffff,,,,,,,,1,,0.2
8919092cc67ffff,,,,,,,,1,,0.2
89190939853ffff,,,,,,,,1,1,0.3
89190e39c2fffff,,,,,,,,1,,0.2
8919296a83bffff,,,,,,,,1,,0.2
89192b32853ffff,,,,,,,,1,,0.2
89194129ac7ffff,,,,,,,,1,,0.2
8919412dd83ffff,,,,,,,,1,,0.2
891941af06bffff,,,,,,,,1,,0.2
8919420b21bffff,,,,,,,,1,,0.2
8919424c113ffff,,,,,,,,1,,0.2
8919424f343ffff,,,,,,,,1,,0.2
89194255013ffff,,,,,,,,1,,0.2
891942c59d7ffff,,,,,,,,2,,0.4
891942c5d4fffff,,,,,,,,2,,0.4
891942d529bffff,,,,,,,,3,,0.6
891942d7303ffff,,,,,,,,1,,0.2
8919430f0afffff,,,,,,,,1,,0.2
891943269c3ffff,,,,,,,,1,,0.2
8919432c213ffff,,,,,,,,1,,0.2
8919435844bffff,,,,,,,,1,,0.2
891943d0357ffff,,,,,,,,1,,0.2
89194a08917ffff,,,,,,,,1,1,0.3
89194a0e977ffff,,,,,,,,1,,0.2
89194a72153ffff,,,,,,,7,2,,5.86
89194a725afffff,,,,,,,,2,,0.4
89194ac0ddbffff,,,,,,,,1,,0.2
89194ad11d3ffff,,,,,,,,1,,0.2
89194ad2a73ffff,,,,,,,,1,,0.2
89194ad36b3ffff,1,,,,,,,1,,1.2
89194ada333ffff,,,,,,,,1,,0.2
89194ada44bffff,,1,,,,,,1,2,1.3
89194ada477ffff,,,,,,,,2,1,0.5
89194adb317ffff,,,,,,,,1,,0.2
89194e2a587ffff,,,,,,,,1,,0.2
89194e6982fffff,,,,,,,,2,,0.4
89194e69eabffff,,,,,,,,1,,0.2
89194ed8643ffff,,1,,,,,,4,,1.7
89194ed9573ffff,,1,,,,,,1,,1.1
8919510606fffff,,,,,,,,1,,0.2
8919510e233ffff,,,,,,,,1,1,0.3
8919512f04bffff,,,,,,,,1,,0.2
89195130d03ffff,,,,,,,,1,,0.2
891952d413bffff,,,,,,,,1,,0.2
891953a0b73ffff,,,,,,,,3,1,0.7
89195536e0fffff,,1,,1,,,,7,2,3.3
8919582356fffff,,,,,,,,1,,0.2
891958380c3ffff,,,,,,,,1,,0.2
891958392bbffff,,,,,,,,2,,0.4
89195882e6bffff,,,,,,,,1,,0.2
89195988b8fffff,,,,,,,,1,,0.2
8919598cdcfffff,,,,,,,,1,,0.2
891959915b7ffff,,,,,,,,1,,0.2
891959cdd93ffff,1,,,,,,,1,,1.2
89195b16823ffff,,,,,,,,1,,0.2
89195b61443ffff,1,,,,,,,1,,1.2
89195b8ac13ffff,,,,,,,,1,,0.2
89195b94d77ffff,,,,,,,,1,,0.2
89195bc6e57ffff,,,,,,,,1,,0.2
89195c0550bffff,2,,,,,,,1,,2.2
89195c2a0a3ffff,,,,,,,,1,,0.2
89195c3403bffff,,,,,,,,2,,0.4
89195c384d3ffff,,2,,,,,,4,2,2.8
89195c3a2a3ffff,,1,,,,,,1,,1.1
89195d7267bffff,,,,,,,,1,,0.2
89195da490fffff,,1,,,,,,1,,1.1
89195da6d27ffff,,,,,,,,1,,0.2
89195e86cb3ffff,,,,,,,,1,,0.2
89195edb643ffff,,3,,,,,,2,2,3.3
8919720cb33ffff,,1,,,,,,5,,1.9
8919720cb37ffff,,2,,,,,,6,1,3.1
8919727612bffff,,,,1,,,,2,,1.2
891972761d7ffff,3,1,,,,,,3,,4.5
8919727647bffff,,,,,,,,1,,0.2
89197276e27ffff,,,,,,,,2,,0.4
8919728b3c3ffff,1,2,,,,,,1,1,3.1
891972c4063ffff,,,,,,,,1,,0.2
8919733603bffff,1,,,,,,,2,1,1.5
89197388e0bffff,,,,,,,,1,,0.2
89182c8db67ffff,1,,,,,,,1,1,1.3
89190135887ffff,,,,,,,,,1,0.1
89192b6551bffff,,,,,,,,,1,0.1
89194ec9b53ffff,,,,,,,,,1,0.1
89194aa1297ffff,,,,,,,,1,2,0.4
89194ec9133ffff,,,,,,,,,1,0.1
89197322d2bffff,,,,,,,,,1,0.1
89182879077ffff,,,,,,,,1,2,0.4
8919410ea0fffff,,,,,,,,,3,0.3
8919412ac6fffff,,,,,,,,,6,0.6
89194256123ffff,,,,,,,,,4,0.4
89195ac5523ffff,,,,,,,,,1,0.1
89195c0dd47ffff,,,,,,,,,1,0.1
89195d2e147ffff,,,,,,,,,1,0.1
89195dac957ffff,,,,,,,,,2,0.2
89195dbadabffff,,,,,,,,,1,0.1
89197334bdbffff,,,,,,,,,1,0.1
891973a8bcbffff,,,,,,,,,1,0.1
89194ac2683ffff,,,,,,,,,1,0.1
891951b0b27ffff,2,,,,,,,,1,2.1
89182c10993ffff,1,,,,,,,,1,1.1
8919424c3bbffff,2,,,,,,,,,2
8918236880fffff,1,,,1,,,,,,1.8
89182c12a47ffff,2,1,,,,,,,,2.9
891909aec03ffff,1,,,,,,,,,1
8919425482fffff,2,2,,,,,,,,3.8
891943582d7ffff,1,,,,,,,,,1
8919484a683ffff,1,,,,,,,,,1
89194a56503ffff,1,,,,,,,,,1
89194adb5d7ffff,1,,,,,,,,,1
89195180043ffff,1,,,,,,,,2,1.2
891958bad2bffff,1,,,,,,,,,1
8919720cb8bffff,2,1,,,,,,,,2.9
89194ad1e9bffff,1,,,,,,,,,1
89195123217ffff,1,,,,,,,,,1
89195867473ffff,1,,,,,,,,,1
891958ada9bffff,2,,,,,,,,,2
891972396d7ffff,1,,,,,,,,,1
891973ad2bbffff,1,,,,,,,,,1
8919423a027ffff,,,,,,,,,1,0.1
891876369bbffff,,1,,,,,,,,0.9
891909ac4bbffff,,5,,,,,,1,,4.7
891940733bbffff,,1,,,,,,,,0.9
89194284e1bffff,,2,,,,,,,,1.8
891942c5ebbffff,,1,,,,,,,,0.9
8919433a6dbffff,,2,,,,,,,,1.8
891943ba30fffff,,1,,,,,,,,0.9
89194a88d7bffff,,2,,,,,,,,1.8
89194a933c3ffff,,1,,,,,,,,0.9
89194e0e40bffff,,1,,,,,,,,0.9
8919518e59bffff,,1,,,,,,,,0.9
891951d4d27ffff,,2,,,,,,,,1.8
8919528ec43ffff,,1,,,,,,,,0.9
89195414807ffff,,1,,,,,,1,,1.1
891954d132fffff,,1,,,,,,,,0.9
89195879a3bffff,,1,,,,,,3,1,1.6
891959024cfffff,,1,,,,,,,,0.9
89195970697ffff,,1,,,,,,,,0.9
891959aa2b3ffff,,1,,,,,,,,0.9
891959ab24fffff,,1,,,,,,,,0.9
891959b9883ffff,1,3,,,,,,,1,3.8
891959b9a03ffff,,1,,,,,,,,0.9
891959ba613ffff,,1,,,,,,1,2,1.3
89195a8885bffff,,1,,,,,,,,0.9
89195b440cfffff,,1,,,,,,,,0.9
89195c042c7ffff,,3,,,,,,1,1,3
89195c0464fffff,1,1,,,,,,,2,2.1
89195c05e57ffff,,1,,,,,,,,0.9
89195c0d48fffff,,2,,,,,,,2,2
89195c4f297ffff,,1,,,,,,,,0.9
89195cab523ffff,,1,,,,,,,,0.9
89195cc0c57ffff,,2,,,,,,2,,2.2
89195db2b17ffff,,1,,,,,,,,0.9
8919726f25bffff,,1,,,,,,,,0.9
89197290187ffff,,1,,,,,,1,1,1.2
89197335293ffff,,1,,,,,,,,0.9
8918238ca73ffff,,,,,,,,,1,0.1
89182a58e0fffff,,,,,,,,,1,0.1
89182c15597ffff,,,,,,,,,1,0.1
89182c1aed3ffff,,,,,,,,,2,0.2
891943ba303ffff,,,,,,,,,2,0.2
89194adb587ffff,,,,,,,,,4,0.4
89195138e6bffff,,,,,,,,,1,0.1
891958800b3ffff,,,,,,,,,1,0.1
891959b9d2bffff,,,,,,,,,1,0.1
89195bd6d53ffff,,,,,,,,,1,0.1
89195d485d7ffff,,,,,,,,,1,0.1
89195dba97bffff,,,,,,,,,1,0.1
89195dcd077ffff,,,,,,,,,2,0.2
89182c8e82bffff,,,,,,,,,1,0.1
891952d6b97ffff,1,,,,,,,,1,1.1
89182c17087ffff,1,,,,,,,2,,1.4
891909a0147ffff,,,,1,,,,,1,0.9
89194349c27ffff,,,,1,,,,,,0.8
89195879cb3ffff,,,,1,,,,,1,0.9
89194ad30cbffff,,1,,,,,2,1,,2.66
891955a6c5bffff,,1,,,,,,1,,1.1
891958448d7ffff,,1,,,,,,,,0.9
89195da6a6bffff,,1,,,,,,,1,1
89182cc940fffff,,,,,,,,,1,0.1
891909b6d97ffff,,,,,,,,,1,0.1
89194201a0fffff,,,,,,,,,1,0.1
89194a820dbffff,,,,,,,,,1,0.1
89194ad69d3ffff,,,,,,,,,1,0.1
891958b400fffff,,,,,,,,,1,0.1
89195cac557ffff,,,,,,,,,1,0.1
89195d2e3b3ffff,,,,,,,,,1,0.1
89197276043ffff,,,,,,,,,1,0.1
89182c16a5bffff,1,,,,,,,1,,1.2
89187412493ffff,1,,,,,,,,,1
891909b5d37ffff,1,,,,,,,3,,1.6
89194040b27ffff,1,,,,,,,,1,1.1
891942b9887ffff,1,,,,,,,,,1
89194a826afffff,1,,,,,,,,,1
891951a9c0fffff,1,,,,,,,,,1
891955d8e1bffff,1,,,,,,,,,1
89195a15037ffff,1,,,,,,,,,1
89195c462d7ffff,1,,,,,,,,1,1.1
89195cc204fffff,1,,,,,,,,,1
89195880393ffff,,,1,,,,,,,0.7
89195b12a0bffff,,,1,,,,,,,0.7
89195180edbffff,,,,,,,,,1,0.1
89195c64877ffff,,,,,,,,,1,0.1
8919519ac43ffff,,,,,,,,,1,0.1
89195991ec3ffff,,,,,,,,,1,0.1
891821c302bffff,,,,,,,,,1,0.1
89182564ab7ffff,,,,,,,,,1,0.1
891875d155bffff,,,,,,,,,1,0.1
8919097285bffff,,,,,,,,,1,0.1
89194041e1bffff,,,,,,,,,1,0.1
891940cd037ffff,,,,,,,,,1,0.1
8919410803bffff,,,,,,,,,1,0.1
8919410e53bffff,,,,,,,,,1,0.1
891941108d3ffff,,,,,,,,,1,0.1
8919413a04fffff,,,,,,,,,1,0.1
891941a8493ffff,,,,,,,,,1,0.1
89194202e5bffff,,,,,,,,,1,0.1
89194206ccfffff,,,,,,,,,1,0.1
89194231dc7ffff,,,,,,,,,1,0.1
891942388afffff,,,,,,,,,1,0.1
8919423b5c7ffff,,,,,,,,,1,0.1
8919424b0abffff,,,,,,,,,1,0.1
89194297083ffff,,,,,,,,,1,0.1
891942a1187ffff,,,,,,,,1,1,0.3
891942cc183ffff,,,,,,,,,1,0.1
891942cdc83ffff,,,,,,,,,1,0.1
8919465369bffff,,,,,,,,,1,0.1
8919466e52fffff,,,,,,,,,1,0.1
891946c864bffff,,,,,,,,,1,0.1
89194842367ffff,,,,,,,,,1,0.1
89194a0450bffff,,,,,,,,,1,0.1
89194e10c03ffff,,,,,,,,,1,0.1
89194e69073ffff,,,,,,,,,1,0.1
891950964b3ffff,,,,,,,,,1,0.1
8919510642fffff,,,,,,,,1,1,0.3
89195106433ffff,,,,,,,,,1,0.1
891951b4407ffff,,,,,,,,,1,0.1
89195288c8fffff,,,,,,,,,1,0.1
8919529a017ffff,,,,,,,,,1,0.1
891952ce38fffff,,,,,,,,,1,0.1
891952cf393ffff,,,,,,,,,1,0.1
891952d1533ffff,,,,,,,,,1,0.1
891952d4157ffff,,,,,,,,,1,0.1
8919546ed07ffff,,,,,,,,,1,0.1
891955658cfffff,,,,,,,,,1,0.1
891955b4d0fffff,,,,,,,,,1,0.1
891956266abffff,,,,,,,,,1,0.1
89195841ecbffff,,,,,,,,,1,0.1
89195848327ffff,,,,,,,,,1,0.1
8919584c4d7ffff,,,,,,,,,1,0.1
891958991c3ffff,,,,,,,,,1,0.1
891958a1947ffff,,,,,,,,,1,0.1
891958b5ab3ffff,,,,,,,,,1,0.1
89195991393ffff,,,,,,,,,1,0.1
891959a05bbffff,,,,,,,,,1,0.1
89195a2ccd3ffff,,,,,,,,,1,0.1
89195ab9943ffff,,,,,,,,,1,0.1
89195b15a8fffff,,,,,,,,,1,0.1
89195b7849bffff,,,,,,,,,1,0.1
89195b81ccbffff,,,,,,,,,1,0.1
89195b8c32bffff,,,,,,,,,1,0.1
89195c2166fffff,,,,,,,,,1,0.1
89195c38497ffff,,,,,,,,,1,0.1
89195d21c3bffff,,,,,,,,,1,0.1
89195d2349bffff,,,,,,,,,1,0.1
89195d34b77ffff,,,,,,,,,1,0.1
89195d4940bffff,,,,,,,,,1,0.1
89195d6258bffff,,,,,,,,,1,0.1
89195daeba3ffff,,,,,,,,,1,0.1
89195dcd39bffff,,,,,,,,,1,0.1
89195e95ba3ffff,,,,,,,,,1,0.1
891972740cfffff,,,,,,,,,1,0.1
891973513c7ffff,,,,,,,,,1,0.1
89190d8724bffff,,,,,,,,1,,0.2
8919426b6a3ffff,,,,,,,,1,,0.2
891942c59c3ffff,,,,,,,,2,1,0.5
89194317447ffff,,,,,,,,1,,0.2
89194a55537ffff,,,,,,,,1,,0.2
89194ab0303ffff,,,,,,,,2,,0.4
89194ac339bffff,,,,,,,,1,,0.2
89194ad8b33ffff,,,,,,,,1,,0.2
89194e21b43ffff,,,,,,,,1,,0.2
891955b8bb3ffff,,,,,,,,1,,0.2
8919584000bffff,,,,,,,,4,,0.8
89195844067ffff,,,,,,,,1,,0.2
8919584414fffff,,,,,,,,1,,0.2
891958446c3ffff,,,,,,,,1,1,0.3
891959b8a0fffff,,,,,,,,1,,0.2
89195a873cfffff,,,,,,,,1,,0.2
89195ab683bffff,,,,,,,,1,,0.2
89195ab68b3ffff,,,,,,,,2,,0.4
89195b445cbffff,,,,,,,,1,,0.2
89195c0c8d7ffff,,,,,,,,1,,0.2
89195d2c837ffff,,,,,,,,1,,0.2
89195d86dabffff,,,,,,,,5,,1
89195d88c97ffff,,,,,,,,1,,0.2
89195db1c33ffff,,,,,,,,1,,0.2
89195e6c18fffff,,,,,,,,1,,0.2
891953b6e47ffff,,,,,,,,1,,0.2
891801a4863ffff,,,,,,,,,1,0.1
89194e61acbffff,,,,,,,,,1,0.1
89195904ca7ffff,,,,,,,,,1,0.1
89182e5867bffff,,,,,,,,1,,0.2
891870d0287ffff,,,,,,,,1,,0.2
89194326d23ffff,,,,,,,,1,,0.2
8919465a43bffff,,,,,,,,1,,0.2
89194a8aa4bffff,,,,,,,,1,,0.2
89194ada537ffff,,,,,,,,1,,0.2
89194ada6bbffff,,,,,,,,2,,0.4
89194e750b7ffff,,,,,,,,1,,0.2
8919517604fffff,,,,,,,,1,,0.2
8919529a54bffff,,,,,,,,1,,0.2
89195865477ffff,,,,,,,,1,,0.2
89195873273ffff,,,,,,,,1,,0.2
891958c2b7bffff,,,,,,,,1,,0.2
89195917247ffff,,,,,,,,1,,0.2
891959d4ea3ffff,,,,,,,,1,,0.2
89195c711cfffff,,,,,,,,1,,0.2
89195cace6bffff,,,,,,,,1,,0.2
89195d3096bffff,,,,,,,,1,2,0.4
89195da490bffff,,,,,,,,1,,0.2
89195da6853ffff,,,,,,,,1,,0.2
89195da6c73ffff,,,,,,,,1,,0.2
892a4c140abffff,,,,,,,,1,,0.2
891941112d7ffff,,,,,,,,,1,0.1
89195abaed7ffff,,,,,,,,,1,0.1
89194aa85d3ffff,,,,,,,,,1,0.1
89195b9ae87ffff,,,,,,,,,1,0.1
89192871d0fffff,,,,,,,,,1,0.1
8919554616bffff,,,,,,,,,1,0.1
89194e0d06bffff,1,,,,,,,,,1
89194e592d3ffff,1,,,,,,,,,1
89195122643ffff,,,,,,,,,1,0.1
89195d6ab93ffff,,,,,,,,,1,0.1
8919584c17bffff,1,2,,1,1,,,4,3,5.3
89195d0997bffff,1,7,,,3,,,4,2,10.1
89182570c8bffff,,,,,1,,,1,,0.8
89182e58603ffff,2,1,,,1,,,4,1,4.4
89194840c67ffff,,,,,1,,,,,0.6
891948c020bffff,,1,,,2,,,,,2.1
89194a08bd7ffff,,,,,1,,,,,0.6
89194a0d3dbffff,,,,,1,,,,,0.6
89194a51813ffff,,,,,3,,,,,1.8
89194a7a28bffff,,,,,1,,,,,0.6
89194aa84a7ffff,,,,,1,,,,1,0.7
89194e38b23ffff,,,,,2,,,,,1.2
89194e6894bffff,,,,,1,,,,1,0.7
89194e873bbffff,1,1,,,2,,,1,1,3.4
891951b5e47ffff,,,,,2,,,1,1,1.5
89195844b6fffff,,3,,,1,,,3,3,4.2
891958b5a2bffff,,,,,2,,,,1,1.3
89195902447ffff,,,,,1,,,,1,0.7
89195c0594fffff,1,3,,,12,,,8,1,12.6
89195c4668bffff,,,,,1,,,1,,0.8
89195cb6607ffff,,,,,2,,,,,1.2
89195da4a2fffff,1,,,,1,,,4,,2.4
8919720880bffff,,,,,1,,,,,0.6
8919724dc1bffff,,,,,1,,,,1,0.7
8919728a563ffff,,,,,2,,,1,,1.4
891973323cbffff,,,,,1,,,,,0.6
891976c71a7ffff,,,,,1,,,1,,0.8
89182acaca3ffff,,4,,,1,,,2,1,4.7
89187460a9bffff,,,,1,2,,,1,,2.2
89190912a8fffff,,,,,1,,,1,1,0.9
89194a7218fffff,,7,,,5,,4,11,1,14.72
89194ad325bffff,,2,,,1,,,6,2,3.8
89194ad9d0bffff,1,5,,1,4,,,2,,9.1
89194e6d29bffff,,2,,,1,,,2,,2.8
89194ec9a47ffff,2,11,,1,2,,,20,2,18.1
89194ec9ad3ffff,1,5,,,1,,,4,,6.9
8919543b5c7ffff,,1,,,1,,,,,1.5
891959b446fffff,3,2,,,1,,,6,2,6.8
89195c00b03ffff,,2,,,2,,,1,,3.2
89195c2b607ffff,,2,,,4,,,2,,4.6
89195cb2d67ffff,,1,,,1,,,,,1.5
89195cd819bffff,2,1,,1,1,,,8,,5.9
89195d2cc2bffff,2,3,,1,1,,,1,1,6.4
89195da4853ffff,,,,,1,,,,,0.6
89195da74bbffff,3,4,,,4,,,5,2,10.2
89180195903ffff,,,,,,,,1,,0.2
89182125a7bffff,,1,,,,,,3,,1.5
8918250add3ffff,,,,,,,,2,,0.4
8919424c5dbffff,,,,,,,,2,1,0.5
891951b7193ffff,,,,,,,,1,,0.2
891959025bbffff,,,,,,,,1,,0.2
89195b70613ffff,,,,,,,,2,,0.4
8919727610bffff,3,1,,,,,,6,,5.1
8919727658bffff,,,,,,,,3,,0.6
89197300cbbffff,,,,,,,,1,,0.2
89194ad31c7ffff,,,,,,,1,,,0.78
89194e69883ffff,,,,,,,1,,,0.78
89194ad2673ffff,,,,,,,,1,1,0.3
891952d45abffff,,,,,,,,,1,0.1
89194e026afffff,,,,,,,,,1,0.1
89195910b57ffff,,,,,,,,1,1,0.3
89195a14287ffff,,,,,,,,1,1,0.3
89194a1a6b3ffff,,,,,1,,,1,,0.8
89180130497ffff,,,,,,,,1,,0.2
891805b4317ffff,3,3,,,,,,6,2,7.1
89182c12867ffff,,,,,,,,1,,0.2
89182c16e27ffff,1,,,,,,,1,,1.2
89182e5b307ffff,,,,,,,,1,,0.2
89182ec6abbffff,,,,,,,,2,,0.4
8918746c007ffff,,,,,,,,1,,0.2
89187471ac7ffff,,,,,,,,1,,0.2
891874add8bffff,,,,,,,,1,,0.2
891909125bbffff,,,,,,,,1,1,0.3
8919092cc63ffff,3,3,,,,,,5,,6.7
891909a6ab7ffff,,,,,,,,1,,0.2
891909ace2bffff,,,,,,,,1,,0.2
891928d5b0bffff,,,,,,,,2,1,0.5
89194041d1bffff,,,,,,,,1,,0.2
89194073447ffff,,,,,,,,1,,0.2
891941209b3ffff,1,,,,,,,3,,1.6
8919413b433ffff,,,,,,,,1,,0.2
8919414a5cfffff,,1,,,,,,2,,1.3
8919420d9afffff,,,,,,,,1,,0.2
8919423940bffff,,,,,,,,1,,0.2
8919429ac57ffff,,,,,,,,2,,0.4
891942c5d47ffff,,2,,,,,,8,,3.4
891942cdc0fffff,,,,,,,,1,,0.2
891942ce84fffff,1,,,,,,,2,,1.4
891942cf58bffff,,1,,,,,,1,,1.1
891942d528bffff,,,,,,,,2,,0.4
891946cd90bffff,1,,,,,,,1,,1.2
89194853363ffff,,1,,,,,,3,,1.5
89194a0d3c3ffff,1,,,,,,,3,,1.6
89194a133cfffff,,,,,,,,1,,0.2
89194a44d87ffff,,,,,,,,1,,0.2
89194ac2667ffff,,9,,,,,,3,,8.7
89194acccb3ffff,,,,,,,,1,,0.2
89194ad2307ffff,,,,,,,,2,2,0.6
89194ad30afffff,2,,,,,,,3,1,2.7
89194ad649bffff,,,,,,,,1,1,0.3
89194ad9437ffff,2,,,,,,,6,,3.2
89194ada143ffff,,,,,,,,2,,0.4
89194adb52fffff,,,,,,,,2,1,0.5
89194e2d5a3ffff,,,,,,,,1,,0.2
89194e38257ffff,,,,,,,,1,,0.2
89194e6983bffff,,,,,,,,1,,0.2
89194e69d83ffff,,,,,,,,1,,0.2
89194e9b143ffff,,,,,,,,1,,0.2
89194ec12d7ffff,,,,,,,,1,1,0.3
89194ed6a47ffff,,1,,,,,,1,,1.1
8919510c0d7ffff,1,1,,1,,,,1,,2.9
89195189c0fffff,,,,1,,,,1,1,1.1
891951a2d57ffff,,,,,,,,1,,0.2
891951a55a7ffff,,,,,,,,1,,0.2
891951b0c8bffff,,,,,,,,1,,0.2
891951b5cdbffff,,,,,,,,1,,0.2
891952d4587ffff,,,,,,,,1,,0.2
89195550cafffff,,,,,,,,1,,0.2
89195572893ffff,,,,,,,,1,,0.2
891955b0533ffff,,,,,,,,1,,0.2
8919583732bffff,,,,,,,,1,,0.2
89195876c97ffff,,,,,,,,1,,0.2
89195879b53ffff,1,,,,,,,2,,1.4
8919590e987ffff,,,,,,,,1,,0.2
891959793b3ffff,,,,,,,,1,1,0.3
891959a16b7ffff,,3,,,,,,2,,3.1
89195b4e88bffff,,,,,,,,1,1,0.3
89195b9a977ffff,,,,,,,,1,,0.2
89195bc71b3ffff,,,,,,,,1,,0.2
89195c14dd7ffff,1,,,,,,,1,,1.2
89195c2a1d3ffff,,,,,,,,1,,0.2
89195c34183ffff,,,,,,,,1,,0.2
89195ca1a83ffff,,,,,,,,2,1,0.5
89195d09a4bffff,1,1,,,,,,1,,2.1
89195d24babffff,,,,,,,,1,,0.2
89195d29487ffff,1,1,,,,,,1,4,2.5
89195d635a7ffff,,,,,,,,1,,0.2
89195d82433ffff,,,,,,,,1,,0.2
89195d90b77ffff,1,2,,,,,,3,,3.4
89195da4b43ffff,,1,,,,,,8,,2.5
89195da4b5bffff,,,,,,,,3,,0.6
89195da5d67ffff,,,,,,,,1,,0.2
89195dace7bffff,1,1,,,,,,1,,2.1
89195dcc813ffff,,,,,,,,1,,0.2
89195dd5b67ffff,,1,,,,,,1,1,1.2
89197200a13ffff,,,,,,,,1,,0.2
8919720cb23ffff,1,2,,,,,,4,,3.6
8919720cbb7ffff,,,,,,,,1,,0.2
891973d844bffff,,,,,,,,1,,0.2
891976bb63bffff,,,,,,,,1,,0.2
89194ac2673ffff,,,,,,,,1,1,0.3
8919410ea07ffff,,,,,,,,,1,0.1
89195cc05dbffff,,,,,,,,,1,0.1
891805b4303ffff,,2,,,,,,2,1,2.3
8918747ad3bffff,,,,,,,,,1,0.1
8919410c193ffff,,,,,,,,,2,0.2
891941aab8bffff,,,,,,,,,1,0.1
89195c34023ffff,,,,,,,,,2,0.2
891828c0063ffff,,,,,,,,,1,0.1
89182c8c007ffff,,,,,,,,,1,0.1
89195c3b6d7ffff,,,,,,,,,1,0.1
891972760d3ffff,1,,,,,,,,,1
891909ac48bffff,,,,,,,,,1,0.1
89195da4b2bffff,,,,,,,,1,1,0.3
89194046a6bffff,2,1,,,,,,,1,3
891959704abffff,1,,,,,,,,,1
89195d04e2fffff,1,,,,,,,,,1
89195da7347ffff,1,,,,,,,,,1
89195dbad9bffff,1,,,,,,,,,1
89197272377ffff,1,,,,,,,1,,1.2
8919768eb5bffff,1,,,,,,,,,1
89182a04aa7ffff,1,,,,,,,,,1
891942cde2fffff,3,,,,,,,,1,3.1
891943d08c3ffff,1,2,,,,,,,,2.8
89194ac0473ffff,1,,,,,,,,,1
89194ec9e77ffff,1,,,,,,,,,1
89194a795d3ffff,,,,,,,,,1,0.1
8918059467bffff,,1,,,,,,,1,1
89182c81bbbffff,,1,,,,,,,,0.9
89187406b67ffff,,1,,,,,,,,0.9
8919013a8d7ffff,,1,,,,,,,,0.9
8919413655bffff,,1,,,,,,,,0.9
89194659333ffff,3,2,,,,,,3,,5.4
89194a0d23bffff,,2,,,,,3,1,,4.34
89194a542dbffff,,1,,,,,,,1,1
89194a790cbffff,,1,,,,,,,,0.9
89194adac7bffff,,1,,,,,,,,0.9
89194e65ccfffff,,1,,,,,,,,0.9
89194e66207ffff,,1,,,,,,,,0.9
89194e6a643ffff,,1,,,,,,,,0.9
89195105693ffff,,1,,,,,,,,0.9
89195107337ffff,,1,,,,1,,1,,1.85
891951b0d0bffff,,1,,,,,,,,0.9
8919521921bffff,,1,,,,,,,,0.9
89195564e7bffff,,2,,,,,,1,,2
8919584ee4bffff,,2,,,,,,4,,2.6
8919586e44fffff,,1,,,,,,,,0.9
8919588c56bffff,,1,,,,,,,,0.9
891958c2b1bffff,,1,,,,,,,1,1
891959b9aabffff,,1,,,,,,,1,1
89195a42893ffff,,1,,,,,,,,0.9
89195aa0283ffff,,1,,,,,,,,0.9
89195b615dbffff,,1,,,,,,,1,1
89195b7a913ffff,,1,,,,,,,,0.9
89195c3b2d3ffff,,2,,,,,,,,1.8
89195cac647ffff,,2,,,,,,,,1.8
89195cd118fffff,,2,,,,,,3,,2.4
89195d09297ffff,,1,,,,,,1,,1.1
89195d22947ffff,,1,,,,,,,,0.9
89195d24aabffff,,1,,,,,,,,0.9
89195d451cfffff,,1,,,,,,,,0.9
89195d90bafffff,,1,,,,,,,,0.9
89195da52cfffff,,1,,,,,,,,0.9
89195dd71cfffff,,2,,,,,,1,,2
89197238acbffff,,1,,,,,,,,0.9
8919728b18bffff,,2,,,,,,,,1.8
89197322a7bffff,,2,,,,,,,,1.8
891973352dbffff,,3,,,,,,1,,2.9
89197335a5bffff,,1,,,,,,,,0.9
8919768ea83ffff,,1,,,,,,,,0.9
891942048dbffff,,,,,,,,,1,0.1
891946440dbffff,,,,,,,,,1,0.1
89194e9648bffff,,,,,,,,,1,0.1
89194ed41cbffff,,,,,,,,,1,0.1
89195180847ffff,,,,,,,,,1,0.1
891951b7167ffff,,,,,,,,,1,0.1
8919598cdd3ffff,,,,,,,,,1,0.1
89195d2425bffff,,,,,,,,,1,0.1
89195dd73c7ffff,,,,,,,,,1,0.1
89195910b23ffff,1,,,,,,,,,1
89197316dafffff,,,,,,,,,1,0.1
8919518e0c7ffff,,,,1,,,,,,0.8
8919420b2cfffff,1,,,1,,,,1,,2
891943586b3ffff,,,,1,,,,,,0.8
8919512b057ffff,,,,1,,,,,,0.8
891951b08a7ffff,,,,1,,,,,,0.8
89195910357ffff,,,,1,,,,,1,0.9
891972085a7ffff,,,,1,,,,,,0.8
89195d726bbffff,,1,,,,,,,,0.9
89194a721c3ffff,,,,,,,4,,,3.12
891909aca1bffff,,,,,,,,,1,0.1
89194aa84abffff,,,,,,,,,1,0.1
89194ad1483ffff,,,,,,,,3,1,0.7
89194ed1d83ffff,1,,,,,,,,1,1.1
89195117333ffff,,,,,,,,,1,0.1
89195a8ecd3ffff,,,,,,,,,1,0.1
89197316373ffff,,,,,,,,,1,0.1
8918230f543ffff,1,,,,,,,,,1
891909af68fffff,1,,,,,,,2,,1.4
89194136423ffff,1,,,,,,,,,1
891943202afffff,1,,,,,,,,,1
8919435813bffff,1,,,,,,,,,1
89194651343ffff,1,,,,,,,,,1
891946c9603ffff,1,,,,,,,,,1
89194ad8193ffff,1,,,,,,,,,1
89194e7b3a7ffff,1,,,,,,,,,1
89194ec99abffff,1,,,,,,,,,1
89195104037ffff,1,,,,,,,1,,1.2
891954da213ffff,1,,,,,,,,,1
8919582b2abffff,1,,,,,,,,,1
891959a3493ffff,1,,,,,,,,1,1.1
891959ab027ffff,1,,,,,,,,,1
89195b4ce57ffff,1,,,,,,,,1,1.1
89195c8ea97ffff,1,,,,,,,,,1
89195cc222bffff,1,,,,,,,,,1
8919723a5cfffff,1,,,,,,,,,1
8919733533bffff,1,,,,,,,,,1
89195da1127ffff,,,,,,,,2,1,0.5
89197336603ffff,,,1,,,,,,,0.7
89194ac229bffff,,,,,,,,1,1,0.3
89182315a3bffff,,,,,,,,,1,0.1
8918218ab23ffff,,,,,,,,,1,0.1
891821d284fffff,,,,,,,,,1,0.1
89182536823ffff,,,,,,,,,1,0.1
891825660a7ffff,,,,,,,,,1,0.1
89182572ea7ffff,,,,,,,,,1,0.1
891825853bbffff,,,,,,,,1,1,0.3
891825a15a3ffff,,,,,,,,,1,0.1
891825ad49bffff,,,,,,,,,1,0.1
89182d25ba3ffff,,,,,,,,,1,0.1
891870d122fffff,,,,,,,,,1,0.1
891874a0ecbffff,,,,,,,,,1,0.1
891874a5527ffff,,,,,,,,,1,0.1
8919098eb6bffff,,,,,,,,,1,0.1
891928c592fffff,,,,,,,,,1,0.1
8919404f0a7ffff,,,,,,,,,1,0.1
89194058d37ffff,,,,,,,,,1,0.1
8919410e397ffff,,,,,,,,,1,0.1
89194146e67ffff,,,,,,,,,1,0.1
8919417b2c7ffff,,,,,,,,,1,0.1
89194204e6fffff,,,,,,,,,1,0.1
8919420d42bffff,,,,,,,,,1,0.1
8919421acb3ffff,,,,,,,,,1,0.1
89194238ed3ffff,,,,,,,,,1,0.1
891942761dbffff,,,,,,,,,1,0.1
891942c423bffff,,,,,,,,,1,0.1
89194335b87ffff,,,,,,,,,1,0.1
8919434db7bffff,,,,,,,,,1,0.1
89194607017ffff,,,,,,,,,1,0.1
891946cb377ffff,,,,,,,,,1,0.1
89194a0e533ffff,,,,,,,,,1,0.1
89194a722cbffff,,,,,,,,,1,0.1
891951040afffff,,,,,,,,,1,0.1
891951061c3ffff,,,,,,,,,1,0.1
891951071bbffff,,,,,,,,,1,0.1
89195115877ffff,,,,,,,,,1,0.1
89195181cc7ffff,,,,,,,,,1,0.1
89195196ad7ffff,,,,,,,,,1,0.1
8919528b21bffff,,,,,,,,,1,0.1
891952d0297ffff,,,,,,,,,1,0.1
891952d4567ffff,,,,,,,,,1,0.1
89195564537ffff,,,,,,,,,1,0.1
89195641e37ffff,,,,,,,,,1,0.1
891958ac8d3ffff,,,,,,,,,1,0.1
891958ae3d7ffff,,,,,,,,,1,0.1
891958b5a9bffff,,,,,,,,,1,0.1
8919591568fffff,,,,,,,,,1,0.1
891959315c7ffff,,,,,,,,,1,0.1
89195978d87ffff,,,,,,,,,1,0.1
89195b468d7ffff,,,,,,,,,1,0.1
89195b6a897ffff,,,,,,,,,1,0.1
89195bd51d3ffff,,,,,,,,,2,0.2
89195c0d1b7ffff,,,,,,,,,1,0.1
89195c1a327ffff,,,,,,,,,1,0.1
89195c38603ffff,,,,,,,,,1,0.1
89195ca8c23ffff,,,,,,,,,1,0.1
89195cac2c7ffff,,,,,,,,,1,0.1
89195cb3237ffff,,,,,,,,,1,0.1
89195cc8483ffff,,,,,,,,,1,0.1
89195d30943ffff,,,,,,,,,1,0.1
89195d77467ffff,,,,,,,,,1,0.1
89195e19cbbffff,,,,,,,,,1,0.1
89195e46b6fffff,,,,,,,,,1,0.1
89195e96493ffff,,,,,,,,,1,0.1
89197201923ffff,,,,,,,,,1,0.1
89197300ec3ffff,,,,,,,,,1,0.1
8919733448fffff,,,,,,,,,1,0.1
8919733551bffff,,,,,,,,,1,0.1
891973d35cfffff,,,,,,,,,1,0.1
8918743835bffff,,,,,,,,1,,0.2
891875d126bffff,,,,,,,,1,,0.2
89190eb6b57ffff,,,,,,,,1,,0.2
891942548abffff,,,,,,,,1,,0.2
8919429a8afffff,,,,,,,,1,,0.2
891942c59cbffff,,,,,,,,1,,0.2
8919430f03bffff,,,,,,,,1,,0.2
8919434abcfffff,,,,,,,,1,,0.2
8919462f1bbffff,,,,,,,,1,,0.2
891946558d3ffff,,,,,,,,1,,0.2
891948503b3ffff,,,,,,,,1,,0.2
8919519a8d3ffff,,,,,,,,1,,0.2
89195812a37ffff,,,,,,,,1,,0.2
891958473d7ffff,,,,,,,,1,,0.2
891958712d7ffff,,,,,,,,1,,0.2
891959168a3ffff,,,,,,,,1,,0.2
89195a11847ffff,,,,,,,,1,,0.2
89195ab6e0bffff,,,,,,,,1,,0.2
89195c956c3ffff,,,,,,,,1,,0.2
89195cc0c3bffff,,,,,,,,1,,0.2
89195cd192bffff,,,,,,,,1,,0.2
89195d44aabffff,,,,,,,,1,,0.2
89195dac417ffff,,,,,,,,1,,0.2
89197279367ffff,,,,,,,,1,,0.2
89182e4857bffff,,,,,,,,,1,0.1
891909ac5cbffff,,,,,,,,,1,0.1
89194116d97ffff,,,,,,,,,1,0.1
89194e8464bffff,,,,,,,,,1,0.1
89195c05537ffff,,,,,,,,,1,0.1
89182c0aa8bffff,,,,,,,,1,,0.2
89182c8db0fffff,,,,,,,,1,,0.2
89190e065cfffff,,,,,,,,1,,0.2
89194042ab3ffff,,,,,,,,1,,0.2
8919421a953ffff,,,,,,,,1,,0.2
891942ccc47ffff,,,,,,,,1,,0.2
891942d5297ffff,,,,,,,,1,,0.2
891943713d7ffff,,,,,,,,1,,0.2
89194ad99a7ffff,,,,,,,,1,1,0.3
89194adb427ffff,,,,,,,,1,,0.2
891951b0cdbffff,,,,,,,,1,,0.2
8919588c097ffff,,,,,,,,1,,0.2
891959d4e3bffff,,,,,,,,1,,0.2
89195b7049bffff,,,,,,,,1,,0.2
89195ca017bffff,,,,,,1,,1,,0.95
89195d32253ffff,,,,,,,,1,,0.2
89190a8e18fffff,,,,,,,,,2,0.2
89194358677ffff,,,,,,,,,1,0.1
891946cdb0fffff,,,,,,,,,1,0.1
89194ad333bffff,,,,,,,,,1,0.1
89195c068a7ffff,,,,,,,,,1,0.1
8919727622bffff,,,,,,,,,1,0.1
89194276017ffff,,,,,,,,,1,0.1
89182e81097ffff,,,,,,,,,1,0.1
89194358207ffff,1,,,,,,,,,1
891943593bbffff,1,,,,,,,,,1
89197276147ffff,1,,,,,,,,,1
8919583930fffff,1,,,,,,,,1,1.1
89195910a2fffff,,,,,,,,,1,0.1
8919597998bffff,,,,,,,,2,2,0.6
89182368873ffff,,,,,1,,,2,,1
89182c1748fffff,1,3,,,1,2,,8,2,7.6
8919422f0cfffff,,1,,,1,,,,,1.5
89194a4db97ffff,,,,,1,,,,,0.6
89194a56497ffff,,,,,1,,,,1,0.7
89194a8268bffff,,,,,1,,,,,0.6
89194e2dc03ffff,,1,,,1,,,,,1.5
891959024c7ffff,,,,,1,,,,1,0.7
891959aa207ffff,,1,,,1,,,1,,1.7
891959b84a3ffff,,3,,,1,,,,,3.3
891959b85c3ffff,2,1,,,1,,,2,1,4
89195c0eb4fffff,,,,,2,,,,2,1.4
89195c34033ffff,,1,,,3,,,5,1,3.8
89195c64a27ffff,,,,,1,,,,,0.6
89195da5da3ffff,,,,,1,,,,,0.6
89195da6c53ffff,,,,,2,,1,3,,2.58
89195da6eabffff,,,,,1,,,5,,1.6
89197238437ffff,,,,,1,,,,,0.6
891805b43abffff,3,,,,2,,,6,3,5.7
89182a3a04fffff,,,,,1,,,,,0.6
89182a9460fffff,,,,,1,,,,,0.6
89182c10b4fffff,3,,,,1,,,2,,4
89182c8c02fffff,,,,,1,,,,,0.6
89182ea594bffff,,,,,1,,,,1,0.7
89194ac1483ffff,2,1,,,2,,,6,1,5.4
89194ad160bffff,1,,,,1,,,,,1.6
8919513203bffff,1,,,,1,,,4,1,2.5
8919527262fffff,,,,,1,,,,1,0.7
89195d048b3ffff,2,5,,,8,,,21,2,15.7
89195da4dbbffff,,,,,1,,,3,,1.2
89195dd5b33ffff,,,,,1,,,,,0.6
89197273183ffff,,,,,3,,,,1,1.9
89182150e5bffff,,,,,,,,1,,0.2
89194a721bbffff,1,1,,,,,2,11,1,5.76
89194ad32d3ffff,,,,,,,,3,,0.6
89194ec9a57ffff,1,1,,,,,,15,2,5.1
8919511214bffff,,,,,,,,2,,0.4
891951a6547ffff,,,,,,,,5,,1
89195b61b97ffff,,,,,,,,1,,0.2
89195c0c887ffff,,,,,,,,2,,0.4
89194305c0fffff,,,,,,,2,,,1.56
89195a1421bffff,1,,,,,,2,,,2.56
89195b73613ffff,,,,,,,1,,,0.78
891952d45bbffff,,,,,,,,,1,0.1
89182a306dbffff,,,,,,,,,1,0.1
89182c8c52bffff,,,,,,,,,1,0.1
891959a2297ffff,,,,,,,,,1,0.1
891972ae657ffff,,,,,,,,,1,0.1
89195da64c3ffff,1,1,,1,1,,,5,,4.3
891821068a3ffff,,,,,,,,1,,0.2
8918214ed23ffff,,,,,,,,2,,0.4
89182a3a1c3ffff,,,,,,,,1,,0.2
89182c1322fffff,,,,,,,,1,1,0.3
89182c16107ffff,,,,,,,,3,,0.6
89182c98d17ffff,,,,,,,,1,,0.2
89182c9a20bffff,,,,,,,,1,,0.2
89182c9b20fffff,,,,,,,,1,,0.2
891870d44cfffff,,,,,,,,1,,0.2
8919083922fffff,,,,,,,,1,,0.2
891908893d3ffff,,,,,,,,1,,0.2
891908d104fffff,,,,,,,,1,,0.2
891909ae433ffff,,,,,,,,1,1,0.3
89192b3ac3bffff,,,,,,,,1,,0.2
8919410c52bffff,,,,,,,,1,,0.2
89194225217ffff,,,,,,,,1,,0.2
89194239e73ffff,,,,,,,,1,,0.2
89194252427ffff,,,,,,,,1,1,0.3
8919425488fffff,,,,,,,,1,,0.2
891942608abffff,,,,,,,,1,,0.2
8919426de23ffff,,,,,,,,1,,0.2
8919429a827ffff,,1,,,,,,5,,1.9
891942cd013ffff,1,4,,1,,,,7,2,7
89194307163ffff,,,,,,,,1,,0.2
8919435807bffff,,2,,,,,,2,,2.2
891948c1c0bffff,,,,,,,,1,,0.2
89194a02667ffff,,,,,,,,1,,0.2
89194a72563ffff,,,,,,,,1,,0.2
89194ad1c77ffff,,,,,,,,1,,0.2
89194ad2e53ffff,,1,,,,,,6,,2.1
89194ad3447ffff,,2,,,,,,4,2,2.8
89194adb58bffff,,,,,,,,1,,0.2
89194c5a58bffff,,,,,,,,1,,0.2
89194e26acbffff,,,,,,,,1,,0.2
89194e535c7ffff,,,,,,,,2,,0.4
89194e623cfffff,1,,,,,,,2,,1.4
89194e64183ffff,,,,,,,,1,,0.2
89194e94d03ffff,,,,,,,,1,,0.2
8919510469bffff,,,,,,,,1,,0.2
89195162173ffff,,,,,,,,1,,0.2
891951855d3ffff,,,,,,,,1,1,0.3
891951a2d1bffff,,,,,,,,1,,0.2
891951b0d9bffff,,,,,,,,1,,0.2
891951b720bffff,,,,,,,,4,,0.8
89195546983ffff,,,,,,,,2,1,0.5
89195555693ffff,,,,,,,,1,,0.2
89195822e9bffff,,,,,,,,1,,0.2
89195879aa7ffff,,2,,,,,,5,,2.8
8919588c513ffff,,,,,,,,1,,0.2
89195904cabffff,2,1,,,,,,2,,3.3
8919597154fffff,,,,,,,,1,,0.2
891959aa2c3ffff,1,,,,,,,8,1,2.7
891959b09d3ffff,,2,,,,,,2,,2.2
89195aaa873ffff,,4,,,,,,8,6,5.8
89195ab6b3bffff,,,,,,,,1,1,0.3
89195bcd383ffff,,1,,,,,,1,,1.1
89195c0e0d7ffff,,,,,,,,1,,0.2
89195c29523ffff,,,,,,,,1,,0.2
89195c34117ffff,1,,,,,,,1,,1.2
89195c81967ffff,,,,,,,,1,,0.2
89195ca5927ffff,,3,,,,,,1,,2.9
89195cb6293ffff,1,1,,,,,,1,,2.1
89195cb6643ffff,,,,,,,,2,,0.4
89195cb6663ffff,,,,,,,,2,,0.4
89195cbb4c3ffff,,,,,,,,1,,0.2
89195d0998fffff,,,,,,,,1,,0.2
89195d283cfffff,,,,,,,,1,,0.2
89195d2ad9bffff,,,,,,,,1,1,0.3
89195d2b0b3ffff,,1,,,,,,1,,1.1
89195d2f487ffff,,,,,,,,1,1,0.3
89195d3427bffff,,,,,,,,3,1,0.7
89195d450bbffff,,,,,,,,1,,0.2
89195da319bffff,,,,,,,,1,,0.2
89195da49a3ffff,,1,,,,,,3,1,1.6
89195da5c93ffff,,,,,,,,1,,0.2
89195dcd3c3ffff,,,,,,,,1,,0.2
891972386b3ffff,,1,,,,,,2,,1.3
89197239417ffff,,,,,,,,1,,0.2
891972621dbffff,,,,,,,,1,,0.2
89197276563ffff,,,,,,,,1,,0.2
89197279c5bffff,,,,,,,,1,,0.2
891972cc0d3ffff,,,,,,,,2,,0.4
891972cc197ffff,,,,,,,,7,,1.4
8919768cd8fffff,,1,,,,,,1,1,1.2
891976b96bbffff,,1,,,,,,4,,1.7
891976c06a7ffff,,,,,,,,1,,0.2
89194adb007ffff,,1,,,,,,,1,1
8919407262fffff,,,,,,,,1,1,0.3
891948c1dc7ffff,,,,,,,,,1,0.1
89194ad33afffff,,,,,,,,1,2,0.4
8919517ab67ffff,,,,,,,,,4,0.4
89180194403ffff,,,,,,,,,1,0.1
89182334e8fffff,,,,,,,,,1,0.1
8919410559bffff,,,,,,,,,1,0.1
89194e6e84fffff,,,,,,,,,1,0.1
89195946ab7ffff,,,,,,,,,1,0.1
89195aa06d7ffff,,,,,,,,,1,0.1
89195c3402fffff,,,,,,,,,3,0.3
89195dd6583ffff,,,,,,,,,1,0.1
89195d8dd0fffff,,,,,,,,,1,0.1
891959714c3ffff,1,2,,1,,,,1,1,3.9
89195d3181bffff,1,,,,,,,,,1
89195da48a7ffff,1,,,,,,,,,1
89195131293ffff,1,,,,,,,,1,1.1
8919587b2b3ffff,,,,,,,,,1,0.1
89195ab6593ffff,,,,,,,,,1,0.1
89182c8f2a3ffff,1,,,,,,,,,1
89187439c97ffff,1,,,,,,,,1,1.1
891942c4e77ffff,1,,,,,,,,,1
891946cd85bffff,1,1,,,,,,,,1.9
89194adb393ffff,1,,,,,,,,,1
89194e4ec8fffff,1,,,,,,,,,1
89194e72d93ffff,1,,,,,,,1,,1.2
891951b4003ffff,2,,,,,,,,,2
89195569c97ffff,1,,,,,,,,,1
89195d2b397ffff,1,1,,,,,,1,,2.1
8919720c607ffff,1,1,,,,,,,,1.9
89182e591d3ffff,1,,,,,,,1,,1.2
8919518c403ffff,1,,,,,,,,1,1.1
89195dd9b4bffff,1,,,,,,,,,1
891942426b7ffff,,,,,,,,2,1,0.5
8918215a11bffff,,1,,,,,,,,0.9
89182584213ffff,,1,,,,,,,1,1
89182a7184fffff,,1,,,,,,,,0.9
89182cab053ffff,,1,,,,,,,,0.9
89182e6f1a3ffff,1,1,,,,,,,1,2
89187476c83ffff,,1,,,,,,,,0.9
89190b9190bffff,,1,,,,,,,,0.9
891942102abffff,,1,,,,,,,,0.9
89194220b8fffff,,2,,,,,,1,,2
89194254d73ffff,,1,,,,,,,,0.9
891942563abffff,,1,,,,,,,,0.9
891942c4e63ffff,,1,,,,,,,,0.9
8919433b0a7ffff,,1,,,,,,,,0.9
89194359c47ffff,,1,,,,,,,,0.9
891948c0203ffff,,1,,,,,,,,0.9
891948c0acbffff,,1,,,,,,,,0.9
89194a79637ffff,,1,,,,,,,,0.9
89194ad819bffff,,1,,,,,,,,0.9
89194e2a40fffff,,1,,,,,,,,0.9
89194e62303ffff,,1,,,,,,1,,1.1
89194e6913bffff,,1,,,,,,,,0.9
89194e699abffff,,1,,,,,,,,0.9
89195107307ffff,,1,,,,,,,,0.9
8919510e12fffff,,1,,,,,,,,0.9
8919512f297ffff,,2,,,,,,,,1.8
891952728abffff,,1,,,,,,,,0.9
891952c64c7ffff,,2,,,,,,,1,1.9
8919584498bffff,,2,,,,,,3,5,2.9
8919586b6a7ffff,,2,,,,,,,,1.8
8919591405bffff,,1,,,,,,,,0.9
89195991c4bffff,,1,,,,,,,,0.9
89195aaa803ffff,,1,,,,,,,1,1
89195ab6293ffff,,1,,,,,,,,0.9
89195c5aa17ffff,,1,,,,,,,,0.9
89195c95133ffff,1,1,,,,,,,,1.9
89195da1103ffff,,1,,1,,,,1,,1.9
89195da5ecfffff,,1,,,,,,,,0.9
89195dcd2afffff,,1,,,,,,,,0.9
8919720c96fffff,,1,,,,,,,,0.9
89197239d93ffff,,1,,,,,,,,0.9
89197276143ffff,,1,,,,,,1,,1.1
89197336217ffff,1,1,,,,,,,,1.9
891976bb647ffff,,1,,,,,,,,0.9
891805b4393ffff,,,,,,,,,1,0.1
89187470963ffff,,,,,,,,,1,0.1
89190c3322bffff,,,,,,,,,4,0.4
8919436ce07ffff,,,,,,,,,1,0.1
8919518643bffff,,,,,,,,,1,0.1
891952c64cfffff,,,,,,,,,1,0.1
89195539603ffff,,,,,,,,,1,0.1
891959cce07ffff,,,,,,,,,1,0.1
89195d2132bffff,,,,,,,,,1,0.1
89195eab623ffff,,,,,,,,,1,0.1
89194e69da7ffff,,,,1,,,,1,,1
89195b6803bffff,,,,1,,,,,,0.8
891946ad073ffff,,,,1,,,,,1,0.9
89194ad061bffff,,,,1,,,,,,0.8
89195190b2fffff,,,,1,,,,,1,0.9
89195876293ffff,,,,1,,,,,,0.8
89195ab6b33ffff,1,,,1,,,,1,,2
89195b4ce1bffff,,,,1,,,,,,0.8
89195d098b3ffff,,,,1,,,,,,0.8
89194ad3143ffff,,1,,,,,,1,,1.1
89195da6aafffff,,1,,,,,,,1,1
89195d3adafffff,,,,1,,,,,,0.8
89194a722a3ffff,,,,,,,1,,,0.78
89195c3847bffff,,,,,,,,,1,0.1
89195cc2a2fffff,,,,,,,,,1,0.1
89195da580fffff,,,,,,,,,1,0.1
89187474953ffff,,,,,,,1,,,0.78
89182ac6e37ffff,1,,,,,,,,,1
89182c1704fffff,1,,,,,,,,,1
89182c8d163ffff,1,,,,,,,,,1
89182e5825bffff,1,,,,,,,1,1,1.3
89190922973ffff,2,,,,,,,,,2
891909af37bffff,1,,,,,,,,,1
8919429ab47ffff,1,,,,,,,,,1
89194ad2133ffff,2,,,,,,,,1,2.1
89194e65087ffff,1,,,,,,,,,1
89194e75c2bffff,1,,,,,,,,,1
89194ec128bffff,1,,,,,,,,,1
8919512f063ffff,1,,,,,,,,,1
891954d1587ffff,1,,,,,,,,,1
891959a05cbffff,1,,,,,,,,,1
891959d5dbbffff,1,,,,,,,,,1
89195cc32d7ffff,1,,,,,,,,,1
89195d5592fffff,1,,,,,,,3,,1.6
89197216e4bffff,1,,,,,,,,1,1.1
8919723a133ffff,1,,,,,,,,,1
8919727430bffff,1,,,,,,,,,1
891972763abffff,1,,,,,,,,,1
89195876d93ffff,,,,,,,,,1,0.1
8919434b637ffff,,,,,,,,,1,0.1
89194a5466bffff,,,,,,,,,1,0.1
8918219657bffff,,,,,,,,,1,0.1
891823a929bffff,,,,,,,,,1,0.1
89182501353ffff,,,,,,,,,1,0.1
89182575cabffff,,,,,,,,,1,0.1
89182585b2fffff,,,,,,,,,1,0.1
89190c0f573ffff,,,,,,,,,1,0.1
89190e2de63ffff,,,,,,,,,1,0.1
8919412a36fffff,,,,,,,,,1,0.1
891941312c3ffff,,,,,,,,1,1,0.3
8919420cad7ffff,,,,,,,,,1,0.1
89194212a7bffff,,,,,,,,,1,0.1
8919422b16fffff,,,,,,,,,1,0.1
891942385d3ffff,,,,,,,,,1,0.1
89194254493ffff,,,,,,,,,1,0.1
891942a8a6bffff,,,,,,,,,1,0.1
891942b0ecbffff,,,,,,,,,1,0.1
891942cd37bffff,,,,,,,,,1,0.1
891942cdc27ffff,,,,,,,,,1,0.1
89194336857ffff,,,,,,,,,1,0.1
89194634b73ffff,,,,,,,,,1,0.1
8919485a26bffff,,,,,,,,,1,0.1
89194a7225bffff,,,,,,,,,1,0.1
89194ad083bffff,,,,,,,,,1,0.1
89194c5ad53ffff,,,,,,,,,1,0.1
89194e33677ffff,,,,,,,,,1,0.1
89194e431d3ffff,,,,,,,,,1,0.1
89194e6962bffff,,,,,,,,,1,0.1
89194e89d8bffff,,,,,,,,,1,0.1
89194ec10abffff,,,,,,,,,1,0.1
891950d1ccfffff,,,,,,,,,1,0.1
89195104c8bffff,,,,,,,,,1,0.1
8919510742bffff,,,,,,,,,1,0.1
891951a95c7ffff,,,,,,,,,1,0.1
891951aacd3ffff,,,,,,,,,1,0.1
8919528f1bbffff,,,,,,,,,1,0.1
8919529a2c3ffff,,,,,,,,,1,0.1
891952c7597ffff,,,,,,,,,1,0.1
891952cb4c3ffff,,,,,,,,,1,0.1
89195445e87ffff,,,,,,,,,1,0.1
8919547a987ffff,,,,,,,,,1,0.1
891954da443ffff,,,,,,,,,1,0.1
8919566e82bffff,,,,,,,,,1,0.1
89195888467ffff,,,,,,,,,1,0.1
891958d746bffff,,,,,,,,,1,0.1
89195915507ffff,,,,,,,,,1,0.1
89195916e27ffff,,,,,,,,,1,0.1
891959b988bffff,,,,,,,,,1,0.1
89195a00477ffff,,,,,,,,,1,0.1
89195a4a5d7ffff,,,,,,,,,1,0.1
89195ac0d5bffff,,,,,,,,1,1,0.3
89195b7ad67ffff,,,,,,,,,1,0.1
89195b85ca7ffff,,,,,,,,,1,0.1
89195b8caafffff,,,,,,,,,1,0.1
89195bd6d6bffff,,,,,,,,,1,0.1
89195c0485bffff,,,,,,,,,1,0.1
89195c06bcfffff,,,,,,,,,1,0.1
89195c0d997ffff,,,,,,,,,1,0.1
89195c0de23ffff,,,,,,,,,1,0.1
89195c0e9a7ffff,,,,,,,,,1,0.1
89195c6eb4bffff,,,,,,,,,1,0.1
89195cb0183ffff,,,,,,,,,1,0.1
89195cb3307ffff,,,,,,,,,1,0.1
89195d88c77ffff,,,,,,,,,1,0.1
8919728d093ffff,,,,,,,,,1,0.1
89197322bafffff,,,,,,,,,1,0.1
891973272b7ffff,,,,,,,,1,1,0.3
89197327403ffff,,,,,,,,,1,0.1
891973ce4c3ffff,,,,,,,,,1,0.1
8919763960fffff,,,,,,,,,1,0.1
8918232421bffff,,,,,,,,1,,0.2
89182ea9d43ffff,,,,,,,,1,,0.2
89190917513ffff,,,,,,,,1,,0.2
891909ac4afffff,,,,,,,,1,,0.2
89190c0f40bffff,,,,,,,,1,,0.2
89194042a87ffff,,,,,,,,1,,0.2
89194105a5bffff,,,,,,,,1,,0.2
89194136037ffff,,,,,,,,1,,0.2
89194218e13ffff,,,,,,,,1,,0.2
891942223bbffff,,,,,,,,1,,0.2
8919424068fffff,,,,,,,,1,,0.2
89194289dd3ffff,,,,,,,,1,,0.2
8919484cabbffff,,,,,,,,1,,0.2
8919485880fffff,,,,,,,,1,,0.2
89194ada52bffff,,,,,,,,1,,0.2
891951749afffff,,,,,,,,1,,0.2
8919519694bffff,,,,,,,,1,,0.2
891951b41cbffff,,,,,,,,1,,0.2
891951b520fffff,,,,,,,,1,,0.2
891958096bbffff,,,,,,,,1,,0.2
8919584492bffff,,,,,,,,1,2,0.4
891958570dbffff,,,,,,,,1,,0.2
8919587900fffff,,,,,,,,1,,0.2
89195ab985bffff,,,,,,,,2,,0.4
89195cadc57ffff,,,,,,,,2,,0.4
89195d2c84bffff,,,,,,,,1,,0.2
89195d2e3abffff,,,,,,,,1,,0.2
89195db491bffff,,,,,,,,1,,0.2
89197272b6fffff,,,,,,,,1,,0.2
89180591457ffff,,,,,,,,,1,0.1
89182e49197ffff,,,,,,,,,1,0.1
891909aee7bffff,,,,,,,,1,1,0.3
8919726052bffff,,,,,,,,,1,0.1
89197324a73ffff,,,,,,,,,1,0.1
8918232cebbffff,,,,,,,,1,,0.2
89182a28ed7ffff,,,,,,,,1,,0.2
89182a3a627ffff,,,,,,,,1,,0.2
89182a66bc7ffff,,,,,,,,1,,0.2
89182c9a20fffff,,,,,,,,1,,0.2
89190d80d37ffff,,,,,,,,1,,0.2
8919424832bffff,,,,,,,,1,,0.2
8919436ac87ffff,,,,,,,,1,,0.2
891946ad00bffff,,,,,,,,1,,0.2
89194e2452bffff,,,,,,,,1,,0.2
89195490c87ffff,,,,,,,,1,,0.2
89195844317ffff,,,,,,,,1,,0.2
89195844ea7ffff,,,,,,,,1,,0.2
89195873547ffff,,,,,,,,1,,0.2
89195b73327ffff,,,,,,,,2,,0.4
89195c716a7ffff,,,,,,,,1,,0.2
89195cd811bffff,,,,,,,,1,,0.2
89195d34dcbffff,1,,,,,,,1,,1.2
89195d8087bffff,,,,,,,,3,,0.6
89195da4a37ffff,,,,,,,,1,,0.2
89197270c3bffff,,,,,,,,2,,0.4
89194ac9cdbffff,,,,,,,,,1,0.1
8919580ce97ffff,,,,,,,,,9,0.9
891959a9dd7ffff,,,,,,,,,1,0.1
891875db687ffff,,,,,,,,,1,0.1
891943c1d4bffff,,,,,,,,,1,0.1
891901a1097ffff,,,,,,,,,1,0.1
8919410cd9bffff,,,,,,,,,1,0.1
89195912bdbffff,,,,,,,,,1,0.1
89194358047ffff,,,,,,,,,1,0.1
891805ba8a7ffff,1,,,,,,,,,1
89182a749c7ffff,1,,,,,,,,,1
891943c8103ffff,1,,,,,,,,,1
89194e8730bffff,1,,,,,,,,,1
891959ba97bffff,1,,,,,,,,,1
89195b5a64fffff,1,,,,,,,,,1
89194ec9e23ffff,,,,,,,,,1,0.1
89194ad3247ffff,,1,,1,,,,2,1,2.2
89195da4e6bffff,1,,,,,,,,1,1.1
89182c15047ffff,,,,,1,,,,,0.6
891909a9a8bffff,,,,,1,,,,,0.6
8919412318bffff,,,,,1,,,,,0.6
89194a8ae7bffff,,,,,2,,,,1,1.3
89194aaaed3ffff,,,,,2,,,,2,1.4
89194ad3407ffff,,,,,1,,,1,,0.8
89194e0d52bffff,1,,,,1,,,,1,1.7
89194ec9b43ffff,1,3,,,1,,,7,2,5.9
89195835e6bffff,,,,,1,,,,,0.6
8919587165bffff,,1,,,1,,,,3,1.8
89195912acbffff,,,,,1,,,,,0.6
89195916bafffff,1,,,,3,,,,,2.8
891959aa04bffff,,2,,,1,,,1,,2.6
89195bc4407ffff,,,,,1,,1,,1,1.48
89195cc0563ffff,,,,,1,,,,,0.6
89195ccb3d3ffff,1,,,,1,,,,,1.6
89195d09227ffff,,2,,,1,,,1,,2.6
89195d2e80fffff,,,,,1,,,,,0.6
89197279e1bffff,,,,,1,,,,,0.6
891972c4327ffff,,,,,2,,,,,1.2
891909aeb03ffff,1,,,,1,,,,,1.6
8919292f1cfffff,,,,,1,,,,,0.6
8919404e6b7ffff,,,,,1,,,1,,0.8
89194aa1003ffff,,,,,1,,,3,1,1.3
89194ada0cfffff,,2,,,2,,,3,3,3.9
89194e7b153ffff,,,,,1,,,3,,1.2
891951ba973ffff,,,,,1,,,,,0.6
89195202eabffff,,,,,1,,,1,,0.8
89195832db3ffff,,2,,,1,,,1,1,2.7
89195ba52afffff,2,,,,1,,,,1,2.7
89195c2b63bffff,,,,,3,,,1,,2
89195d0191bffff,,,,,1,,,,,0.6
89195d24bcbffff,,3,,1,3,,,8,1,7
8919413b173ffff,,,,,,,,2,6,1
8919420cb57ffff,,1,,,,,,4,,1.7
8919429a9cbffff,,,,,,,,12,1,2.5
89194ad30d7ffff,1,1,,,,,,11,,4.1
89194ad9bbbffff,,,,,,,,1,,0.2
89194e69a0fffff,,1,,,,,,3,,1.5
891951b742fffff,,1,,,,,,4,,1.7
89195209823ffff,,,,,,,,1,,0.2
89195839043ffff,,,,,,,,1,,0.2
891958a4933ffff,,,,,,,,2,,0.4
89195da4d9bffff,,2,,,,,,5,,2.8
89195e466d7ffff,1,1,,,,,,3,,2.5
891951312a7ffff,,,,,,,1,,,0.78
89187468e5bffff,,,,,,,,,1,0.1
89197276c83ffff,,,,,,,,,1,0.1
8919588734fffff,,,,,,,,,3,0.3
891801ba167ffff,,,,,,,,1,,0.2
891805b4307ffff,2,2,,,,,,6,1,5.1
89182025d27ffff,,,,,,,,1,1,0.3
891823b72d7ffff,,,,,,,,1,2,0.4
89182879dd3ffff,,,,,,,,1,,0.2
89182a05a0bffff,2,1,,,,,,1,1,3.2
89182c10d2bffff,,,,,,,,1,,0.2
8919013589bffff,,,,,,,,1,,0.2
89190822a53ffff,,,,,,,,1,,0.2
891909341abffff,,,,,,,,1,,0.2
8919280eac7ffff,,,,,,,,1,,0.2
8919410eb37ffff,,,,,,,,2,,0.4
891941704b7ffff,,,,,,,,1,,0.2
89194201b6bffff,,,,,,,,1,,0.2
8919421410bffff,,,,,,,,1,,0.2
8919427617bffff,,,,,,,,1,,0.2
89194291a7bffff,,,,,,,,1,,0.2
8919429a96bffff,,,,,,,,1,,0.2
89194305d23ffff,,,,,,,,1,,0.2
8919463a55bffff,,,,,,,,1,,0.2
891946cb2a7ffff,,,,,,,,1,,0.2
89194840897ffff,,,,,,,,1,2,0.4
89194851e2bffff,,,,,,,,1,,0.2
89194a0d21bffff,,,,,,,5,1,,4.1
89194a7b33bffff,,,,,,,,1,1,0.3
89194a8184bffff,,,,,,,,1,,0.2
89194a8dc3bffff,,,,1,,,,1,,1
89194ad0a97ffff,,,,,,,,2,,0.4
89194ad2587ffff,,,,,,,,1,,0.2
89194ad25d7ffff,,,,,,,,2,1,0.5
89194ad2643ffff,,,,,,,,1,,0.2
89194ad3147ffff,,,,,,,,1,1,0.3
89194ad3207ffff,,,,,,,,2,,0.4
89194ada63bffff,,,,,,,,1,1,0.3
89194adaed7ffff,,,,,,,,1,,0.2
89194e03433ffff,,,,,,,,1,,0.2
89194e69187ffff,,1,,,,,,1,,1.1
89194e87337ffff,,,,,,,,1,1,0.3
89194e98acbffff,,1,,,,,,1,,1.1
89194ec9a2bffff,1,1,,,,,,1,1,2.2
8919510468bffff,,,,,,,,2,,0.4
89195185dabffff,,,,,,,,1,,0.2
891951b4413ffff,,4,,,,,,3,,4.2
89195306343ffff,,,,,,,,1,,0.2
89195578b03ffff,,,,,,,,1,,0.2
891958144d3ffff,,,,,,,,1,,0.2
89195815c07ffff,,,,,,,,1,1,0.3
8919586b48fffff,,,,,,,,1,,0.2
89195885553ffff,,,,,,,,1,,0.2
8919588c0cfffff,1,,,,,,,2,,1.4
891958aa263ffff,,,,,,,,1,,0.2
8919590f0d3ffff,,,,,,,,1,1,0.3
891959168abffff,,,,,,,,1,,0.2
891959b446bffff,,1,,,,,,2,,1.3
891959d8cdbffff,,,,,,,,1,,0.2
89195a22ec7ffff,,,,,,,,1,,0.2
89195ab6937ffff,1,,,,,,,2,,1.4
89195b706d7ffff,1,,,,,,,1,1,1.3
89195b782a7ffff,,,,,,,,1,,0.2
89195b78e2bffff,1,,,,,,,2,1,1.5
89195c06e2bffff,1,1,,,,,,1,,2.1
89195c0998fffff,,,,,,,,1,2,0.4
89195c1a2a3ffff,1,,,,,,,1,,1.2
89195c2540bffff,1,2,,,,,,5,,3.8
89195c33637ffff,,,,,,,,1,1,0.3
89195c35cc3ffff,1,,,,,,,1,,1.2
89195c3b013ffff,,,,,,,,1,,0.2
89195c95ad7ffff,,1,,,,,,2,,1.3
89195cb7597ffff,,,,,,,,5,,1
89195d0938fffff,1,,,,,,,1,,1.2
89195d09a0bffff,,,,,,,,2,,0.4
89195d2cb47ffff,1,2,,,,,,6,,4
89195d2ee43ffff,,,,,,,,1,,0.2
89195d31edbffff,,,,,,,,1,,0.2
89195da2583ffff,1,,,,,,,2,,1.4
89195da45a3ffff,,,,,,,,1,,0.2
89195da4a2bffff,,,,,,,,1,,0.2
89195da7487ffff,,,,,,,,1,,0.2
89195da9c8bffff,,1,,,,,,1,,1.1
89197216117ffff,,,,,,,,1,,0.2
8919722966fffff,,,,,,,,1,,0.2
89197239c73ffff,,,,,,,,1,,0.2
8919728a0b7ffff,,,,,,,,1,,0.2
8919728b06fffff,,,,,,,,1,,0.2
8919728b1afffff,2,,,,,,,1,,2.2
8919734a8cbffff,1,1,,,,,,1,,2.1
891976285bbffff,,,,,,,,1,,0.2
891976310a3ffff,,,,,,,,3,,0.6
891943581cfffff,,,,,,,,,1,0.1
89195da5bcbffff,,1,,,,,,,1,1
89182c8da0bffff,,,,,,,,1,1,0.3
89182c15087ffff,,,,,,,,,1,0.1
89194adb623ffff,,2,,,,,,,1,1.9
891951b701bffff,,,,,,,,,3,0.3
891952992a3ffff,,1,,,,,,,1,1
8919590251bffff,,,,,,,,,1,0.1
891973a88bbffff,,,,,,,,,3,0.3
89195cb66cbffff,,,,,,,,,1,0.1
89182a04943ffff,2,,,,,,,,1,2.1
891973366a3ffff,1,1,,,,,,,,1.9
89194e4b3cbffff,2,2,,,,,,,1,3.9
891951800a3ffff,1,,,,,,,,,1
89195b86357ffff,1,,,,,,,,,1
89195c0c88fffff,1,,,,,,,,,1
89195cb630bffff,1,,,,,,,,,1
89195d2e12fffff,2,,,,,,,,1,2.1
89195d2ea13ffff,1,,,,,,,,,1
89195d8d893ffff,1,,,,,,,,,1
8918019a9dbffff,,,,,,,,,1,0.1
89182a3a0bbffff,1,,,,,,,,,1
89194accbdbffff,1,,,,,,,,,1
8919584cb33ffff,1,,,,,,,,,1
89195c06ba3ffff,1,,,,,,,,,1
89194ec4a1bffff,,,,,,,,,1,0.1
89195eb890fffff,,,,,,,,,1,0.1
89182524513ffff,,2,,,,,,,1,1.9
891825acadbffff,,1,,,,,,,,0.9
89182a2ac6bffff,,1,,,,,,,,0.9
89182c170c7ffff,,1,,,,,,,,0.9
89182cab69bffff,,3,,,,,,,1,2.8
8919092f253ffff,,1,,,,,,,,0.9
891909a0d4fffff,2,1,,,,,,,,2.9
891909af49bffff,,1,,,,,,1,1,1.2
89194073147ffff,2,4,,,,,,1,1,5.9
8919421b18bffff,,1,,,,,,,,0.9
891942ab48bffff,,1,,,,,,,,0.9
89194ad9dcfffff,,1,,,,,,,,0.9
89194e6024fffff,,1,,,,,,,,0.9
89194e6da97ffff,1,1,,,,,,,,1.9
89194e784cbffff,,1,,,,,,,,0.9
89194e80083ffff,,1,,,,,,1,,1.1
89195106477ffff,,1,,,,,,,,0.9
89195107467ffff,,1,,,,,,,,0.9
8919511256bffff,,1,,,,,,,,0.9
8919511594fffff,,1,,,,,,,,0.9
891951b8447ffff,,1,,,,,,1,,1.1
891951d4d37ffff,,1,,,,,,,,0.9
89195842b8fffff,,2,,,,,,1,,2
8919584ee43ffff,,1,,,,,,,,0.9
891958712cfffff,,3,,1,,,,2,1,4
89195887617ffff,,1,,,,,,,1,1
8919589a4d7ffff,,1,,,,,,,,0.9
89195992eabffff,,1,,,,,,,,0.9
891959b9a57ffff,,1,,,,,,,,0.9
89195b7a453ffff,,1,,,,,,,,0.9
89195c05847ffff,,1,,,,,,,,0.9
89195c41a57ffff,,1,,,,,,,,0.9
89195cac6c7ffff,,1,,,,,,,,0.9
89195caf147ffff,,1,,,,,,,1,1
89195d2f0b7ffff,,1,,,,,,,,0.9
89195d46bb3ffff,,1,,,,,,,,0.9
89195d889dbffff,,1,,,,,,2,,1.3
89195da18c7ffff,1,1,,,,,,,,1.9
89195da194bffff,,1,,,,,,,,0.9
89195da6d3bffff,,2,,,,,,2,,2.2
89195dadd73ffff,,1,,,,,,,,0.9
8919720b2abffff,,1,,,,,,,,0.9
89197239427ffff,,1,,,,,,,,0.9
8919732348fffff,,1,,,,,,,1,1
89197324acbffff,,1,,,,,,,,0.9
89182acac2bffff,,,,,,,,,1,0.1
89182c2ca6fffff,,,,,,,,,1,0.1
89194ace697ffff,,,,,,,,,1,0.1
89194ec9a93ffff,,,,,,,,,1,0.1
89195daa48fffff,,,,,,,,,1,0.1
89182cdaa4bffff,,,,1,,,,,,0.8
89194168b57ffff,,,1,1,,,,,1,1.6
8919434a2cfffff,,,,1,,,,,,0.8
89195844b53ffff,,,,1,,,,1,2,1.2
8919584e22bffff,,,,1,,,,,,0.8
891959a883bffff,,,,1,,,,1,,1
89195cb4473ffff,,,,1,,,,,,0.8
89195d2b1abffff,,,,1,,,,,,0.8
89195dc6d1bffff,,,,1,,,,,,0.8
89197260303ffff,,,,,,,,,1,0.1
89195ab7417ffff,,,,,,,,1,1,0.3
891874ac3a3ffff,,,,,,,,,1,0.1
891909a8d7bffff,,,,,,,,,1,0.1
89194241d63ffff,,,,,,,,,1,0.1
8919464740fffff,,,,,,,,,1,0.1
89194e6c033ffff,,,,,,,,,1,0.1
89194ed867bffff,,,,,,,,,1,0.1
891951235bbffff,,,,,,,,,1,0.1
891951b1eafffff,,,,,,,,,1,0.1
891951b6083ffff,,,,,,,,,1,0.1
89195c25447ffff,,,,,,,,1,1,0.3
89197279c4bffff,,,,,,,,,1,0.1
89182c8da4fffff,1,,,,,,,,,1
89182e6b617ffff,1,,,,,,,,,1
89190937053ffff,1,,,,,,,,,1
89194a903cfffff,1,,,,,,,,,1
89194ec9ab3ffff,1,,,,,,,,,1
891951896bbffff,1,,,,,,,,,1
891951b64b7ffff,1,,,,,,,,,1
8919556401bffff,1,,,,,,,,,1
891959a8833ffff,1,,,,,,,,,1
89195b46a0fffff,1,,,,,,,,1,1.1
89195c34427ffff,1,,,,,,,,,1
89195cac217ffff,1,,,,,,,,,1
89195cb7557ffff,1,,,,,,,,,1
89195da485bffff,1,,,,,,,,,1
892a4c16237ffff,1,,,,,,,,,1
89197239343ffff,,,,,,,,,1,0.1
89195c96393ffff,,,,,,,,,1,0.1
8909a684417ffff,,,,,,,,,1,0.1
89182189433ffff,,,,,,,,,1,0.1
89182197213ffff,,,,,,,,,1,0.1
891825146b7ffff,,,,,,,,,1,0.1
8918251556bffff,,,,,,,,,1,0.1
8918252447bffff,,,,,,,,,1,0.1
89182d25313ffff,,,,,,,,,1,0.1
891874a6c43ffff,,,,,,,,,1,0.1
89194100a8fffff,,,,,,,,,1,0.1
8919413705bffff,,,,,,,,,1,0.1
89194168bcfffff,,,,,,,,,1,0.1
891941af40fffff,,,,,,,,,1,0.1
891942082d7ffff,,,,,,,,,1,0.1
891942144bbffff,,,,,,,,,1,0.1
89194220ba7ffff,,,,,,,,,1,0.1
89194255517ffff,,,,,,,,,1,0.1
89194276dd3ffff,,,,,,,,,1,0.1
8919428745bffff,,,,,,,,,1,0.1
89194290b33ffff,,,,,,,,,1,0.1
89194291ddbffff,,,,,,,,,1,0.1
891942b430fffff,,,,,,,,,1,0.1
891942b64a3ffff,,,,,,,,,1,0.1
891942c4ad3ffff,,,,,,,,,1,0.1
891942cddb3ffff,,,,,,,,,1,0.1
89194333677ffff,,,,,,,,,1,0.1
891943ae1b7ffff,,,,,,,,1,1,0.3
89194656b0fffff,,,,,,,,,1,0.1
89194676183ffff,,,,,,,,,1,0.1
89194e0343bffff,,,,,,,,,1,0.1
89194e65103ffff,,,,,,,,,1,0.1
89194e68d27ffff,,,,,,,,,1,0.1
89194e69227ffff,,,,,,,,,1,0.1
89194e8468fffff,,,,,,,,1,1,0.3
89194e88647ffff,,,,,,,,,1,0.1
89194e8deafffff,,,,,,,,,1,0.1
89194e9a237ffff,,,,,,,,,1,0.1
89194ed6ab3ffff,,,,,,,,,1,0.1
891951064d3ffff,,,,,,,,,1,0.1
89195115b0fffff,,,,,,,,,1,0.1
891951800abffff,,,,,,,,,1,0.1
891951b9ba3ffff,,,,,,,,,1,0.1
89195243417ffff,,,,,,,,,1,0.1
89195289143ffff,,,,,,,,,1,0.1
891952d5d43ffff,,,,,,,,,1,0.1
891952d60bbffff,,,,,,,,,1,0.1
891953af287ffff,,,,,,,,,1,0.1
8919557906fffff,,,,,,,,,1,0.1
8919566d08fffff,,,,,,,,,1,0.1
891956ac80fffff,,,,,,,,,1,0.1
8919589044bffff,,,,,,,,,1,0.1
891959b568bffff,,,,,,,,,1,0.1
89195a4b55bffff,,,,,,,,,1,0.1
89195a89923ffff,,,,,,,,,1,0.1
89195b10427ffff,,,,,,,,,1,0.1
89195b4458fffff,,,,,,,,2,1,0.5
89195b6acd3ffff,,,,,,,,,1,0.1
89195b6ad13ffff,,,,,,,,,1,0.1
89195b714b7ffff,,,,,,,,,1,0.1
89195b793c7ffff,,,,,,,,,1,0.1
89195b79cc3ffff,,,,,,,,,1,0.1
89195bb5083ffff,,,,,,,,,1,0.1
89195c0d32fffff,,,,,,,,,1,0.1
89195c0f3dbffff,,,,,,,,,1,0.1
89195c20397ffff,,,,,,,,,1,0.1
89195c2ca53ffff,,,,,,,,,1,0.1
89195c336d7ffff,,,,,,,,,1,0.1
89195c5968bffff,,,,,,,,,1,0.1
89195cadc83ffff,,,,,,,,,1,0.1
89195d286b3ffff,,,,,,,,,1,0.1
89195d8856fffff,,,,,,,,,1,0.1
89195e9711bffff,,,,,,,,,1,0.1
89197316c2fffff,,,,,,,,,1,0.1
89197320c8bffff,,,,,,,,,1,0.1
89197322ec3ffff,,,,,,,,,1,0.1
8919733681bffff,,,,,,,,,1,0.1
891973c1963ffff,,,,,,,,,1,0.1
89190905c97ffff,,,,,,,,1,,0.2
89194071bb3ffff,,,,,,,,1,,0.2
89194072577ffff,,,,,,,,1,,0.2
8919422ce53ffff,,,,,,,,1,,0.2
891942573c7ffff,,,,,,,,1,,0.2
891942a6bd7ffff,,,,,,,,1,,0.2
89194a08443ffff,,,,,,,,1,,0.2
89194ad1477ffff,,,,,,,,3,2,0.8
89195185a5bffff,,,,,,,,1,,0.2
891958188c7ffff,,,,,,,,1,,0.2
89195879c2fffff,,,,,,,,1,,0.2
89195a41233ffff,,,,,,,,1,,0.2
89195c38457ffff,,,,,,,,1,,0.2
89195cc2b0fffff,,,,,,,,1,,0.2
8919720cb17ffff,,,,,,,,2,1,0.5
8919720cb97ffff,,,,,,,,3,,0.6
891973420bbffff,,,,,,,,1,,0.2
891942ced53ffff,,,,,,,,1,,0.2
89194aa86abffff,,,,,,,,1,,0.2
89182e816cfffff,,,,,,,,,1,0.1
891942100d7ffff,,,,,,,,,1,0.1
89194212d77ffff,,,,,,,,,1,0.1
8919550d607ffff,,,,,,,,,1,0.1
891959c59dbffff,,,,,,,,,1,0.1
8909a09262fffff,,,,,,,,1,,0.2
8918288080fffff,,,,,,,,1,,0.2
891874aea9bffff,,,,,,,,1,,0.2
89190986c4bffff,,,,,,,,1,,0.2
8919420c35bffff,,,,,,,,1,,0.2
89194324b27ffff,,,,,,,,1,,0.2
8919435802bffff,,,,,,,,1,,0.2
89194ad062bffff,,,,,,,,3,,0.6
89194ad2403ffff,,,,,,,,1,,0.2
89194ad312bffff,,,,,,,,1,,0.2
89194ad326bffff,,,,,,,,1,,0.2
89194ad928fffff,,,,,,,,1,,0.2
89194e0d353ffff,,,,,,,,2,,0.4
89194e84587ffff,,,,,,,,1,,0.2
89194e8626fffff,,,,,,,,1,,0.2
8919510558fffff,,,,,,,,1,,0.2
891952ce50fffff,,,,,,,,1,,0.2
891956601abffff,,,,,,,,1,,0.2
89195a51c23ffff,,,,,,,,1,,0.2
89195c09153ffff,,,,,,,,1,,0.2
89195c1906fffff,,,,,,,,1,,0.2
89195d09b07ffff,,,,,,,,1,,0.2
89195d5942bffff,,,,,,,,1,,0.2
891972c4053ffff,,,,,,,,1,,0.2
8919728b267ffff,,,,1,,,,,,0.8
891870d007bffff,,,,,,,,,1,0.1
89195435c0bffff,,,,,,,,,1,0.1
891958b1213ffff,,,,,,,,,1,0.1
89195c0cac7ffff,,,,,,,,,1,0.1
89195c77587ffff,,,,,,,,,1,0.1
891909ace6bffff,1,,,,,,,,,1
89194200b03ffff,1,,,,,,,,,1
891951b86a3ffff,1,,,,,,,,,1
89195818347ffff,1,,,,,,,,,1
89195db6b2bffff,1,,,,,,,,,1
89197336843ffff,1,,,,,,,,,1
89182ac1363ffff,,,,,1,,,,,0.6
89187471a9bffff,,,,,1,,,,,0.6
89190937043ffff,,,,,1,,,,,0.6
891909ac50fffff,,4,,,1,,,5,,5.2
891909ac513ffff,,3,,,3,,,4,,5.3
89194362153ffff,,1,,,2,,,,,2.1
891943d022bffff,,,,,1,,,,,0.6
89194ec9a17ffff,2,3,,,1,,,10,1,7.4
891951046d7ffff,,1,,,1,,,,,1.5
891951b249bffff,,,,,1,,,,1,0.7
891959a9c8fffff,3,3,,,4,,,10,1,10.2
89195c3428fffff,1,,,,1,,,,,1.6
891972c26bbffff,,1,,,2,,,1,1,2.4
891972cc04fffff,,,,,1,,,,,0.6
89182c17407ffff,,3,,,1,,,7,2,4.9
89194360827ffff,,1,,,1,,,4,2,2.5
89194ad3003ffff,2,3,,,1,,,8,1,7
8919520c183ffff,,,,,1,,,,,0.6
89195832dbbffff,1,2,,,1,,,4,,4.2
8919590e2bbffff,,,,,1,,,,,0.6
89195d36ccfffff,,,,,1,,,,,0.6
8918215a50fffff,,,,,,,,1,,0.2
89182a2ae07ffff,,,,,,,,1,,0.2
8919410eb63ffff,,,,,,,,2,,0.4
891951b40cfffff,2,,,,,,,7,1,3.5
891951b7517ffff,,,,,,,,1,,0.2
891951b754bffff,,,,,,,,7,2,1.6
891951b86b7ffff,,,,,,,,2,,0.4
89195da4983ffff,1,3,,,1,,,11,1,6.6
89195da4bcfffff,,,,,,,,1,,0.2
89195da4d67ffff,,,,,,,,9,,1.8
891943990cfffff,,,,,,,1,,,0.78
89194ad3133ffff,,,,,,,1,,,0.78
89195b09053ffff,,,,,,,1,,,0.78
891959320d7ffff,,,,,,,,,3,0.3
891959aa6bbffff,1,,,,,,,,1,1.1
8919556ec87ffff,,,,,,,,,1,0.1
89180194497ffff,,,,,,,,1,,0.2
891828a356fffff,1,,,,,,,1,,1.2
89182a3a433ffff,4,2,,,,,,14,,8.6
89182c1700bffff,,,,,,,,1,,0.2
89182c17683ffff,,1,,,,,,1,,1.1
89182c1aedbffff,,2,,,,,,1,,2
89182cab697ffff,,,,,,,,1,,0.2
89182e591dbffff,1,,,,,,,1,,1.2
891870d14b3ffff,,,,,,,,1,,0.2
8918746ebc7ffff,,,,,,,,1,,0.2
8919094d36bffff,,,,,,,,1,,0.2
891909ad50bffff,,,,,,,,1,,0.2
89190d35c1bffff,,,,,,,,1,,0.2
89192a00bdbffff,,,,,,,,1,,0.2
89192b6c8dbffff,,,,,,,,1,,0.2
89192b70913ffff,,,,,,,,1,,0.2
891942163d3ffff,,,,,,,,1,,0.2
8919423969bffff,,,,,,,,1,,0.2
891942586b3ffff,,,,,,,,1,,0.2
89194276513ffff,,,,,,,,2,,0.4
8919429664bffff,,,,1,,,,1,,1
89194305d0fffff,,,,,,,,1,,0.2
89194602473ffff,,,,,,,,1,,0.2
891946188afffff,,,,,,,,1,1,0.3
891946ad0cbffff,,,,,,,,2,,0.4
891948514a7ffff,,1,,,,,,1,,1.1
89194a3a437ffff,,,,,,,,1,,0.2
89194a96d63ffff,,,,,,,,1,,0.2
89194aca1a3ffff,,2,,1,,,,2,,3
89194ad1393ffff,1,3,,,,,,8,,5.3
89194ad3093ffff,,,,,,,,2,,0.4
89194adb06bffff,,,,,,,,1,,0.2
89194e1348fffff,,,,,,,,1,,0.2
89194e65133ffff,1,,,,,,,1,,1.2
89194e69823ffff,,,,,,,,1,,0.2
89194e99e43ffff,,,,,,,,1,,0.2
89194ecde7bffff,,,,,,,,1,,0.2
89195112397ffff,,,,,,,,1,,0.2
89195115bd7ffff,,,,,,,,1,,0.2
89195180227ffff,,,,,,,,1,,0.2
891951a29bbffff,,,,,,,,1,1,0.3
891951a2d4bffff,,,,,,,,1,,0.2
891951b06dbffff,,,,,,,,1,,0.2
891951b63cfffff,1,,,,,,,2,,1.4
891951b7563ffff,,2,,,,,,3,,2.4
8919556549bffff,,,,,,,,2,,0.4
8919580c9b3ffff,,,,,,,,1,,0.2
89195823267ffff,,,,,,,,2,,0.4
891958354dbffff,,,,,,,,1,,0.2
8919588502bffff,,,,,,,,1,1,0.3
8919588c087ffff,,,,,,,,1,,0.2
8919590258bffff,,2,,,,,,5,2,3
89195b44413ffff,,,,,,,,1,,0.2
89195c34007ffff,,,,,,,,6,1,1.3
89195c64ab7ffff,,,,,,,,1,,0.2
89195c8b113ffff,,,,,,,,1,,0.2
89195ca9a2bffff,,,,,,,,1,,0.2
89195d28483ffff,,,,,,,,1,,0.2
89195d2b0bbffff,,,,,,,,1,,0.2
89195d3632fffff,,,,,,,,1,,0.2
89195d46cabffff,,,,,,,,1,,0.2
89195da180bffff,,,,,,,,1,,0.2
89195da4bafffff,,,,,,,,1,,0.2
89195da5db7ffff,,,,,,,,1,,0.2
89195dadc6bffff,1,1,,,,,,1,,2.1
89197201977ffff,,,,1,,,,1,,1
89197206d67ffff,,,,,,,,1,,0.2
8919720d93bffff,,,,,,,,1,,0.2
8919721236bffff,,,,,,,,1,,0.2
8919722044fffff,,,,,,,,1,,0.2
8919727619bffff,2,1,,,,,,6,,4.1
89197276e83ffff,4,3,,,,,,2,,7.1
891972cc19bffff,,1,,,,,,1,,1.1
8919768c0b3ffff,2,,,,,,,1,,2.2
891976bb60fffff,1,,,,,,,1,,1.2
891976bb667ffff,,,,,,,,1,,0.2
891828ba073ffff,,,,,,,,,1,0.1
89194e699dbffff,,,,,,,,,1,0.1
89195567367ffff,,,,,,,,,1,0.1
891874718cfffff,,,,,,,,,1,0.1
8919529a02bffff,,,,,,,,,2,0.2
8919524916bffff,,1,,,,,,2,1,1.4
8919586b49bffff,,,,,,,,,1,0.1
89195c4655bffff,,,,,,,,,1,0.1
89195d8aab7ffff,,,,,,,,,3,0.3
8919726000bffff,,,,,,,,,1,0.1
89195ad988bffff,,,,,,,,,1,0.1
89182c161abffff,1,,,,,,,,,1
89194855acbffff,1,,,,,,,,,1
89194a1a4d3ffff,1,,,,,,,1,,1.2
89194aca127ffff,1,,,,,,,1,,1.2
89195879a4bffff,1,,,,,,,,,1
89195d2e077ffff,1,3,,,,,,1,1,4
89195906a2bffff,1,,,,,,,,1,1.1
8919584db6fffff,,,,,,,,,1,0.1
89182e59537ffff,1,,,,,,,,,1
89194a10c53ffff,1,,,,,,,,,1
89194ace0cbffff,1,,,,,,,1,,1.2
89194ad36c3ffff,1,,,,,,,7,2,2.6
8919518316bffff,1,,,,,,,,,1
891951a25a3ffff,1,,,,,,,,,1
891951a2d73ffff,1,,,,,,,,,1
891951b084bffff,1,1,,,,,,,,1.9
89195d8a9c7ffff,1,,,,,,,,,1
89182c16397ffff,1,,,,,,,,1,1.1
89194249d2bffff,1,,,,,,,,1,1.1
8919428f18bffff,1,,,,,,,,,1
891943d000fffff,1,,,,,,,,,1
89194ada933ffff,1,,,,,,,,,1
89194adb5abffff,2,,,,,,,,,2
891956ac8abffff,1,,,,,,,,,1
891958a757bffff,2,,,,,,,,,2
89195c75303ffff,3,,,,,,,,,3
891972392cbffff,1,,,,,,,3,1,1.7
891973375abffff,1,,,,,,,,,1
89194a0e92bffff,,,,,,,,,1,0.1
89194a0e92fffff,,,,,,,,,1,0.1
891954da5bbffff,,,,,,,,,1,0.1
89182324203ffff,,1,,,,,,,,0.9
89182c8f043ffff,,2,,,,,,,,1.8
89182e6e38bffff,,2,,,,,,,,1.8
891909ac487ffff,,1,,,,,,,,0.9
89192a06a63ffff,,1,,,,,,,,0.9
89194072283ffff,,1,,,,,,,,0.9
8919410ed53ffff,,1,,,,,,,,0.9
8919421164bffff,,1,,,,,,,,0.9
89194258347ffff,,3,,,,,,,,2.7
891942c4e6fffff,1,1,,,,,,,,1.9
8919433b4bbffff,,1,,,,,,1,,1.1
891943596cfffff,,1,,,,,,,,0.9
891946ad047ffff,,1,,,,,,1,,1.1
89194a88587ffff,1,1,,1,,,,,,2.7
89194ac3383ffff,,1,,,,,,,,0.9
89194ac81abffff,,1,,,,,,,,0.9
89194ad04a7ffff,,1,,,,,,1,,1.1
89194ad1da7ffff,,1,,,,,,,,0.9
89194ad3427ffff,,1,,,,,,,,0.9
89194ad35d7ffff,,2,,,,,,,1,1.9
89194e68c13ffff,,1,,,,,,,,0.9
89194e69d1bffff,,1,,,,,,,,0.9
891951101cbffff,,1,,,,,,,,0.9
89195194d17ffff,,1,,,,,,,,0.9
891951b756bffff,,1,,,,,,,,0.9
891951b860bffff,1,2,,,,,,,,2.8
891951d6b7bffff,,1,,,,,,,1,1
89195565057ffff,,1,,,,,,,,0.9
891958b1a7bffff,,2,,,,,,,,1.8
8919599102fffff,,1,,,,,,,,0.9
891959a9c87ffff,,1,,,,,,1,,1.1
891959aa697ffff,,1,,,,,,,,0.9
891959b9963ffff,,1,,,,,,,,0.9
891959c1b23ffff,,1,,,,,,,,0.9
89195b96e2bffff,,1,,,,,,,,0.9
89195c04d07ffff,,1,,,,,,,1,1
89195c3916fffff,,1,,,,,,,,0.9
89195c3a483ffff,,1,,,,,,,,0.9
89195c4ad07ffff,,1,,,,,,,,0.9
89195cadcb3ffff,,1,,,,,,,,0.9
89195cc0523ffff,,1,,,,,,,,0.9
89195cd11a3ffff,,3,,,,,,2,1,3.2
89195cda293ffff,1,1,,,,,,,,1.9
89195d34073ffff,,1,,,,,,,,0.9
89195d3453bffff,,1,,,,,,,,0.9
89195d34a27ffff,,2,,,,,,,,1.8
89195d34c03ffff,,2,,,,,,,,1.8
89195d726c3ffff,,1,,,,,,,,0.9
89195d726dbffff,,1,,,,,,2,,1.3
89195da442fffff,,1,,,,,,,,0.9
89195da6b83ffff,,1,,,,,,1,,1.1
89197239e57ffff,1,1,,,,,,,,1.9
8919725ad1bffff,,1,,,,,,,,0.9
8919728a677ffff,,1,,,,,,,,0.9
89197320497ffff,1,1,,,,,,,,1.9
89197322007ffff,,1,,,,,,,,0.9
8919768c163ffff,,1,,,,,,,,0.9
891828cd48fffff,,,,1,,,,,1,0.9
891870d302bffff,,,,,,,,,1,0.1
891870d335bffff,,,,,,,,,1,0.1
891874aea1bffff,,,,,,,,,1,0.1
891942143c3ffff,,,,,,,,,1,0.1
8919436eec3ffff,,,,,,,,,1,0.1
89194a988cbffff,,,,,,,,,1,0.1
89195567347ffff,,,,,,,,,1,0.1
891959949b3ffff,,,,,,,,,1,0.1
89195c0598bffff,,,,,,,,,1,0.1
89195da548fffff,,,,,,,,,1,0.1
89195da727bffff,,,,,,,,,1,0.1
891972cc0b7ffff,1,,,,,,,,1,1.1
89182a04b8fffff,,,,1,,,,,,0.8
891909a510fffff,,,,1,,,,,,0.8
89194ad00a3ffff,,,,1,,,,,,0.8
89194ad5237ffff,1,,,1,,,,,,1.8
89195c951abffff,,,,1,,,,,,0.8
89197288427ffff,,,,1,,,,,,0.8
89194a7239bffff,,,,,,,4,2,,3.52
891942d5423ffff,,,,,,,,,1,0.1
89194aa85cbffff,,,,,,,,,2,0.2
89195185e43ffff,,,,,,,,,1,0.1
89195d8dd53ffff,,,,,,,,,1,0.1
89195dcd6b3ffff,,,,,,,,,1,0.1
8919728f16fffff,,,,,,,,,1,0.1
891976c44cbffff,,,,,,,1,,,0.78
89182a66b13ffff,1,,,,,,,,,1
89182c12923ffff,1,,,,,,,,,1
89194204d93ffff,1,,,,,,,,,1
89194359e2fffff,1,,,,,,,,,1
891948c9cd3ffff,1,,,,,,,,,1
89194a5429bffff,1,,,,,,,,,1
89195268ca7ffff,1,,,,,,,1,,1.2
891959ba0dbffff,1,,,,,,,1,,1.2
89195caad6bffff,1,,,,,,,,1,1.1
89195cc5e8bffff,1,,,,,,,,,1
89195d34c37ffff,1,,,,,,,2,1,1.5
89195d78cb3ffff,1,,,,,,,,1,1.1
8919429ada7ffff,,,,,,,,,1,0.1
89195c6d9c3ffff,,,1,,,,,,,0.7
8919434b607ffff,,,,,,,,,1,0.1
89194359c3bffff,,,,,,,,,1,0.1
891976bb293ffff,,,,,,,,,1,0.1
89182520a4bffff,,,,,,,,,1,0.1
8918253584bffff,,,,,,,,,1,0.1
891825a609bffff,,,,,,,,,1,0.1
89194223563ffff,,,,,,,,,1,0.1
8919424da77ffff,,,,,,,,,1,0.1
891942ab62bffff,,,,,,,,,1,0.1
89194305c9bffff,,,,,,,,,1,0.1
8919434ad6fffff,,,,,,,,,1,0.1
8919460b667ffff,,,,,,,,,1,0.1
89194652117ffff,,,,,,,,,1,0.1
8919465257bffff,,,,,,,,,1,0.1
891946ad2dbffff,,,,,,,,,1,0.1
891946cb3c7ffff,,,,,,,,,1,0.1
89194a01d2fffff,,,,,,,,,1,0.1
89194ad3157ffff,,,,,,,,,1,0.1
89194e68dc7ffff,,,,,,,,,1,0.1
89194e69b53ffff,,,,,,,,,1,0.1
89195114e0fffff,,,,,,,,,1,0.1
89195138a77ffff,,,,,,,,,1,0.1
8919518e58bffff,,,,,,,,,1,0.1
891952cc6b7ffff,,,,,,,,,1,0.1
891952cd4a3ffff,,,,,,,,,1,0.1
89195306503ffff,,,,,,,,,1,0.1
8919550da87ffff,,,,,,,,,1,0.1
8919583942fffff,,,,,,,,,1,0.1
891958c16cbffff,,,,,,,,,1,0.1
89195941e4bffff,,,,,,,,,1,0.1
8919594a82fffff,,,,,,,,,1,0.1
89195a11d37ffff,,,,,,,,,1,0.1
89195c09193ffff,,,,,,,,,1,0.1
89195c16a2fffff,,,,,,,,,1,0.1
89195c3516bffff,,,,,,,,,1,0.1
89195c3630fffff,,,,,,,,,1,0.1
89195c51dcfffff,,,,,,,,,1,0.1
89195ca1a1bffff,,,,,,,,,1,0.1
89195cad58fffff,,,,,,,,,1,0.1
89195d30cc7ffff,,,,,,,,,1,0.1
89195e26a1bffff,,,,,,,,,1,0.1
89195e3ae47ffff,,,,,,,,,1,0.1
89197270963ffff,,,,,,,,,1,0.1
89197330b67ffff,1,,,,,,,,1,1.1
8919768eb47ffff,,,,,,,,,1,0.1
89182ad0d13ffff,,,,,,,,1,,0.2
89182e62d73ffff,,,,,,,,1,,0.2
891875dac77ffff,,,,,,,,1,,0.2
891942698afffff,,,,,,,,1,,0.2
89194291a63ffff,,,,,,,,1,,0.2
891942c9aafffff,,,,,,,,1,,0.2
89194654a17ffff,,,,,,,,1,,0.2
89194ad0d47ffff,,,,,,,,1,,0.2
89194ada5b3ffff,,,,,,,,1,,0.2
89195123433ffff,,,,,,,,4,,0.8
89195879643ffff,,,,,,,,1,,0.2
8919587a54fffff,,,,,,,,1,,0.2
891959aa00bffff,,,,,,,,1,,0.2
89195aa2d27ffff,,,,,,,,1,,0.2
89195cc5c0bffff,,,,,,,,1,,0.2
89195cd81c7ffff,,,,,,,,1,,0.2
89195d02c67ffff,,,,,,,,1,,0.2
89195d2b14bffff,,,,,,,,1,,0.2
89195d81ed3ffff,,,,,,,,1,,0.2
89195da4bd3ffff,,,,,,,,1,,0.2
891973ad06bffff,,,,,,,,1,,0.2
89197289e83ffff,,,,,,,,1,,0.2
89180cd08a7ffff,,,,,,,,,1,0.1
89182e0856fffff,,,,,,,,,1,0.1
89194aa85dbffff,,,,,,,,,1,0.1
89194e69a23ffff,,,,,,,,,1,0.1
89195da6e0bffff,,,,,,,,,1,0.1
891973a8d43ffff,,,,,,,,,1,0.1
8919768cd97ffff,,,,,,,,,1,0.1
89182a30143ffff,,,,,,,,1,,0.2
89182e2cd33ffff,,,,,,,,1,,0.2
891874ac357ffff,,,,,,,,1,,0.2
89194a0e357ffff,,,,,,,,1,,0.2
89194ad1027ffff,,,,,,,,1,,0.2
89194ada35bffff,,,,,,,,1,,0.2
89194ea10cfffff,,,,,,,,1,,0.2
89195131067ffff,,,,,,,,1,,0.2
891954c7443ffff,,,,,,,,1,,0.2
891959a834fffff,,,,,,,,1,,0.2
89195da75a7ffff,,,,,,,,1,,0.2
89197202e4fffff,,,,,,,,1,,0.2
89197276197ffff,,,,,,,,1,,0.2
89192b89eb3ffff,,,,,,,,,1,0.1
891951b9043ffff,,,,,,,,,1,0.1
89194e6d24fffff,,,,,,,,,1,0.1
89195988327ffff,,,,,,,,,1,0.1
89195a8d983ffff,,,,,,,,,1,0.1
89195b706b7ffff,,,,,,,,,2,0.2
89182c16cd7ffff,1,,,,,,,,,1
89194040377ffff,1,,,,,,,,,1
8919422e96fffff,1,,,,,,,,,1
891955655c7ffff,1,,,,,,,,,1
891959a9ca3ffff,1,,,,,,,,,1
89195c1a0afffff,1,,,,,,,,,1
89195d47137ffff,1,,,,,,,,,1
8919724c2cfffff,1,,,,,,,,,1
891973366cbffff,1,,,,,,,,,1
8919410730bffff,,,,,,,,,1,0.1
89182560393ffff,,,,,1,,,,1,0.7
891874a2c4fffff,,,,,1,,,,1,0.7
891909ae06fffff,,,,,1,,,,,0.6
891909b45b7ffff,,,,,1,,,,2,0.8
89194a8218fffff,,,,,2,,,,,1.2
89194accb07ffff,,2,,,2,,,3,1,3.7
89194ad0113ffff,,1,,,1,,,,3,1.8
89194ad2397ffff,2,1,,1,1,,,4,1,5.2
89194ada857ffff,1,,,,1,,,1,,1.8
8919586934fffff,,,,,1,,,1,1,0.9
891959aa287ffff,,,,,1,,,1,1,0.9
891959aa2afffff,,,,,1,,,,,0.6
891959b9917ffff,,,,,1,,,,,0.6
891959bab43ffff,1,5,,1,2,,,3,1,8.2
8919728b10fffff,,1,,,2,,,2,,2.5
891972903b7ffff,,,,,1,,,,5,1.1
891828ba363ffff,4,1,,,1,,,1,2,5.9
89182c32bafffff,,,,,1,,,1,,0.8
89182e6e343ffff,,,,,1,,,,2,0.8
891909ac517ffff,,4,,,2,,,20,1,8.9
8919416c6b3ffff,2,2,,,4,1,,2,3,7.65
891946cb353ffff,,,,,1,,,1,1,0.9
89194a8b297ffff,,,,,1,,,1,,0.8
89194a906d3ffff,,1,,,1,,,2,1,2
89194ad0183ffff,2,7,,1,1,,,1,1,10
89194ad9d57ffff,,2,,,1,,,3,1,3.1
89194adac5bffff,,,,1,1,,,1,,1.6
89194ec0267ffff,,3,,,1,,,,,3.3
89195b44423ffff,2,2,,,2,,,5,,6
89195c05c47ffff,,,,,1,,,,1,0.7
89195d153c7ffff,,1,,1,1,,,5,3,3.6
89195d89e83ffff,,,,,1,,,,1,0.7
89195da182fffff,,2,,,1,,,4,,3.2
89195da1867ffff,3,2,,,2,,,1,,6.2
89195dbb0cfffff,,1,,,1,,,1,,1.7
89197322a3bffff,1,,,,1,,,,,1.6
891874ac027ffff,,,,,,,,1,,0.2
891909071c7ffff,,,,,,,,4,1,0.9
891909aeadbffff,,1,,,,,,10,,2.9
8919425a0d3ffff,1,,,,,,,2,1,1.5
8919434db27ffff,1,,,,,,,1,,1.2
89194ad3123ffff,,,,,,,,2,,0.4
89194ad328bffff,,,,1,,,,6,,2
89194e69a77ffff,,,,1,,,,1,,1
89195da4c33ffff,,3,,,,,,16,,5.9
891874a4337ffff,,,,,,,1,1,,0.98
89194e699d7ffff,1,3,,,,,1,2,3,5.18
891952d6e33ffff,,,,,,,,,2,0.2
89192b3a8cbffff,,,,,,,,,1,0.1
8919720cb83ffff,,,,,,,,,1,0.1
891972382d7ffff,,,,,,,,,1,0.1
8919728b16fffff,,,,1,,,,2,1,1.3
891972cc567ffff,,,,,,,,,1,0.1
8919519a43bffff,,,,,,,,,1,0.1
89197326293ffff,,1,,,1,,,,,1.5
89182a3a42fffff,,1,,,,,,1,,1.1
89182c0356fffff,,,,,,,,1,,0.2
89182c16857ffff,1,,,,,,,2,,1.4
89182e58253ffff,,1,,,,,,5,1,2
8918743b367ffff,,,,,,,,1,,0.2
891901a113bffff,,,,,,,,1,,0.2
8919096e54fffff,,,,,,,,1,,0.2
891909aee23ffff,1,,,,,,,2,,1.4
89190c0a043ffff,,,,,,,,1,,0.2
89190d170dbffff,,,,,,,,1,,0.2
89192b62a2fffff,,,,,,,,1,,0.2
89192ba886bffff,1,,,,,,,1,,1.2
891940781d7ffff,,,,1,,,,1,,1
8919416d34bffff,,,,,,,,4,,0.8
891941a1a5bffff,,,,,,,,1,,0.2
8919420cb17ffff,,,,,,,,1,,0.2
89194228cabffff,,,,,,,,1,,0.2
891942d562fffff,,,,,,,,6,1,1.3
89194364e37ffff,,,,,,,,1,,0.2
891943db557ffff,,,,,,,,1,,0.2
89194a562abffff,,,,,,,,1,,0.2
89194a72417ffff,,1,,,,,,1,1,1.2
89194a9526bffff,,,,,,,,1,,0.2
89194ac147bffff,1,,,,,,,3,2,1.8
89194ad0097ffff,,,,,,,,1,,0.2
89194ad062fffff,,,,,,,,3,,0.6
89194ad149bffff,,,,,,,,2,,0.4
89194ad2c87ffff,,,,,,,,1,,0.2
89194ad32cfffff,,,,,,,,2,,0.4
89194ad3627ffff,,,,,,,,3,2,0.8
89194ada2cbffff,1,,,,,,,1,1,1.3
89194ada4a7ffff,,3,,,,,,3,1,3.4
89194e546c7ffff,,,,,,,,1,,0.2
89194e6524fffff,,3,,,,,,1,,2.9
89194e69867ffff,,,,,,,,1,,0.2
89194e9158bffff,,,,,,,,1,,0.2
89195107617ffff,,,,,,,,1,,0.2
891951ab08bffff,,2,,,,,,1,,2
891951b5593ffff,,1,,,,,,1,,1.1
89195264263ffff,,,,,,,,1,,0.2
8919532ca43ffff,,,,,,,,1,,0.2
891953a1083ffff,,2,,,,,,1,,2
89195535a13ffff,,,,,,,,1,,0.2
89195567003ffff,,,,,,,,1,,0.2
89195572c6fffff,,,,,,,,1,,0.2
891955d80d3ffff,1,,,,,,,1,,1.2
89195844e73ffff,,,,,,,,1,,0.2
8919586b4d7ffff,,,,,,,,2,,0.4
89195898423ffff,1,,,,,,,1,,1.2
891958b9267ffff,,,,,,,,1,,0.2
8919597065bffff,1,,,,,,,3,2,1.8
891959b086fffff,,,,,,,,1,,0.2
89195a586a7ffff,,,,,,,,1,,0.2
89195bc6e1bffff,,,,,,,,1,,0.2
89195c35cd7ffff,,,,,,,,1,,0.2
89195c441cbffff,,,,,,,,1,,0.2
89195c95a5bffff,,,,,,,,1,,0.2
89195d09a9bffff,,,,,,,,3,,0.6
89195d29007ffff,,2,,,,,,2,,2.2
89195d36b0fffff,,,,,,,,1,,0.2
89195d65b4fffff,,,,,,,,1,,0.2
89195d8256bffff,,,,,,,,1,,0.2
89195da421bffff,,1,,,,,,4,,1.7
89195da483bffff,,,,,,,,1,,0.2
89195da4b97ffff,,,,,,,,3,,0.6
89195da5e43ffff,,1,,,,,,3,,1.5
89195da69b3ffff,,,,,,,,1,,0.2
89195da6db3ffff,,,,,,,,1,,0.2
89195db0b0fffff,1,1,,,,,,3,2,2.7
89195dcc1abffff,,,,,,,,1,,0.2
89197239437ffff,,1,,1,,,,1,,1.9
89197244137ffff,,,,,,,,1,,0.2
89197274207ffff,,,,,,,,4,,0.8
89197276027ffff,,,,,,,,3,,0.6
89197278e4fffff,,,,,,,,1,,0.2
89197324b23ffff,,1,,,,,,1,2,1.3
8919733529bffff,,1,,,,,,2,,1.3
89197336323ffff,,1,,,,1,,1,1,1.95
8919735b547ffff,,,,,,,,1,,0.2
89182e6f38fffff,,,,,,,,,1,0.1
89194a5b6d3ffff,,,,,,,,,1,0.1
89194ad1617ffff,,,,,,,,,1,0.1
891909ad36fffff,,,,,,,,,1,0.1
89195d245abffff,,,,,,,,,1,0.1
89180132aabffff,2,1,,,,,,2,1,3.4
89182855cb3ffff,,1,,,,,,,1,1
89182c50273ffff,,3,,,,,,,2,2.9
891909ad577ffff,,1,,,,,,,1,1
8919424c9cbffff,,1,,,,,,,1,1
89194842bd7ffff,,,,,,,,,1,0.1
89194e68157ffff,,,,,,,,2,2,0.6
8919586b13bffff,,,,,,,,,1,0.1
89195cc1803ffff,,,,,,,,,2,0.2
89195dc34c7ffff,,,,,,,,,1,0.1
891973320a3ffff,,,,,,,,,3,0.3
89182c8f11bffff,,,,,,,,,1,0.1
89194e2e6bbffff,,2,,,,,,,1,1.9
89182c11d77ffff,1,,,,,,,,,1
89194e141a3ffff,1,,,,,,,,,1
89194e6db63ffff,,,,1,,,,,1,0.9
8919586b5c7ffff,,,,,,,,,1,0.1
89195da5b0bffff,,,,,,,,,1,0.1
89194e69147ffff,,,,,,,,,1,0.1
89182c170bbffff,2,2,,,,,,3,,4.4
89182c8da6bffff,3,,,,,,,,,3
89194ad0ba7ffff,1,,,,,,,,,1
891976001abffff,1,,,,,,,,1,1.1
89182c16293ffff,2,,,,,,,1,,2.2
89182c1764fffff,1,,,1,,,,,,1.8
89182c8913bffff,1,,,,,,,,,1
8919420eb77ffff,1,,,,,,,,,1
89194e69b63ffff,1,,,,,,,,,1
89195198ad3ffff,2,,,,,,,,,2
89195c341c3ffff,1,,,,,,,,,1
89195d2cb73ffff,2,,,,,,,4,,2.8
89195da6153ffff,1,,,,,,,,,1
89195820693ffff,,,,,,,,,1,0.1
89194a9526fffff,,,,,,,,,1,0.1
89182811cd7ffff,,1,,,,,,,,0.9
89182c169d3ffff,,2,,,,,,1,,2
89187416c2fffff,,1,,,,,,,,0.9
8918746ea0bffff,,1,,,,,,,,0.9
89194040c53ffff,,1,,,,,,,,0.9
8919410628bffff,,1,,,,,,,,0.9
8919420110bffff,,1,,1,,,,,,1.7
8919427b2abffff,,1,,,,,,1,,1.1
89194399c67ffff,,1,,,,,,,,0.9
891946551bbffff,,1,,,,,,,,0.9
89194a7203bffff,,1,,,,,6,,,5.58
89194aa1293ffff,,1,,,,,,1,,1.1
89194ac3267ffff,,1,,,,,,,,0.9
89195105643ffff,,1,,,,,,,,0.9
89195185e53ffff,,2,,,,,,,,1.8
891951a1267ffff,1,1,,,,,,,1,2
891951aa147ffff,,1,,,,,,,,0.9
89195243427ffff,,1,,,,,,,,0.9
8919584a983ffff,1,2,,,,,,,1,2.9
89195871677ffff,,1,,,,,,2,,1.3
891958716abffff,,1,,,,,,1,,1.1
891959b8407ffff,,1,,,,,,,,0.9
891959cce5bffff,,2,,,,,,1,,2
89195ba085bffff,1,1,,,,,,,,1.9
89195c0c2c7ffff,,1,,,,,,,,0.9
89195c41acbffff,,1,,,,,,,1,1
89195cdaa03ffff,,1,,,,,,,,0.9
89195d124d7ffff,,1,,,,,,,,0.9
89195d824afffff,,1,,,,,,,,0.9
89197274347ffff,,1,,,,,,,,0.9
8919727446fffff,,1,,,,,,,,0.9
89197322ca3ffff,,4,,,,,1,,,4.38
8919732712fffff,,1,,,,,,,1,1
891976b9337ffff,,1,,,,,,,1,1
89195c82db7ffff,,1,,,,,,,,0.9
89182c8d56bffff,,,,,,,,,1,0.1
891909a6ac7ffff,,,,,,,,,1,0.1
89194298dabffff,,,,,,,,,1,0.1
89194a98a57ffff,,,,,,,,,1,0.1
89194a9a983ffff,,,,,,,,,1,0.1
891951b40b7ffff,,,,,,,,,1,0.1
891952992a7ffff,,,,,,,,,1,0.1
89195832d43ffff,,,,,,,,,1,0.1
89195cadd7bffff,,,,,,,,,1,0.1
89195d9143bffff,,,,,,,,,1,0.1
89195dae22fffff,,,,,,,,,1,0.1
89195db6b47ffff,,,,,,,,,1,0.1
89195dbb097ffff,,,,,,,,,1,0.1
891973268d7ffff,,,,,,,,,1,0.1
891946ad627ffff,,,,,,,,,1,0.1
89195879bcbffff,,,,,,,,2,1,0.5
89194304337ffff,,,,1,,,,1,1,1.1
8919421166bffff,,,,1,,,,,,0.8
89194280a67ffff,,,,1,,,,,,0.8
891942ce05bffff,,,,1,,,,,,0.8
8919430552fffff,,,,1,,,,,,0.8
891943d26dbffff,,,,1,,,,,,0.8
89194855a73ffff,,,,1,,,,2,,1.2
89194e56b7bffff,,,,1,,,,,,0.8
891951b2a0bffff,,,,1,,,,,,0.8
891951b5e97ffff,,,,1,,,,,,0.8
89195824073ffff,,,,1,,,,,,0.8
89195879ea7ffff,,,,1,,,,,1,0.9
89195bb960fffff,,,,1,,,,,1,0.9
89195dd62cbffff,,,,1,,,,,,0.8
8919720d03bffff,,,,1,,,,,,0.8
89194255077ffff,,,,,,,,,2,0.2
891942c99c7ffff,,,,,,,,,1,0.1
89194a8262fffff,,,,,,,,,1,0.1
89194ad216bffff,,,,,,,,,1,0.1
89194e652bbffff,,,,,,,,,1,0.1
8919511754fffff,,,,,,,,,1,0.1
89195844053ffff,,,,,,,,,3,0.3
89195ab6dd7ffff,,,,,,,,,1,0.1
89195cac54bffff,,,,,,,,,1,0.1
89195ccb227ffff,,,,,,,,,1,0.1
89195d8dc27ffff,,,,,,,,,1,0.1
89182e6c45bffff,,,,,,,1,1,,0.98
89182c8dec7ffff,1,,,,,,,,,1
89182e6e353ffff,1,,,,,,,,,1
8918729053bffff,1,,,,,,,,,1
8919093980bffff,1,,,,,,,,,1
891941ad5d7ffff,1,,,,,,,,,1
89194216d23ffff,1,,,,,,,,1,1.1
89194218ed7ffff,1,,,,,,,,,1
891942b9177ffff,1,,,,,,,,,1
89194336853ffff,1,,,,,,,,,1
89194e0ed0bffff,1,,,,,,,,,1
891951a9dd7ffff,1,,,,,,,,,1
89195971553ffff,1,,,,,,,,1,1.1
89195b8ac83ffff,1,,,,,,,,,1
89195c4ab13ffff,1,,,,,,,,1,1.1
89195cb73b7ffff,1,,,,,,,,,1
89195d6e133ffff,1,,,,,,,,,1
89192b6c0a7ffff,,,,,,,,,1,0.1
89194a04d8fffff,,,,,,,,,1,0.1
89194a73303ffff,,,,,,,,,1,0.1
891951809c3ffff,,,,,,,,,1,0.1
89195911cd7ffff,,,,,,,,,1,0.1
89194ec9843ffff,,,,,,,,,2,0.2
8918250adabffff,,,,,,,,,1,0.1
891825c4187ffff,,,,,,,,,1,0.1
89182a9096bffff,,,,,,,,,1,0.1
89187491da3ffff,,,,,,,,,1,0.1
8919410755bffff,,,,,,,,,1,0.1
89194115c43ffff,,,,,,,,,1,0.1
8919413820bffff,,,,,,,,,1,0.1
89194175ea3ffff,,,,,,,,,1,0.1
8919420658bffff,,,,,,,,,1,0.1
89194206ed3ffff,,,,,,,,,1,0.1
8919422aa4bffff,,,,,,,,,1,0.1
8919422e29bffff,,,,,,,,,1,0.1
89194252087ffff,,,,,,,,,1,0.1
89194298323ffff,,,,,,,,,1,0.1
891942a0503ffff,,,,,,,,,1,0.1
891942b9133ffff,,,,,,,,,1,0.1
8919432611bffff,,,,,,,,,1,0.1
8919436a1cfffff,,,,,,,,,1,0.1
891943ae0cbffff,,,,,,,,,1,0.1
89194850073ffff,,,,,,,,,1,0.1
89194855ad7ffff,,,,,,,,,1,0.1
89194a72497ffff,,,,,,,,,1,0.1
89194a7339bffff,,,,,,,,,1,0.1
89194a82ca3ffff,,,,,,,,,1,0.1
89194ad050fffff,,,,,,,,,1,0.1
89194e6d18fffff,,,,,,,,,1,0.1
89194e6d2bbffff,,,,,,,,,1,0.1
89194e72ddbffff,,,,,,,,,1,0.1
89194e92d27ffff,,,,,,,,,1,0.1
8919510750bffff,,,,,,,,,1,0.1
89195180ab3ffff,,,,,,,,,1,0.1
891952d6383ffff,,,,,,,,,1,0.1
891953ad62bffff,,,,,,,,,1,0.1
8919564e937ffff,,,,,,,,,1,0.1
8919568632bffff,,,,,,,,,1,0.1
891956a5dbbffff,,,,,,,,,1,0.1
8919583344bffff,,,,,,,,,1,0.1
89195848cdbffff,,,,,,,,,1,0.1
8919585538fffff,,,,,,,,,1,0.1
891958b586bffff,,,,,,,,,1,0.1
891958ce337ffff,,,,,,,,,1,0.1
89195906307ffff,,,,,,,,,1,0.1
891959495d7ffff,,,,,,,,,1,0.1
891959899c3ffff,,,,,,,,,1,0.1
89195a152c3ffff,,,,,,,,,1,0.1
89195b14c0bffff,,,,,,,,,1,0.1
89195b44073ffff,,,,,,,,,1,0.1
89195b4ebb3ffff,,,,,,,,,1,0.1
89195b6863bffff,,,,,,,,1,1,0.3
89195ba0ea3ffff,,,,,,,,,1,0.1
89195bb02b3ffff,,,,,,,,,1,0.1
89195bd4373ffff,,,,,,,,,1,0.1
89195c0004fffff,,,,,,,,,1,0.1
89195c06a0fffff,,,,,,,,,1,0.1
89195c0dcb7ffff,,,,,,,,,1,0.1
89195c3aad7ffff,,,,,,,,,1,0.1
89195c4d6cfffff,,,,,,,,,1,0.1
89195c60067ffff,,,,,,,,,1,0.1
89195c6102fffff,,,,,,,,1,1,0.3
89195c629dbffff,,,,,,,,,1,0.1
89195cac3c3ffff,,,,,,,,,1,0.1
89195cad327ffff,,,,,,,,,1,0.1
89195d20273ffff,,,,,,,,,1,0.1
89195d4eb37ffff,,,,,,,,,3,0.3
89195dd120bffff,,,,,,,,,1,0.1
891973223abffff,,,,,,,,,1,0.1
89197335a2fffff,,,,,,,,,1,0.1
89194219ca7ffff,,,,,,,,1,,0.2
891942d5537ffff,,,,,,,,1,,0.2
89194307363ffff,,,,,,,,1,,0.2
89194ad95b7ffff,,,,,,,,1,,0.2
89194e59b33ffff,,,,,,,,1,,0.2
891950868c7ffff,,,,,,,,1,,0.2
8919518031bffff,,,,,,,,1,,0.2
8919587b417ffff,,,,,,,,1,,0.2
8919587b5cfffff,,,,,,,,1,,0.2
89195aa2e47ffff,,,,,,,,1,,0.2
89195b41913ffff,,,,,,,,1,,0.2
89195cd0e2fffff,,,,,,,,1,,0.2
89195da4c97ffff,,,,,,,,3,,0.6
8919581a877ffff,,,,,,,,1,,0.2
891959714cbffff,,,,,,,,1,,0.2
8919423040fffff,,,,,,,,,1,0.1
89194e69913ffff,,,,,,,,1,1,0.3
89195871603ffff,,,,,,,,,1,0.1
89195873557ffff,,,,,,,,,2,0.2
8918217480fffff,,,,,,,,1,,0.2
89182e436a7ffff,,,,,,,,1,,0.2
89187463677ffff,,,,,,,,1,,0.2
89194305d17ffff,,,,,,,,2,,0.4
891946ac86bffff,,,,,,,,1,,0.2
89194ac3507ffff,,,,,,,,1,,0.2
89194acb643ffff,,,,,,,,1,,0.2
89194ada28fffff,,,,,,,,1,,0.2
89194ada4d7ffff,,,,,,,,3,,0.6
89194e49e4bffff,,,,,,,,1,,0.2
8919518b293ffff,,,,,,,,1,,0.2
8919529a5cbffff,,,,,,,,2,,0.4
8919554698fffff,,,,,,,,1,,0.2
8919597a1c3ffff,,,,,,,,1,,0.2
89195c3b087ffff,,,,,,1,,1,,0.95
89195c4a953ffff,,,,,,,,1,,0.2
89195cb66afffff,,,,,,,,1,,0.2
89195daadafffff,,,,,,,,1,,0.2
891972921a3ffff,,,,,,,,1,,0.2
891976014c7ffff,,,,,,,,2,,0.4
89197644017ffff,,,,,,,,1,,0.2
891976981afffff,,,,,,,,1,,0.2
891959091c7ffff,,,,,,,,,1,0.1
89180cda953ffff,,,,,,,,,1,0.1
89194ad0ec7ffff,,,,,,,,,1,0.1
89195998bbbffff,,,,,,,,,1,0.1
89195cad8cfffff,,,,,,,,,1,0.1
89197276423ffff,,,,,,,,,1,0.1
891942c4c4fffff,,,,,,,,,8,0.8
891909a1a4fffff,1,,,,,,,,,1
89194a725cfffff,1,,,,,,,,,1
8918748a1b7ffff,,,,,,,,,1,0.1
89195eb242bffff,,,,,,,,,1,0.1
89195844333ffff,,5,,,,,,5,4,5.9
891821a9477ffff,,,,,1,,,1,,0.8
89182c1054fffff,,,,,1,,,1,,0.8
89182c1b103ffff,1,,,,2,,,1,,2.4
891942c5d6bffff,,7,,,7,1,,8,1,12.95
891948515dbffff,,,,,1,,,,1,0.7
89194aaa363ffff,,,,,1,,,1,,0.8
89194ad032fffff,,,,,1,,,1,1,0.9
89194adb0b7ffff,,,,,1,,,1,,0.8
89194e61843ffff,,,,,1,,,,,0.6
8919518ed2fffff,,,,,1,,,,,0.6
891959ab2cfffff,,1,,,1,,,,1,1.6
89195c171c7ffff,,,,,1,,,,,0.6
89195c1a04fffff,,,,,1,,,,,0.6
89195c25407ffff,,,,,1,,,,,0.6
89195c34037ffff,,2,,1,2,,,12,2,6.4
8919727438fffff,,,,,1,,,,,0.6
8919728a57bffff,1,2,,,2,,,5,4,5.4
8919768cc37ffff,,,,,1,,,,,0.6
89182811c8fffff,1,,,,1,,,3,1,2.3
89182c0e643ffff,2,,,,1,,,,,2.6
89182c10da7ffff,,,,,1,,,,,0.6
891942c5d63ffff,1,6,,,2,,,17,,11
89194360837ffff,3,8,,,3,1,,9,6,15.15
89194a85157ffff,2,1,,,1,,,,,3.5
89194ac1487ffff,,2,,,6,,,8,,7
89194ace637ffff,1,3,,,3,,,6,1,6.8
891951b75cbffff,,3,,,2,,,5,,4.9
89195904cb3ffff,1,2,,,1,,,5,1,4.5
89195d244abffff,,1,,,1,,,,,1.5
891972744d3ffff,5,1,,,1,,,3,2,7.3
89197276573ffff,1,2,,,2,,,15,,7
89182992ac7ffff,,1,,,,,,1,,1.1
891909ac01bffff,,,,,,,,2,,0.4
891909af0d7ffff,3,2,,1,,,,5,1,6.7
89194254a07ffff,,,,,,,,1,,0.2
891942b2bcfffff,,,,,,,,1,,0.2
89194ad30a7ffff,,,,,,,,1,,0.2
89194ad3657ffff,2,3,,,,,,7,1,6.2
89194ada48fffff,,,,,,,,1,,0.2
8919510467bffff,,,,,,,,2,,0.4
89195a1409bffff,,1,,,,,1,5,,2.68
89195b4441bffff,,2,,,,,,2,4,2.6
891972395dbffff,1,,,,,,,3,,1.6
891972396abffff,,1,,,,,,1,,1.1
8919727658fffff,,,,,,,,11,,2.2
89197322dcfffff,,,,,,,,7,,1.4
89195180387ffff,,,,,,,4,,,3.12
891952d6e6fffff,,,,,,,,1,2,0.4
891909ac007ffff,,,,,,,,1,1,0.3
89194ad998fffff,,2,,,,,,3,2,2.6
89197278257ffff,,,,,,,,,1,0.1
891976bb66bffff,1,1,,,,,,3,1,2.6
89195d38353ffff,,,,,,,,,1,0.1
891805b439bffff,2,1,,,,,,2,,3.3
891825ba44fffff,,,,,,,,1,1,0.3
89182c8db5bffff,,,,1,,,,3,,1.4
89182cb9263ffff,,,,1,,,1,4,2,2.58
891870da893ffff,,,,,,,,1,,0.2
89187471a53ffff,,,,,,,,3,1,0.7
891909c826bffff,,,,,,,,4,1,0.9
89190e866c7ffff,,,,,,,,1,,0.2
8919407b65bffff,,,,,,,,1,,0.2
89194105a93ffff,,,,,,,,1,,0.2
8919414e967ffff,,,,,,,,1,,0.2
8919416c49bffff,,,,,,,,1,,0.2
89194201d4bffff,,,,,,,,2,,0.4
8919420c957ffff,,,,,,,,3,,0.6
8919420cba7ffff,1,3,,,,,,5,,4.7
8919424e3b3ffff,1,,,,,,,1,,1.2
8919425428bffff,,,,,,,,1,,0.2
8919429ac5bffff,1,,,,,,,1,,1.2
891942a94c3ffff,,,,,,,,1,,0.2
891942cc2d7ffff,,2,,,,,,2,,2.2
891942cc327ffff,,1,,,,,,1,,1.1
8919432c28fffff,,2,,,,,,2,,2.2
89194335b93ffff,,,,,,,,1,,0.2
8919435845bffff,1,1,,,,,,2,,2.3
89194360813ffff,1,,,,,,,1,2,1.4
891943c816fffff,,,,,,,,3,1,0.7
891946acbd7ffff,,,,,,,,1,,0.2
891946ad3dbffff,,,,,,,,1,1,0.3
89194840e8fffff,,,,,,,,1,,0.2
89194a049d7ffff,,,,,,,,1,,0.2
89194a72567ffff,,,,,,,2,1,,1.76
89194ac0c3bffff,,,,,,,,1,,0.2
89194ac263bffff,,,,,,,,1,1,0.3
89194aca46fffff,,,,,,,,1,,0.2
89194ad8c07ffff,,1,,,,,,7,1,2.4
89194adb12bffff,1,,,,,,,3,,1.6
89194e0ec57ffff,,,,,,,,1,,0.2
89194e26a67ffff,,,,,,,,1,,0.2
89194e6847bffff,,1,,,,,,2,1,1.4
89194e6cc5bffff,,,,,,,,1,,0.2
8919511768bffff,,,,,,,,1,,0.2
89195183167ffff,,,,,,,,3,,0.6
891953ac403ffff,,,,,,,,1,,0.2
89195538333ffff,,,,,,,,2,,0.4
8919556205bffff,1,,,,,,,1,,1.2
8919580c4d3ffff,,,,,,,,1,,0.2
8919587a113ffff,,2,,,,,,2,1,2.3
891958855d3ffff,,,,,,,,1,,0.2
8919588c057ffff,,,,,,,,2,,0.4
8919588c0b3ffff,,,,,,,,1,,0.2
891959025abffff,2,,,,,,,2,,2.4
891959119b7ffff,,,,,,,,1,,0.2
89195a2c15bffff,,,,,,,,2,,0.4
89195a503c7ffff,,,,,,,,4,1,0.9
89195aa02a3ffff,,,,,,,,1,,0.2
89195aaae77ffff,,,,,,,,1,1,0.3
89195b44553ffff,,1,,,,,,2,,1.3
89195c25443ffff,,1,,,,,,1,,1.1
89195c39e07ffff,,,,,,,,1,,0.2
89195c3a56fffff,,,,,,,,1,,0.2
89195c4a90bffff,,,,,,,,4,,0.8
89195c98ea7ffff,,,,,,,,1,,0.2
89195cada7bffff,,,,,,,,2,,0.4
89195d24a2fffff,,1,,,,,,1,,1.1
89195d2b027ffff,,,,,,,,1,,0.2
89195d32243ffff,,,,,,,,1,,0.2
89195d80923ffff,1,,,,,,,1,1,1.3
89195da22d3ffff,,1,,,,,,2,,1.3
89195da6107ffff,,,,,,,,1,,0.2
89195da6837ffff,1,1,,,,,,2,,2.3
89195da6c0fffff,3,1,,,,,,3,,4.5
89195e24bd3ffff,,,,,,,,1,,0.2
8919720b313ffff,,,,,,,,1,,0.2
8919720cbc3ffff,,3,,,,,,1,,2.9
8919724d5cfffff,1,,,,,,,3,,1.6
891972763a3ffff,,,,,,,,1,,0.2
891972765afffff,1,,,,,,,12,3,3.7
89197279e97ffff,3,,,,,,,1,,3.2
89197300c17ffff,,,,,,,,1,,0.2
89197335397ffff,,2,,,,,,3,,2.4
891976bb253ffff,,,,,,1,,3,,1.35
89194ad0927ffff,,,,,,,,,2,0.2
89194243133ffff,,,,,,,,,1,0.1
89194a5144bffff,,,,,,,,,1,0.1
89194e68ac3ffff,,,,,,,,,1,0.1
891940735afffff,2,,,,,,,,1,2.1
8919421b343ffff,,,,,,,,,1,0.1
8919422ea4bffff,,,,,,,,,1,0.1
891951853a7ffff,6,1,,,,,,1,2,7.3
89195c05937ffff,,,,,,,,,1,0.1
891973c48c7ffff,,,,,,,,,1,0.1
89182c17247ffff,,,,,,,,,1,0.1
89194333053ffff,,,,,,,,,1,0.1
891951b5303ffff,,,,,,,,,1,0.1
8919587a533ffff,,,,,,,,,1,0.1
89195c8e9b7ffff,1,,,,,,,1,1,1.3
89195d2b18bffff,,,,,,,,,1,0.1
89182a3a5afffff,1,,,,,,,,,1
89194ad523bffff,1,,,,,,,,,1
89182e6c4d7ffff,1,,,,,,,,1,1.1
89182c17483ffff,1,,,,,,,2,1,1.5
891909ac13bffff,1,,,,,,,,,1
8919426a49bffff,3,,,,,,,,,3
891942c58d3ffff,2,2,,,,,,,1,3.9
891942cf587ffff,2,,,,,,,,1,2.1
89194ad0dbbffff,1,,,,,,,,,1
89195185833ffff,1,,,,,,,,,1
89195804a8fffff,1,,,,,,,,,1
891959a9c13ffff,1,,,,,,,1,,1.2
89182a05a17ffff,1,1,,,,,,1,,2.1
89182c17023ffff,1,,,,,,,,,1
89182c17507ffff,2,2,,,,,,4,,4.6
89194acf53bffff,1,,,,,,,,,1
8919587a1d3ffff,2,,,,,,,,,2
89195da6913ffff,1,,,,,,,1,,1.2
891972744cbffff,2,,,,,,,,,2
89194ad2c5bffff,,,,1,,,,,,0.8
89182585bbbffff,,1,,,,,,,1,1
89182cab31bffff,,1,,,,,,,,0.9
89182e6c4d3ffff,1,1,,,,,,3,,2.5
89182e6f14fffff,,1,,,,,,,,0.9
8918740c527ffff,,1,,,,,,2,,1.3
89192871d13ffff,,1,,,,,,4,,1.7
891942018b3ffff,,1,,,,,,,,0.9
8919424da0fffff,,1,,,,,,,,0.9
8919425683bffff,,1,,,,,,,,0.9
89194262cdbffff,,1,,,,,,,1,1
89194348ad7ffff,,1,,,,,,,,0.9
8919435b127ffff,,1,,,,,,,,0.9
89194619cdbffff,,1,,,,,,,1,1
89194a88353ffff,,3,,,,,,,,2.7
89194ac818bffff,,1,,,,,,,,0.9
89194ada1d3ffff,,2,,,,,,1,,2
89194e2a65bffff,,1,,,,,,,,0.9
89194e68b8fffff,,1,,,,,,,,0.9
89195104427ffff,,1,,,,,,,,0.9
89195123437ffff,1,1,,,,,,,,1.9
89195180c4bffff,,1,,,,,,,,0.9
891951a1e7bffff,,1,,,,,,,,0.9
891951a299bffff,,1,,,,,,,,0.9
891951d4973ffff,,1,,,,,,,,0.9
8919587995bffff,,1,,,,,,,1,1
8919588562fffff,,1,,,,,,,,0.9
8919588c013ffff,,1,,,,,1,,,1.68
891959024afffff,,1,,,,,,,,0.9
8919590d6a7ffff,1,1,,,,,,1,,2.1
891959aa01bffff,,1,,,,,,,,0.9
89195aa068bffff,,1,,,,,,,,0.9
89195abaa2bffff,,1,,,,,,,,0.9
89195bae5b7ffff,,1,,,,,,,1,1
89195c4a99bffff,,1,,,,,,,1,1
89195d04d1bffff,,1,,,,,,,,0.9
89195d09a43ffff,,1,,,,,,,,0.9
89195d28477ffff,,2,,,,,,,,1.8
89195d2cdcfffff,,1,,,,,,,,0.9
89195d30d03ffff,,1,,,,,,,,0.9
89195d7904fffff,,1,,,,,,,,0.9
89195d88e37ffff,,1,,,,,,,,0.9
89195db5e1bffff,,3,,,,,,,,2.7
89197239613ffff,2,1,,,,,,,,2.9
89197272637ffff,1,1,,,,,,,1,2
89197276153ffff,1,3,,,,,,5,1,4.8
89197334643ffff,,1,,,,,,,1,1
8919733541bffff,,3,,,,,,,1,2.8
891805aa087ffff,,,,,,,,,1,0.1
89182c8134bffff,,,,,,,,,2,0.2
8919424a277ffff,,,,,,,,,1,0.1
89194364e7bffff,,,,,,,,,1,0.1
89194a81167ffff,,,,,,,,,1,0.1
89194e8500bffff,1,,,,,,,,1,1.1
89195131b67ffff,,,,,,,,,1,0.1
89195b9069bffff,,,,,,,,,1,0.1
89195cb64d3ffff,,,,,,,,,1,0.1
89195cb7233ffff,,,,,,,,,1,0.1
89195d65b6fffff,,,,,,,,,1,0.1
8919761a667ffff,,,,,,,,,1,0.1
8919762aecbffff,,,,,,,,1,1,0.3
89182c1b10fffff,,,,1,,,,5,,1.8
8919721a45bffff,,,,1,,,,,,0.8
891909ac557ffff,,,,,,,,2,1,0.5
891951b7407ffff,,,,,,,,1,1,0.3
89194ac0423ffff,,,,,,,,,2,0.2
891951b72afffff,,,,,,,,,1,0.1
891951d6a17ffff,,,,,,,,,1,0.1
89195980aafffff,,,,,,,,,1,0.1
89182c14667ffff,1,,,,,,,,,1
89182c17633ffff,1,,,,,,,,,1
89182e6e1abffff,1,,,,,,,1,,1.2
8919424191bffff,1,,,,,,,,,1
89194305d83ffff,1,,,,,,,,,1
891943244b7ffff,1,,,,,,,,,1
89194a0f597ffff,1,,,,,,,1,,1.2
891958801cfffff,1,,,,,,,,,1
891958a758fffff,1,,,,,,,,,1
89195ad9147ffff,1,,,,,,,,,1
891972453dbffff,1,,,,,,,,,1
89197322d6fffff,1,,,,,,,,,1
89197329223ffff,1,,,,,,,,,1
89192b08637ffff,,,,,,,,,1,0.1
89194a8b293ffff,,,1,,,,,,,0.7
89194acc597ffff,,,,,,,,,1,0.1
891823ab5abffff,,,,,,,,,1,0.1
891825a6183ffff,,,,,,,,,1,0.1
891825b619bffff,,,,,,,,,1,0.1
891825ba86fffff,,,,,,,,,1,0.1
891870d18c3ffff,,,,,,,,,1,0.1
89190130023ffff,,,,,,,,,1,0.1
89190cad39bffff,,,,,,,,,1,0.1
891940735abffff,,,,,,,,,1,0.1
89194214807ffff,,,,,,,,,1,0.1
89194285b13ffff,,,,,,,,,1,0.1
891942a4203ffff,,,,,,,,,1,0.1
89194326c0fffff,,,,,,,,,1,0.1
89194393563ffff,,,,,,,,,1,0.1
89194636adbffff,,,,,,,,,1,0.1
89194c5b4a3ffff,,,,,,,,,1,0.1
89194e6abcbffff,,,,,,,,,1,0.1
89194e6de13ffff,,,,,,,,,1,0.1
89194ed3177ffff,,,,,,,,,1,0.1
891950b4e83ffff,,,,,,,,,1,0.1
8919518c173ffff,,,,,,,,,1,0.1
89195215613ffff,,,,,,,,,1,0.1
891952418cbffff,,,,,,,,,1,0.1
89195241947ffff,,,,,,,,,1,0.1
891952993b7ffff,,,,,,,,,1,0.1
891952d6bdbffff,,,,,,,,1,1,0.3
89195422a67ffff,,,,,,,,,1,0.1
891955182cbffff,,,,,,,,,1,0.1
89195576d4bffff,,,,,,,,,1,0.1
891955cf19bffff,,,,,,,,,1,0.1
8919566cc03ffff,,,,,,,,,1,0.1
891958068cfffff,,,,,,,,,1,0.1
8919584f483ffff,,,,,,,,,1,0.1
89195890d67ffff,,,,,,,,,1,0.1
891958ad837ffff,,,,,,,,,1,0.1
891958b6a33ffff,,,,,,,,,1,0.1
891958c1873ffff,,,,,,,,,1,0.1
891958c2aa7ffff,,,,,,,,,1,0.1
891958cb3dbffff,,,,,,,,,1,0.1
891959026d7ffff,,,,,,,,,1,0.1
8919597b1afffff,,,,,,,,,1,0.1
89195988cc7ffff,,,,,,,,,1,0.1
891959b0d0bffff,,,,,,,,,1,0.1
891959b8167ffff,,,,,,,,,1,0.1
891959c2083ffff,,,,,,,,,1,0.1
89195b6194bffff,,,,,,,,1,1,0.3
89195bba67bffff,,,,,,,,,1,0.1
89195c04963ffff,,,,,,,,,1,0.1
89195c04b27ffff,,,,,,,,,1,0.1
89195c0c4bbffff,,,,,,,,,1,0.1
89195c0ce87ffff,,,,,,,,,1,0.1
89195c226b7ffff,,,,,,,,,1,0.1
89195c2b057ffff,,,,,,,,,1,0.1
89195c4e2d7ffff,,,,,,,,,1,0.1
89195c8f223ffff,,,,,,,,,1,0.1
89195caa88fffff,,,,,,,,,1,0.1
89195caa94fffff,,,,,,,,,1,0.1
89195cb632bffff,,,,,,,,,1,0.1
89195d0d2a3ffff,,,,,,,,,1,0.1
89195d18cdbffff,,,,,,,,,1,0.1
89195d6b217ffff,,,,,,,,,1,0.1
89197279173ffff,,,,,,,,,1,0.1
891973253cfffff,,,,,,,,,1,0.1
89197334c9bffff,,,,,,,,,1,0.1
891801814cbffff,,,,,,,,1,,0.2
89182a48b97ffff,,,,,,,,5,,1
891874bad3bffff,,,,,,,,1,,0.2
89194266a4fffff,,,,,,,,1,,0.2
89194a92e8bffff,,,,,,,,1,,0.2
89194e69d5bffff,,,,,,,,1,,0.2
89195104287ffff,,,,,,,,1,,0.2
89195842a0bffff,,,,,,,,1,,0.2
89195868207ffff,,,,,,,,1,,0.2
8919586e86fffff,,,,,,,,1,,0.2
89195b73017ffff,,,,,,,,1,,0.2
89195b8631bffff,,,,,,,,1,,0.2
89195c87617ffff,,,,,,,,1,,0.2
89195d09b93ffff,,,,,,,,2,,0.4
89195d3666bffff,,,,,,,,1,,0.2
89195da19abffff,,,,,,,,1,,0.2
89195da3197ffff,,,,,,,,1,,0.2
89195dad847ffff,,,,,,,,1,,0.2
8919591a617ffff,,,,,,,,1,,0.2
891828c4e73ffff,,,,,,,,,2,0.2
89182a2ac5bffff,,,,,,,,,1,0.1
8919094c19bffff,,,,,,,,,1,0.1
89194178063ffff,,,,,,,,,1,0.1
891951ac81bffff,,,,,,,,,1,0.1
891959d5d0fffff,,,,,,,,,1,0.1
89180599203ffff,,,,,,,,1,,0.2
891805b4e43ffff,,,,,,,,1,,0.2
891870daa03ffff,,,,,,,,1,,0.2
8919407216fffff,,,,,,,,1,,0.2
89194ada6b7ffff,,,,,,,,2,,0.4
89194adb047ffff,,,,,,,,1,,0.2
891951ab01bffff,,,,,,,,1,,0.2
89195847333ffff,,,,,,,,1,,0.2
89195d2cabbffff,,,,,,,,1,,0.2
89195d72617ffff,,,,,,,,1,,0.2
89195d81163ffff,,,,,,,,1,,0.2
89194ad2677ffff,,,,,,,,,1,0.1
89197276ca3ffff,,,,,,,,,1,0.1
89194a823b3ffff,,,,,,,,,1,0.1
89194ac6a6bffff,,,,,,,,,1,0.1
89195c67343ffff,,,,,,,,,1,0.1
89195a01d77ffff,,,,,,,,,1,0.1
891909ac023ffff,1,,,,,,,,,1
891951ab1a3ffff,1,,,,,,,,,1
891951b503bffff,1,,,,,,,,,1
89195d2e9b7ffff,1,,,,,,,,,1
891942da923ffff,,,,,,,,,1,0.1
89195565c37ffff,,,,,,,,,1,0.1
891828c4d07ffff,,,,,,,,,1,0.1
89182c16c03ffff,1,2,,,1,,,1,1,3.7
89182c16c53ffff,1,2,,,1,,,1,7,4.3
891909ace73ffff,,,,,2,,,1,5,1.9
8919430430bffff,,,,,1,,,,,0.6
89194a4a64fffff,,,,,1,,,1,,0.8
89194aa8493ffff,1,,,,1,,,,2,1.8
89194ad168fffff,,3,,1,1,,,6,1,5.4
89194ad16cbffff,,,,,1,,,1,,0.8
89195094b63ffff,,1,,,1,,,,,1.5
891959aa687ffff,,2,,,2,,,,,3
89195b016dbffff,,,,,1,,,,1,0.7
89195da49b7ffff,1,,,,2,,,4,1,3.1
89195da6323ffff,,,,,1,,,,1,0.7
89195da6e87ffff,,5,,,2,,,6,9,7.8
8919726001bffff,,,,,2,,,,1,1.3
891825052c7ffff,,,,,1,,,1,1,0.9
89182a3a46fffff,,1,,,1,,,4,,2.3
89182c16373ffff,6,6,,1,1,1,,12,2,16.15
89182c175dbffff,,,,,1,,,5,,1.6
8919411128bffff,,,,,1,,,,1,0.7
8919420c963ffff,,,,,1,,,3,1,1.3
8919467830bffff,,,,,1,,,,,0.6
89194e78337ffff,,,,,1,,,,,0.6
89195988b8bffff,,,,,1,,,3,,1.2
89195c93463ffff,,,,,1,,,2,,1
89195cd11bbffff,2,1,,1,2,,,12,3,7.6
89195da6467ffff,,2,,,1,,,3,2,3.2
8919724dccfffff,,2,,,2,,,5,1,4.1
891942a8457ffff,,,,,,,,2,,0.4
891942d7313ffff,,,,,,,,1,,0.2
891948c1b63ffff,,,,,,,,1,,0.2
89194e0d323ffff,1,6,,,1,,,32,4,13.8
8919510465bffff,,,,,,,,2,,0.4
89195d09ab7ffff,,2,,,,,,19,,5.6
89195da49bbffff,,4,,,,,1,27,4,10.18
89195da6e07ffff,2,,,,,,,10,,4
89195da6e23ffff,,,,,,,,8,3,1.9
8919728f177ffff,,,,,,,,2,,0.4
8919735a297ffff,,,,,,,,1,,0.2
8919593201bffff,,1,,1,,,1,4,,3.28
891952d633bffff,,,,,,,,,1,0.1
891952d63afffff,,,,,,,,,1,0.1
891952d6e77ffff,,,,,,,,,1,0.1
89194ad8e37ffff,,,,,,,,4,1,0.9
891951b75d3ffff,,,,,,,,1,1,0.3
891958aa197ffff,,,,,,,,,1,0.1
89195900c3bffff,,,,,,,,,1,0.1
89195cac30fffff,,,,,,,,,1,0.1
8919735a0abffff,,,,,,,,1,1,0.3
8919580c8c7ffff,,1,,,1,,,1,1,1.8
8918215a19bffff,,,,1,,,,1,,1
89182811c8bffff,,,,,,,,1,,0.2
89182a04bd7ffff,1,,,,,,,1,,1.2
89182c10da3ffff,2,,,,,,,1,,2.2
89182c16e8fffff,4,2,,,,,,1,,6
89182c1700fffff,2,,,,,,,1,,2.2
89182c89137ffff,,,,,,,,2,,0.4
89182c8db4bffff,,,,,,,,3,,0.6
89182eb42a7ffff,,,,,,,,1,,0.2
89190125e43ffff,,,,,,,,1,2,0.4
89190d8db97ffff,1,2,,,,,,3,,3.4
89192871d8fffff,,,,,,,,2,,0.4
89192b636d3ffff,,,,,,,,1,,0.2
89192b6c193ffff,,1,,,,,,5,2,2.1
89194072463ffff,1,1,,,,,,1,1,2.2
8919410e9a7ffff,,,,,,,,2,,0.4
8919420c92bffff,,1,,,,,,2,,1.3
89194214937ffff,,,,,,,,1,,0.2
8919422e283ffff,,2,,,,,,1,,2
89194248b1bffff,,,,,,,,1,,0.2
891942ce62fffff,,1,,,,,,1,1,1.2
891943583d3ffff,,,,,,,,2,,0.4
89194a7a18bffff,,,,,,,,1,1,0.3
89194ac2e53ffff,1,1,,,,,,3,1,2.6
89194ac315bffff,,,,,,,,1,,0.2
89194ad12afffff,,1,,,,,,1,,1.1
89194ad1637ffff,,,,,,,,8,,1.6
89194ad1b2fffff,,,,,,,,2,,0.4
89194ad1c6bffff,,2,,,,,,2,,2.2
89194ad2033ffff,,,,,,,,1,,0.2
89194ad2093ffff,,,,,,,,1,,0.2
89194ad222fffff,,,,,,,,1,,0.2
89194ad3023ffff,,,,,,,,2,,0.4
89194ad347bffff,,,,,,,,2,,0.4
89194ad598bffff,,,,,,,,1,,0.2
89194adab8bffff,,1,,,,,,1,,1.1
89194adad3bffff,,,,,,,,1,,0.2
89194e0764fffff,,,,,,,,1,,0.2
89194e09b17ffff,,,,,,,,1,,0.2
89194e6d677ffff,,,,,,,,1,,0.2
891951234abffff,,,,,,,,2,,0.4
8919513089bffff,,,,,,,,1,,0.2
8919518db47ffff,,,,,,,,1,,0.2
891952d6a1bffff,,,,,,,,1,1,0.3
891953b6b63ffff,,1,,,,,,2,,1.3
89195569c13ffff,,,,,,,,1,,0.2
891955a9c43ffff,,,,,,,,1,,0.2
8919586b437ffff,,,,,,,,1,,0.2
89195879b57ffff,,1,,1,,,,1,1,2
8919587a0c3ffff,,,,,,,,1,2,0.4
8919587a4b7ffff,,,,,,,,1,1,0.3
8919588b017ffff,,,,1,,,,1,2,1.2
891959305dbffff,,,,,,,,2,,0.4
89195991a93ffff,2,,,,,,,2,,2.4
891959ba93bffff,,3,,,,,,3,1,3.4
891959cce57ffff,,,,,,,,1,,0.2
89195a01c03ffff,,,,,,,,1,,0.2
89195a84297ffff,,,,,,,,1,,0.2
89195ab49d3ffff,,,,,,,,1,,0.2
89195b9a9afffff,,,,,,,,1,,0.2
89195c059cfffff,,,,,,,,1,,0.2
89195c3b1c7ffff,,1,,,,,,2,,1.3
89195c5aa07ffff,,,,,,,,1,,0.2
89195c95ad3ffff,,,,,,,,1,,0.2
89195cadcc7ffff,,1,,,,,,1,,1.1
89195cb6153ffff,2,2,,,,,,3,,4.4
89195d093bbffff,,,,,,,,1,,0.2
89195d6ec67ffff,1,,,,,,,2,,1.4
89195da4393ffff,,1,,,,,,2,,1.3
89195da447bffff,,,,,,,,1,,0.2
89195da4907ffff,,1,,,,,,2,1,1.4
89195da4d07ffff,,1,,,,,,4,,1.7
891972735bbffff,,,,,,,,1,,0.2
89197279e9bffff,,,,,,,,1,,0.2
89197322a0fffff,,1,,,,,,4,,1.7
89197322d53ffff,,,,,,,,2,,0.4
89197335203ffff,,,,,,,,1,,0.2
89197351933ffff,,,,,,,,1,,0.2
891973b9bcbffff,,,,,,,,1,,0.2
89194e6f0c3ffff,1,,,,,,,,1,1.1
89195904c97ffff,,,,,,,,,2,0.2
89182c12a43ffff,,,,,,,,,2,0.2
8919434da57ffff,,,,,,,,,1,0.1
891955ce8b3ffff,,,,,,,,,1,0.1
89195b46eafffff,,,,,,,,,1,0.1
89195c31e1bffff,,,,,,,,,2,0.2
89197260157ffff,,,,,,,,,2,0.2
8919728b2b3ffff,,,,,,,,,1,0.1
89197322583ffff,,,,,,,,,3,0.3
89182c8c423ffff,,,,,,,,,1,0.1
89194e0d307ffff,,,,,,,,1,1,0.3
89195c340a3ffff,1,1,,,,,,1,1,2.2
89195cb6077ffff,,,,,,,,,1,0.1
89197331a8fffff,,,,,,,,,1,0.1
89182c8f2b7ffff,1,2,,,,,,,,2.8
891909b630fffff,,,,,,,,,1,0.1
89195b440b3ffff,,,,,,,,,1,0.1
89182e58683ffff,1,,,,,,,,,1
89187468d67ffff,1,,,,,,,,,1
891942d5553ffff,1,,,,,,,,,1
89194304a4bffff,1,,,,,,,,,1
891951af4c7ffff,1,,,,,,,,,1
891959a05cfffff,2,1,,,,,,,1,3
89195b46a57ffff,1,,,,,,,1,2,1.4
89182c0aa0fffff,2,,,,,,,,,2
89182c10667ffff,1,,,,,,,,,1
89182e39613ffff,1,,,,,,,,,1
89182e505dbffff,2,,,,,,,,,2
89194e69237ffff,1,,,,,,,,,1
89197276183ffff,1,,,,,,,1,,1.2
89182125a47ffff,,1,,,,,,,,0.9
8918215a1c7ffff,,1,,,,,,2,,1.3
89182c12903ffff,,1,,,,,,,,0.9
89182c8daa3ffff,,1,,,,,,,1,1
89182e0cb2fffff,,1,,,,,,,1,1
89192b6c557ffff,,1,,,,,,,,0.9
89194042007ffff,1,1,,,,,,,1,2
89194218ec7ffff,,1,,,,,,,,0.9
8919421a82fffff,,1,,,,,,,,0.9
8919422cb6bffff,,1,,,,,,,,0.9
89194239213ffff,,1,,,,,,,,0.9
8919424ead7ffff,,1,,,,,,,,0.9
891942550a3ffff,,1,,,,,,,1,1
891942a96abffff,,1,,,,,,,,0.9
891946a948bffff,,1,,,,,,,,0.9
89194a725a7ffff,,2,,,,,,1,,2
89194a826c3ffff,,1,,,,,,,,0.9
89194ad258fffff,,1,,,,,,1,,1.1
89194ed41a7ffff,,1,,,,,,,,0.9
89194ed8653ffff,,1,,1,,,,1,,1.9
89195107163ffff,,2,,,,,,,1,1.9
891951b4c6bffff,,1,,,,,,,,0.9
891952d456fffff,1,1,,,,,,,,1.9
89195832d8fffff,,4,,,,,,2,,4
8919587694fffff,,1,,,,,,,,0.9
89195885637ffff,1,1,,,,,,,,1.9
8919588c14fffff,,1,,,,,,,,0.9
89195906387ffff,,1,,,,,,2,,1.3
8919590d487ffff,1,3,,,,,,,,3.7
891959aa44fffff,,1,,,,,,,,0.9
89195aa0073ffff,,1,,,,,,1,,1.1
89195c01a73ffff,,1,,,,,,,1,1
89195c04253ffff,,2,,,,,,,,1.8
89195c0dbc3ffff,,1,,,,,,,,0.9
89195cb73a3ffff,,1,,,,,,,,0.9
89195d04d77ffff,,1,,,,,,,,0.9
89195d24a83ffff,,1,,,,,,,,0.9
89195d2e3a7ffff,1,1,,,,,,,,1.9
89195d2eabbffff,,3,,,,,,4,,3.5
89195d30ad3ffff,,1,,,,,,,,0.9
89195d31553ffff,,1,,,,,,,,0.9
89195d7244fffff,,2,,,,,,,,1.8
89195da016bffff,,1,,,,,,,,0.9
891972733abffff,1,1,,,,,,,,1.9
89197276313ffff,,1,,,,,,,2,1.1
891972cc00bffff,,1,,,,,,,,0.9
89182e6c493ffff,,,,,,,,,1,0.1
891909ac693ffff,,,,,,,,,1,0.1
8919425502bffff,,,,,,,,,1,0.1
89194644c07ffff,,,,,,,,,1,0.1
89194ad1373ffff,,,,,,,,,1,0.1
891959aa613ffff,,,,,,,,,1,0.1
89195bd6bb7ffff,,,,,,,,,2,0.2
89195c34203ffff,,,,,,,,,1,0.1
89195cb3207ffff,,,,,,,,,1,0.1
89195cd5243ffff,,,,,,,,,1,0.1
89195d2c24bffff,,,,,,,,,1,0.1
89195d31887ffff,,,,,,,,1,1,0.3
89195d3660fffff,,,,,,,,,1,0.1
89195d3802bffff,,,,,,,,,1,0.1
89195da060bffff,,,,,,,,,1,0.1
891972a815bffff,,,,,,,,,1,0.1
8919735b09bffff,,,,,,,,,1,0.1
89195cc231bffff,1,,,,,,,,,1
89182c8dbd7ffff,,,,1,,,,,,0.8
891874b49afffff,,,,1,,,,,1,0.9
8919410a9dbffff,,,,1,,,,,,0.8
89194842967ffff,,,,1,,,,,,0.8
89194ac9d13ffff,,,,1,,,,,1,0.9
891951b407bffff,,,,1,,,,,,0.8
89195db4d07ffff,,,,1,,,,,,0.8
89195dc1cd7ffff,,,,1,,,,,,0.8
891972449c7ffff,,,,1,,,,,,0.8
891972764cfffff,,,,1,,,,,,0.8
89197320627ffff,,,,1,,,,,,0.8
89195bce5cfffff,,1,,,,,,,,0.9
89194a0d217ffff,,,,,,,1,,,0.78
891909af6afffff,,,,,,,,,1,0.1
89194304e63ffff,,,,,,,,,1,0.1
891943059bbffff,,,,,,,,,1,0.1
89194aa805bffff,,,,,,,,,4,0.4
89194ad11cfffff,,,,,,,,,1,0.1
89194ebb28bffff,,,,,,,,,2,0.2
89195131a1bffff,,,,,,,,,1,0.1
891958449cbffff,,,,,,,,,2,0.2
89195ab1b3bffff,,,,,,,,,2,0.2
89195daeedbffff,,,,,,,,,1,0.1
89197239377ffff,,,,,,,,,1,0.1
8919420a657ffff,,,,,,,1,,,0.78
89192888ec7ffff,1,,,,,,,,,1
89194207047ffff,1,,,,,,,,1,1.1
8919421415bffff,1,,,,,,,,1,1.1
89194225373ffff,1,,,,,,,,1,1.1
891943586afffff,1,,,,,,,1,,1.2
891946613b3ffff,1,,,,,,,,,1
89194e2f4b3ffff,1,,,,,,,,,1
89195114bcbffff,1,,,,,,,,1,1.1
891951393cbffff,1,,,,,,,,,1
891951b74b3ffff,1,,,,,,,2,,1.4
891958395b3ffff,1,,,,,,,,,1
891959d4e17ffff,1,,,,,,,,,1
89195ab6ca7ffff,1,,,,,,,,1,1.1
89195c82d23ffff,1,,,,,,,,,1
89195d19e97ffff,1,,,,,,,,,1
89195d2b36bffff,1,,,,,,,,,1
89195195d33ffff,,,,,,,,,1,0.1
891972742bbffff,,,,,,,,,1,0.1
891821d63cbffff,,,,,,,,,1,0.1
89182a316cfffff,,,,,,,,,1,0.1
89182cab00fffff,,,,,,,,,1,0.1
8919083b2d3ffff,,,,,,,,,1,0.1
891909ac607ffff,,,,,,,,1,1,0.3
89190c9a82fffff,,,,,,,,,1,0.1
8919416b6afffff,,,,,,,,,1,0.1
8919416f133ffff,,,,,,,,,1,0.1
891942011dbffff,,,,,,,,,1,0.1
89194204693ffff,,,,,,,,,1,0.1
89194205813ffff,,,,,,,,,1,0.1
89194205827ffff,,,,,,,,,1,0.1
8919420a4d3ffff,,,,,,,,,1,0.1
89194218bcbffff,,,,,,,,,1,0.1
89194230477ffff,,,,,,,,,1,0.1
89194291443ffff,,,,,,,,,1,0.1
8919429a953ffff,,,,,,,,1,1,0.3
891942ad14bffff,,,,,,,,,1,0.1
891942ad66bffff,,,,,,,,,1,0.1
891942c6463ffff,,,,,,,,,1,0.1
89194304243ffff,,,,,,,,,1,0.1
89194655c17ffff,,,,,,,,,1,0.1
8919485762fffff,,,,,,,,,1,0.1
891948cac6fffff,,,,,,,,,1,0.1
89194a460a3ffff,,,,,,,,,1,0.1
89194e39937ffff,,,,,,,,,1,0.1
89194e681a3ffff,,,,,,,,,1,0.1
891950d0d53ffff,,,,,,,,,1,0.1
8919510696fffff,,,,,,,,,1,0.1
89195115903ffff,,,,,,,,,1,0.1
89195195c4fffff,,,,,,,,,1,0.1
891952571dbffff,,,,,,,,,1,0.1
8919527a937ffff,,,,,,,,,1,0.1
89195298a67ffff,,,,,,,,,1,0.1
891952d4017ffff,,,,,,,,,1,0.1
891952d403bffff,,,,,,,,,1,0.1
891954a985bffff,,,,,,,,,1,0.1
89195576ccbffff,,,,,,,,,1,0.1
89195836eb3ffff,,,,,,,,,1,0.1
89195879b17ffff,,,,,,,,,1,0.1
891958c4827ffff,,,,,,,,,1,0.1
8919594430bffff,,,,,,,,,1,0.1
89195944d13ffff,,,,,,,,,1,0.1
89195973233ffff,,,,,,,,,1,0.1
89195a16dafffff,,,,,,,,,1,0.1
89195a42cdbffff,,,,,,,,,1,0.1
89195b46227ffff,,,,,,,,,1,0.1
89195b78637ffff,,,,,,,,,1,0.1
89195b78a2fffff,,,,,,,,,1,0.1
89195b7abd3ffff,,,,,,,,,1,0.1
89195c06c37ffff,,,,,,,,,1,0.1
89195c3b473ffff,,,,,,,,,1,0.1
89195c74e53ffff,,,,,,,,,1,0.1
89195cab3b3ffff,,,,,,,,,1,0.1
89195cadb93ffff,,,,,,,,,1,0.1
89195caf30bffff,,,,,,,,,1,0.1
89195cc5603ffff,,,,,,,,,1,0.1
89195cc7023ffff,,,,,,,,,1,0.1
89195d341c7ffff,,,,,,,,1,1,0.3
89195dd563bffff,,,,,,,,,1,0.1
89195dd96afffff,,,,,,,,,1,0.1
89195e0ed73ffff,,,,,,,,,1,0.1
89197208327ffff,,,,,,,,,1,0.1
8919732aab7ffff,,,,,,,,,1,0.1
891973a8a03ffff,,,,,,,,,1,0.1
89195d04d47ffff,,,,1,,,,,,0.8
89182883683ffff,,,,,,,,1,,0.2
891909ac423ffff,,,,,,,,3,,0.6
891940593bbffff,,,,,,,,1,,0.2
89194218213ffff,,,,,,,,1,,0.2
891942a94dbffff,,,,,,,,1,,0.2
89194ac1107ffff,,,,,,,,1,,0.2
89194e69357ffff,,,,,,,,1,,0.2
891951b088bffff,,,,,,,,1,,0.2
8919584409bffff,,,,,,,,1,,0.2
89195845dbbffff,,,,,,,,1,,0.2
89195a14697ffff,,,,,,,,1,,0.2
89195b706cbffff,,,,,,,,1,,0.2
89195c34233ffff,1,,,,,,,1,,1.2
89195c523b7ffff,,,,,,,,1,1,0.3
89195c82803ffff,,,,,,,,1,,0.2
89195c98023ffff,,,,,,,,1,,0.2
89195d2b2afffff,,,,,,,,1,,0.2
89195e3ae4fffff,,,,,,,,2,,0.4
89194e9158fffff,,,,,,,,1,,0.2
89197272387ffff,,,,,,,,1,,0.2
89182ec1597ffff,,,,,,,,,1,0.1
89194ad16b3ffff,,,,,,,,1,1,0.3
89194ed4cdbffff,,,,,,,,,1,0.1
89195c5587bffff,,,,,,,,,1,0.1
89195db2b47ffff,,,,,,,,,1,0.1
89182c17077ffff,,,,,,,,1,,0.2
89190932c37ffff,,,,,,,,1,,0.2
89190d854cbffff,,,,,,,,1,,0.2
89192b3aedbffff,,,,,,,,1,,0.2
8919434952bffff,,,,,,,,1,,0.2
89194e2a5c3ffff,,,,,,,,1,,0.2
89195105e97ffff,,,,,,,,1,,0.2
891952d6813ffff,,,,,,,,1,,0.2
89195632aa3ffff,,,,,,,,1,,0.2
89194654abbffff,,,,,,,,,1,0.1
8919590cc03ffff,,,,,,,,,1,0.1
8919283950fffff,,,,,,,,,1,0.1
89194a06a27ffff,,,,,,,,,1,0.1
891972336d7ffff,,,,,,,,,1,0.1
89182c14033ffff,1,,,,,,,,,1
89195cd1103ffff,1,,,,,,,,,1
8918233a117ffff,,,,,,,,,1,0.1
891952c61b3ffff,,,,,,,,,1,0.1
89182c1011bffff,1,1,,,1,,,1,,2.7
89182c11d17ffff,,,,,1,,,1,1,0.9
891909ac5abffff,,7,,1,2,,,20,,12.3
89190c2aaafffff,,,,,1,,,1,1,0.9
89190d17637ffff,1,,,,1,,,,,1.6
8919410e923ffff,,,,,1,,,,,0.6
8919424eda3ffff,,,,,1,,,,,0.6
89194842863ffff,,,,,1,,,,1,0.7
8919484a01bffff,,,,,1,,,,,0.6
89194a0e9c7ffff,,,,,1,,,,,0.6
89194a931afffff,1,,,,1,,,,1,1.7
89194e8600bffff,,,,,1,,,,,0.6
89195910a57ffff,,,,,1,,,,,0.6
891959aa617ffff,,1,,,1,,,,,1.5
891959aa66bffff,,3,,,1,,,,,3.3
891959b8a9bffff,,,,,1,,,,,0.6
891959b9acfffff,,,,,2,,,,,1.2
89195b78247ffff,,,,,1,,,,,0.6
89195cb1313ffff,,,,,1,,,,2,0.8
89195d2b3d3ffff,1,3,,,1,,,1,,4.5
8919727055bffff,,,,,1,,,,,0.6
89197276303ffff,,,,,1,,,,,0.6
891973ad27bffff,,,,,1,,,,,0.6
891909a6a8bffff,3,1,,,1,,,1,,4.7
891943d1c87ffff,,1,,,1,,,2,,1.9
89194a721b3ffff,2,3,,,2,,4,9,1,10.92
89194ad1697ffff,,,,,1,,,8,1,2.3
89195879b4bffff,,3,,,1,,,7,2,4.9
89195d07383ffff,,,,,1,,,,,0.6
89182ed414bffff,,,,,,,,1,,0.2
891909ac5afffff,,1,,,,,,8,2,2.7
8919424ea5bffff,,,,,,,,3,1,0.7
8919425a0dbffff,,,,,,,,2,,0.4
89194ad320fffff,,,,,,,,1,,0.2
89194ad3237ffff,,,,,,,,4,,0.8
89194ad3267ffff,1,,,,,,,4,3,2.1
89194e6997bffff,,,,,,,,1,,0.2
89194ebab93ffff,,,,,,,,1,,0.2
89195104657ffff,,,,,,,,1,,0.2
8919519a9cfffff,1,3,,,,,,3,,4.3
891951aa997ffff,,2,,,,,,8,,3.4
891951b630bffff,,2,,,,,,3,,2.4
8919587a58fffff,,11,,,,,1,31,26,19.48
8919588506fffff,1,,,1,,,,1,2,2.2
89195970613ffff,,3,,,,,,4,,3.5
89195c3846bffff,,1,,,,,,2,,1.3
89195d061bbffff,,,,,,,,2,,0.4
89197276117ffff,,,,,,,,1,,0.2
89195da6ccbffff,,1,,,,,2,,,2.46
89197202177ffff,,,,,,,1,,,0.78
891952d6e0fffff,,,,,,,,3,2,0.8
89195da4d8fffff,,5,,,2,,,12,3,8.4
89194326827ffff,,,,,,,,,1,0.1
89195c4ab53ffff,,,,,,,,,2,0.2
89197322cbbffff,,,,,,,,1,1,0.3
89180194493ffff,,1,,,,3,,7,,4.55
89182a58e07ffff,1,,,,,,,6,,2.2
89182c1602bffff,,,,,,,,1,,0.2
89182e4916fffff,,,,,,,,1,,0.2
89187403233ffff,,,,,,,,1,,0.2
891874ac3a7ffff,,,,,,,,1,,0.2
891909ac433ffff,2,,,,,,,6,,3.2
891909ace03ffff,,,,,,,,1,,0.2
89190ea59c7ffff,,,,,,,,1,,0.2
89194065bcfffff,,,,,,,,1,,0.2
8919407852bffff,,,,,,,,1,,0.2
89194105e6fffff,,,,,,,,1,,0.2
8919411b343ffff,,,,,,,,1,,0.2
89194218db3ffff,,,,,,,,1,,0.2
89194221d63ffff,,,,,,,,1,,0.2
8919425a46fffff,,,,,,,,1,,0.2
8919426624bffff,,,,,,,,1,,0.2
8919429a98fffff,,,,,,,,2,,0.4
891942cec8bffff,,,,,,,,1,,0.2
8919465a40fffff,,,,,,,,2,,0.4
89194664927ffff,,,,,,,,1,,0.2
891946a94abffff,,,,,,,,1,,0.2
89194a01b2fffff,1,,,,,,,2,1,1.5
89194a95277ffff,,1,,,,,,1,,1.1
89194ac2623ffff,,,,,,,,1,,0.2
89194ad0647ffff,,,,,,,,1,,0.2
89194ad1417ffff,,,,,,,,1,,0.2
89194ad21bbffff,1,1,,,,,,1,,2.1
89194ad3483ffff,1,3,,,,,,1,1,4
89194ad3513ffff,,1,,,,,,1,,1.1
89194ad357bffff,,,,,,,,1,,0.2
89194ad56cbffff,,,,,,,,1,1,0.3
89194ad98cbffff,,,,,,,,1,,0.2
89194ada447ffff,,,,,,,,2,,0.4
89194adb01bffff,,,,,,,,2,,0.4
89194adb1cfffff,,,,,,,,1,,0.2
89194adb583ffff,,,,,,,,2,,0.4
89194e144bbffff,,,,,,,,1,,0.2
89194e3ac87ffff,,,,,,,,1,,0.2
89194e6800bffff,,,,,,,,1,,0.2
89194e68973ffff,,,,,,,,1,,0.2
89194e75c27ffff,,1,,,,,,1,,1.1
89194ec9a13ffff,,2,,,,,,1,,2
89194ec9aafffff,,,,,,,,5,,1
8919510464fffff,,,,,,,,2,,0.4
8919518642bffff,,2,,,,,,1,,2
891951b538bffff,,1,,,,,,1,,1.1
891954da567ffff,,,,,,,,2,,0.4
8919582082fffff,,,,,,,,1,,0.2
89195844e43ffff,,1,,,,,,1,,1.1
8919588ce37ffff,,1,,,,,,1,,1.1
891959091c3ffff,4,2,,1,,,,2,1,7.1
89195911d97ffff,,,,,,,,1,,0.2
891959aa66fffff,,,,,,,,1,,0.2
891959b9dcfffff,,,,,,,,1,,0.2
891959d5d8fffff,,,,,,,,1,,0.2
89195a5a697ffff,,,,,,,,1,,0.2
89195b1890fffff,1,,,,,,,1,,1.2
89195b40893ffff,1,,,,,,,1,,1.2
89195b441c3ffff,,,,,,,,1,,0.2
89195c82d17ffff,,,,,,,,3,,0.6
89195cac50bffff,1,,,,,,,1,,1.2
89195cc0203ffff,,,,,,,,1,,0.2
89195d09b37ffff,,,,,,,,1,,0.2
89195d11e5bffff,,,,,,,,1,,0.2
89195d34bc3ffff,1,3,,,,,,1,,3.9
89195d5b053ffff,,,,,,,,1,,0.2
89195d645a3ffff,,,,,,,,1,,0.2
89195d71997ffff,,,,,,,,1,,0.2
89195da4c3bffff,,,,,,,,1,,0.2
89195dac4d3ffff,,4,,,,,,1,,3.8
89195e4610bffff,1,1,,,,,,1,2,2.3
89195ed4c33ffff,,,,,,,,1,,0.2
8919720cbafffff,1,3,,,,,,2,1,4.2
89197239647ffff,,1,,,,,,6,,2.1
8919724dc13ffff,,,,,,,,1,,0.2
89197276bcfffff,,,,,,,,1,,0.2
89197277137ffff,,,,,,,,2,,0.4
89197278047ffff,3,3,,2,,,,1,1,7.6
8919727a0b7ffff,,,,,,,,2,,0.4
891972ae28bffff,,,,,,,,1,,0.2
8919768cd23ffff,,,,,,,,1,,0.2
8919720d9afffff,,,,,,,,,1,0.1
89197324b83ffff,,,,,,,,1,1,0.3
89194e6908bffff,,,,,,,,,1,0.1
89195910d3bffff,,,,,,,,1,1,0.3
89195d243b7ffff,,,,,,,,,1,0.1
89195d8dd5bffff,,,,,,,,1,1,0.3
89182811c17ffff,,,,,,,,,1,0.1
89182a48913ffff,,,,,,,,,1,0.1
89192805387ffff,,,,,,,,,1,0.1
891941af07bffff,,,,,,,,,3,0.3
89194ada44fffff,,,,,,,,3,1,0.7
89194adb483ffff,,,,,,,,,1,0.1
89194ec9963ffff,,,,,,,,,1,0.1
891951b4b9bffff,,,,,,,,,1,0.1
891954d1a87ffff,,,,,,,,,1,0.1
8919586936bffff,,,,,,,,,1,0.1
89195a5804fffff,,,,,,,,,2,0.2
89194e4ce47ffff,,,,1,,,,,2,1
8919420c937ffff,3,,,,,,,,,3
8919420cb33ffff,1,,,,,,,,,1
89194e2dc27ffff,1,,,,,,,,,1
8919588c557ffff,1,,,,,,,,,1
89195ac460bffff,1,,,,,,,,,1
891958712cbffff,,1,,,,,,2,1,1.4
8919464f5a3ffff,1,,,,,,,,,1
89194ad3183ffff,1,,,,,,,1,,1.2
891951aac23ffff,1,,,,,,,,,1
89195d16a6fffff,1,2,,,,,,1,1,3.1
891972761c7ffff,1,,,,,,,,,1
89182c17617ffff,1,,,,,,,,,1
89194321d33ffff,1,,,,,,,,,1
8919584417bffff,1,,,,,,,,,1
89195879d43ffff,1,,,,,,,,,1
89195c95a6bffff,1,,,,,,,,,1
89195da4d47ffff,1,,,,,,,1,,1.2
8919723966bffff,,,,,,,,,1,0.1
89195ec844fffff,,,,1,,,,,1,0.9
8918284b62fffff,,1,,,,,,,,0.9
891828cdd33ffff,,1,,,,,,,,0.9
89182a3a2dbffff,,1,,,,,,,,0.9
89182a9460bffff,,1,,,,,,,,0.9
8918740323bffff,,1,,,,,,1,,1.1
891908b6e3bffff,1,1,,,,,,1,,2.1
89190927377ffff,,1,,,,,,,,0.9
891909aee77ffff,,1,,,,,,,,0.9
891941364a7ffff,,2,,,,,,,,1.8
8919421b5a7ffff,,1,,,,,,1,,1.1
89194278657ffff,,1,,,,,,,,0.9
891942c19b3ffff,,1,,,,,,,,0.9
891942c1a4fffff,,1,,,,,,,,0.9
891942c4a53ffff,,1,,,,,,,,0.9
8919484a173ffff,,1,,,,,,,,0.9
89194ad328fffff,,1,,,,,,1,,1.1
89194ad3677ffff,,1,,,,,,,,0.9
89194ad898fffff,,2,,,,,,,,1.8
89194ad8d2fffff,,1,,,,,,,,0.9
89194ed456bffff,,1,,,,,,,,0.9
8919512d4c3ffff,,1,,,,,,1,,1.1
8919518344fffff,,1,,,,,,,,0.9
891951a1577ffff,,1,,,,,,,,0.9
891951b454fffff,,1,,,,,,,,0.9
891951b721bffff,,1,,,,,,,,0.9
891955646bbffff,,1,,,,,,,,0.9
891958449dbffff,,1,,,,,,,,0.9
8919586e8abffff,,1,,,,,,,,0.9
89195871607ffff,,1,,,,,,1,,1.1
89195876093ffff,,2,,,,,,1,,2
89195887323ffff,,1,,,,,,,,0.9
8919588c08bffff,,1,,,,,,,,0.9
891959a9c07ffff,,1,,,,,,,,0.9
891959b8c8bffff,,1,,,,,,,,0.9
891959baa8fffff,,1,,,,,,,,0.9
891959baac3ffff,,1,,,,,,,1,1
89195ab26b7ffff,,1,,,,,,,1,1
89195c34e83ffff,,1,,,,,,,,0.9
89195cd7083ffff,3,1,,,,,,,,3.9
89195d29673ffff,,1,,,,,,,,0.9
89195d2e977ffff,,1,,,,,,,,0.9
89195d31d57ffff,,1,,,,,,1,,1.1
89195da5b13ffff,,1,,,,,,,,0.9
89195da603bffff,,1,,,,,,,,0.9
891973370bbffff,,1,,,,,,,,0.9
891959a884fffff,,,,,,2,,,,1.5
891820333a3ffff,,,,,,,,,1,0.1
891828b85d7ffff,,,,,,,,,1,0.1
89182acf00fffff,,,,,,,,,1,0.1
89182c1564bffff,,,,,,,,,1,0.1
89182e81463ffff,,,,,,,,,1,0.1
891909adda7ffff,,,,,,,,,2,0.2
89192a66593ffff,,,,,,,,,1,0.1
8919420e00bffff,,,,,,,,,1,0.1
8919420e607ffff,,,,,,,,,1,0.1
8919484d66fffff,,,,,,,,,1,0.1
89194ad0887ffff,,,,,,,,,1,0.1
8919590f3cfffff,1,,,,,,,,1,1.1
89195d198c7ffff,,,,,,,,,1,0.1
89194a0a233ffff,,,,1,,,,,,0.8
89182a19e77ffff,,,,1,,,,,,0.8
89194e0d273ffff,,,,1,,,,,,0.8
89194e6b24bffff,,,,1,,,,,,0.8
89194e99e5bffff,,,,1,,,,,,0.8
8919720cb13ffff,,,,1,,,,,,0.8
89182306507ffff,,1,,,,,,,,0.9
89195d5768bffff,,1,,,,,,,1,1
89195db9b6fffff,,1,,,,,,,,0.9
89187460a87ffff,,,,,,,,,1,0.1
891909b6dd7ffff,,,,,,,,,2,0.2
891940430d3ffff,1,,,,,,,,1,1.1
8919422a323ffff,,,,,,,,,1,0.1
8919430452bffff,,,,,,,,,1,0.1
891943c44a7ffff,,,,,,,,,1,0.1
891951b608fffff,,,,,,,,,1,0.1
8919587424fffff,,,,,,,,,1,0.1
89195da5803ffff,,,,,,,,,1,0.1
89195e226c7ffff,,,,,,,,,2,0.2
891874b55d7ffff,,,,,,,1,,,0.78
89180196307ffff,1,,,,,,,,,1
89182a313d3ffff,1,,,,,,,,,1
891909ac1dbffff,1,,,,,,,,,1
891940434d3ffff,1,,,,,,,,,1
89194ada533ffff,1,,,,,,,,,1
89194e140b7ffff,1,,,,,,,,,1
89194e69303ffff,1,,,,,,,,,1
891951a2c93ffff,1,,,,,,,,,1
8919580cda7ffff,1,,,,,,,,1,1.1
89195945dcbffff,1,,,,,,,,,1
8919598d997ffff,1,,,,,,,,1,1.1
89195b61483ffff,1,,,,,,,,,1
89195cb714bffff,1,,,,,,,,,1
89195cc75a3ffff,1,,,,,,,,,1
89195cd74afffff,1,,,,,,,,,1
89195da5473ffff,1,,,,,,,,,1
891972cc11bffff,1,,,,,,,,,1
89195b4446bffff,,,1,,,,,,1,0.8
89194105a43ffff,,,,,,,,,2,0.2
8918218ec97ffff,,,,,,,,,1,0.1
8918250125bffff,,,,,,,,,1,0.1
8918250ac8fffff,,,,,,,,,1,0.1
89182514013ffff,,,,,,,,,1,0.1
89182525873ffff,,,,,,,,,1,0.1
891825849d7ffff,,,,,,,,,1,0.1
891825a69d7ffff,,,,,,,,,1,0.1
89182a3a6b7ffff,,,,,,,,,1,0.1
891870daacbffff,,,,,,,,,1,0.1
891874aed07ffff,,,,,,,,,1,0.1
8919292dbcbffff,,,,,,,,,1,0.1
89194042e4bffff,,,,,,,,,1,0.1
89194144ab3ffff,,,,,,,,,1,0.1
8919415534fffff,,,,,,,,,1,0.1
8919416301bffff,,,,,,,,,1,0.1
8919417042fffff,,,,,,,,,2,0.2
89194201c7bffff,,,,,,,,,1,0.1
8919420734bffff,,,,,,,,,1,0.1
89194212b5bffff,,,,,,,,,1,0.1
89194231cbbffff,,,,,,,,,1,0.1
8919427611bffff,,,,,,,,,1,0.1
89194279373ffff,,,,,,,,,1,0.1
8919428884fffff,,,,,,,,,1,0.1
891942913c3ffff,,,,,,,,,1,0.1
891942a56bbffff,,,,,,,,,1,0.1
891942c4013ffff,,,,,,,,,1,0.1
891943282a3ffff,,,,,,,,,1,0.1
891943b8e13ffff,,,,,,,,,1,0.1
891946c9413ffff,,,,,,,,,1,0.1
891946c96cbffff,,,,,,,,,1,0.1
89194a0c15bffff,,,,,,,,,1,0.1
89194a73373ffff,,,,,,,,,1,0.1
89194a90603ffff,,,,,,,,,1,0.1
89194ad441bffff,,,,,,,,,1,0.1
89194ad9ac3ffff,,,,,,,,,1,0.1
89194c490cfffff,,,,,,,,,1,0.1
89194e6d423ffff,,,,,,,,,1,0.1
89194e855b3ffff,,,,,,,,,1,0.1
89194eab53bffff,,,,,,,,,1,0.1
8919511432bffff,,,,,,,,,1,0.1
8919518db87ffff,,,,,,,,,1,0.1
8919518e50bffff,,,,,,,,,1,0.1
8919518e86bffff,,,,,,,,,1,0.1
8919525160bffff,,,,,,,,,1,0.1
89195291ca3ffff,,,,,,,,,1,0.1
89195508bd7ffff,,,,,,,,,1,0.1
891955d8327ffff,,,,,,,,,1,0.1
8919563046fffff,,,,,,,,,1,0.1
8919566f02fffff,,,,,,,,,1,0.1
8919583110bffff,,,,,,,,,1,0.1
891958331dbffff,,,,,,,,,1,0.1
8919586c013ffff,,,,,,,,,1,0.1
8919588541bffff,,,,,,,,,1,0.1
8919588ae97ffff,,,,,,,,,1,0.1
891958a8bc3ffff,,,,,,,,,1,0.1
891958d68b7ffff,,,,,,,,,1,0.1
89195914dc3ffff,,,,,,,,1,1,0.3
8919597a0afffff,,,,,,,,,1,0.1
89195b0013bffff,,,,,,,,,1,0.1
89195b129afffff,,,,,,,,,1,0.1
89195b1708bffff,,,,,,,,,1,0.1
89195bb21cfffff,,,,,,,,,1,0.1
89195c04adbffff,,,,,,,,,1,0.1
89195c0527bffff,,,,,,,,,1,0.1
89195c058d7ffff,,,,,,,,,1,0.1
89195c0599bffff,,,,,,,,,1,0.1
89195c0c55bffff,,,,,,,,,1,0.1
89195c0f60bffff,,,,,,,,,1,0.1
89195c1690fffff,,,,,,,,,1,0.1
89195c2880bffff,,,,,,,,,1,0.1
89195ca4b6fffff,,,,,,,,,1,0.1
89195cad31bffff,,,,,,,,,1,0.1
89195d2c80fffff,,,,,,,,,1,0.1
89195d706c3ffff,,,,,,,,,1,0.1
891973203afffff,,,,,,,,,1,0.1
89197330a27ffff,,,,,,,,,1,0.1
8919734ac0bffff,,,,,,,,,1,0.1
8919735b5afffff,,,,,,,,,1,0.1
891942c1577ffff,,,,,,,,1,,0.2
8919485067bffff,,,,,,,,1,,0.2
89194ac54dbffff,,,,,,,,1,,0.2
89194ad335bffff,,,,,,,,2,,0.4
891951a2d33ffff,,,,,,,,1,,0.2
89195569c83ffff,,,,,,,,1,,0.2
89195845d73ffff,,,,,,,,1,,0.2
89195879e97ffff,,,,,,,,1,,0.2
891959d5907ffff,,,,,,,,1,,0.2
89195a1186fffff,,,,,,,,1,,0.2
89195da6ab7ffff,,,,,,,,1,,0.2
89194e69d0fffff,,,,,,,,1,,0.2
8919594cd7bffff,,,,,,,,1,,0.2
89195991847ffff,,,,,,,,1,,0.2
8918215a56fffff,,,,,,,,,1,0.1
891909aeeabffff,,,,,,,,,2,0.2
89194e4dbdbffff,,,,,,,,,3,0.3
89195c34077ffff,,,,,,,,,1,0.1
89195dac977ffff,,,,,,,,,1,0.1
89182c2d9a7ffff,,,,,,,,1,,0.2
89182c8310fffff,,,,,,,,1,,0.2
89182e6e397ffff,,,,,,,,1,,0.2
8918746ebdbffff,,,,,,,,1,,0.2
891942396d3ffff,,,,,,,,1,,0.2
8919423b533ffff,,,,,,,,1,,0.2
891946cb057ffff,,,,,,,,1,,0.2
89194a453b3ffff,,,,,,,,1,,0.2
89194a86b13ffff,,,,,,,,1,,0.2
89194a88bafffff,,,,,,,,1,,0.2
89194adb527ffff,,,,,,,,1,,0.2
89194e14437ffff,,,,,,,,2,,0.4
89194e16e27ffff,,,,,,,,1,,0.2
89194e69a17ffff,,,,,,,,1,,0.2
89194eb3493ffff,,,,,,,,1,,0.2
891951a60a3ffff,,,,,,,,1,,0.2
89195459acfffff,,,,,,,,1,,0.2
89195816dd7ffff,,,,,,,,1,,0.2
89195838e67ffff,,,,,,,,1,,0.2
891959cce53ffff,,,,,,,,1,,0.2
89195aa110bffff,,,,,,,,1,,0.2
89195bd8e6bffff,,,,,,,,1,,0.2
89195c4628bffff,,,,,,,,2,,0.4
89195ca2173ffff,,,,,,,,1,,0.2
89195d09d5bffff,,,,,,,,4,,0.8
89195d31b8bffff,,,,,,,,1,,0.2
89195d34537ffff,,,,,,,,1,,0.2
8919724d813ffff,,,,,,,,2,,0.4
89195123497ffff,,,,,,,,,1,0.1
89197239e47ffff,,,,,,,,,1,0.1
89194a7252bffff,,,,,,,,,2,0.2
89195c05b77ffff,,,,,,1,,,,0.75
89195b0339bffff,,,,,,,,,1,0.1
89194168b67ffff,,,,,,,,,1,0.1
8919596a0b3ffff,,,,,,,,,1,0.1
89195a1404bffff,,,,,,,,,1,0.1
89195ab2ba7ffff,,,,,,,,,1,0.1
89195c0c397ffff,,,,,,,,,1,0.1
89195d75c97ffff,,,,,,,,,1,0.1
89197337077ffff,,,,,,,,,1,0.1
8919433a68fffff,,,,,,,,,1,0.1
89194219ca3ffff,1,,,,,,,,,1
891951a8887ffff,1,,,,,,,,,1
891951bb057ffff,1,,,,,,,,,1
8919421351bffff,,,,,,,,,1,0.1
891955c0347ffff,,,,,,,,,1,0.1
89182e6c4cbffff,6,1,,,3,,,14,3,11.8
8919435803bffff,,,,,,,,,1,0.1
891959303bbffff,,1,,,,,,3,2,1.7
89182c170abffff,3,1,,,1,,,2,3,5.2
891909b6e2bffff,,,,,1,,,,1,0.7
89194ad30d3ffff,,1,,,2,,,3,,2.7
89194ad340bffff,,,,,2,,,3,,1.8
89194ed95b7ffff,,,,,1,,,,,0.6
89195844323ffff,,2,1,1,2,,,8,3,6.4
891959304a3ffff,3,4,,1,1,,,2,1,8.5
891959a2913ffff,,,,,1,,,,2,0.8
891959b8e17ffff,,,,,1,,,,1,0.7
89195b8d2dbffff,,,,,1,,,,1,0.7
89195c34017ffff,2,2,,,2,,,6,1,6.3
89195d6d607ffff,,,,,1,,,,1,0.7
89195e1b643ffff,,,,,1,,,,,0.6
891972601abffff,,,,,1,,,,,0.6
8919726a9cbffff,,1,,,1,,,,,1.5
89182c1612fffff,2,2,,,1,,,,,4.4
89182c16893ffff,3,1,,,1,,,2,1,5
891909a9acbffff,,,,,1,,,,,0.6
891909ac097ffff,,,,,1,,,,,0.6
89194348ab3ffff,1,10,,,3,,,11,,14
89194a881a3ffff,2,1,,,1,,1,1,,4.48
89194ac8b23ffff,1,,,1,1,,,10,,4.4
89194e49927ffff,,,,,3,,,,1,1.9
891951a550bffff,,,,,1,,,,,0.6
891952d6e73ffff,,1,,,1,,,,3,1.8
891954593a3ffff,,,,,1,,,1,,0.8
891955654d7ffff,,,,,1,,,3,,1.2
891958392afffff,,2,,,1,,,4,2,3.4
8919586b487ffff,,6,,,3,,,6,,8.4
89195d16a2bffff,,1,,,1,,,1,,1.7
89195da0dc7ffff,,,,,2,,,2,,1.6
8919720c60fffff,,2,,,1,,,,,2.4
89180182e9bffff,,,,,,,,1,,0.2
89187474507ffff,,,,,,,,3,1,0.7
89194ad300bffff,,4,,,,,,9,,5.4
89194e0d33bffff,1,1,,1,,,,3,,3.3
8919510c4c3ffff,,,,,,,,2,,0.4
8919541758fffff,,,,,,,,2,1,0.5
891959710abffff,,1,,,,,,2,,1.3
89195c845c7ffff,,,,,,,,1,,0.2
89195da4d87ffff,,,,,,,,8,2,1.8
89182c789cbffff,,,,,,,2,,,1.56
891952d6ad7ffff,,,,,,,,1,1,0.3
89182c1454fffff,,,,,,,,,1,0.1
891909a090fffff,,,,,,,,,1,0.1
89194201a3bffff,,,,,,,,,1,0.1
89195805b47ffff,,,,,,,,,1,0.1
89195c3b113ffff,,,,,,,,,1,0.1
89195da4aa7ffff,,,,,,,,,1,0.1
8919760840fffff,,,,,,,,,1,0.1
8919526426fffff,,,,,,,,,1,0.1
89182566897ffff,,,,,,,,1,,0.2
891825b1103ffff,,,,,,,,1,,0.2
8918280ac17ffff,,1,,,,,,3,,1.5
89182a695cbffff,,,,,,,,1,,0.2
89182c1400bffff,2,1,,,,,,1,,3.1
89182c16167ffff,,,,,,,,1,1,0.3
89182ca8023ffff,,,,,,,,4,1,0.9
8919092e237ffff,,,,,,,,2,,0.4
89190932dc3ffff,,,,,,,,1,,0.2
891909ac033ffff,,,,,,,,1,,0.2
89190d176a7ffff,1,1,,,,,,1,,2.1
89190d863cfffff,,,,,,,,1,,0.2
89190e0650fffff,,,,,,,,1,2,0.4
891940726b7ffff,1,1,,,,,,1,,2.1
8919413568bffff,1,,,,,,,1,1,1.3
89194220a27ffff,1,,,,,,,1,2,1.4
8919423b397ffff,1,1,,,,,,1,,2.1
891942488a3ffff,,,,,,,,1,,0.2
891942c4adbffff,,,,,,,,1,,0.2
891942c5997ffff,,,,,,,,3,,0.6
891942c6eafffff,,,,,,,,1,,0.2
891942ce627ffff,,,,,,,,1,,0.2
8919432608fffff,,,,,,,,1,,0.2
89194841cc3ffff,,,,,,,,1,,0.2
89194a72183ffff,1,,,1,,,5,5,,6.7
89194aaa10bffff,,,,,,,,1,,0.2
89194ad0aabffff,1,,,,,,,1,,1.2
89194ad123bffff,,,,,,,,2,,0.4
89194ad1573ffff,,,,,,,,1,,0.2
89194ad164fffff,,,,,,,,2,,0.4
89194ad2cafffff,1,,,,,,,2,,1.4
89194ad3443ffff,,1,,,,,,2,1,1.4
89194ad5687ffff,,,,,,,,2,,0.4
89194ad82d3ffff,,,,,,,,1,,0.2
89194ad8363ffff,,,,,,,,1,,0.2
89194ad9d47ffff,1,3,,,,,,11,1,6
89194ada5abffff,,,,,,,,2,,0.4
89194adb633ffff,1,,,,,,,2,,1.4
89194e0d30fffff,,,,,,,,2,1,0.5
89194e4ce4bffff,,,,,,,,1,,0.2
89194e6514bffff,,,,,,,,1,,0.2
89194e660cbffff,,1,,,,,,1,1,1.2
89194e99e4bffff,,,,,,,,1,1,0.3
89194ec912bffff,,,,,,,,1,,0.2
89194ec985bffff,,,,,,,,1,2,0.4
89194ec9c4fffff,,,,,,,,1,,0.2
89195122e7bffff,,,,,,,,1,,0.2
891951aa92fffff,,,,,,,,1,,0.2
891953a0c3bffff,,,,,,,,1,,0.2
89195474b93ffff,,,,,,,,1,,0.2
89195544c5bffff,,,,,,,,1,,0.2
8919566e88fffff,,,,,,,,1,1,0.3
891956a6cbbffff,,,,,,,,1,,0.2
8919582ee8bffff,,,,,,,,1,,0.2
8919586b0dbffff,,,,,,,,1,,0.2
89195879aa3ffff,2,,,1,,,,2,1,3.3
89195985d3bffff,,,,,,,,1,,0.2
89195992827ffff,,,,,,,,1,,0.2
891959aa06fffff,,2,,,,,,1,,2
89195ac5197ffff,,,,,,,,1,2,0.4
89195b08d87ffff,,,,,,,,1,,0.2
89195b7a507ffff,,,,,,,,1,,0.2
89195bc357bffff,,1,,,,,,1,,1.1
89195c05953ffff,,2,,,,1,,2,1,3.05
89195c391abffff,,1,,,,,,2,,1.3
89195c395afffff,1,1,,,,,,1,,2.1
89195c66e6bffff,,,,,,,,1,,0.2
89195c69063ffff,,,,,,,,1,,0.2
89195cd2b73ffff,,,,,,,,1,,0.2
89195d0488fffff,,2,,1,,,,7,1,4.1
89195d04d3bffff,,,,,,,,1,,0.2
89195d09abbffff,,,,,,,,7,,1.4
89195d244bbffff,,,,,,,,2,1,0.5
89195d24e3bffff,,,,,,,,1,,0.2
89195d30dcfffff,1,,,,,,,1,,1.2
89195d46683ffff,,,,,,,,1,,0.2
89195d8205bffff,,,,,,,,2,,0.4
89195da5e4fffff,,1,,1,,,,1,,1.9
89195da6307ffff,1,2,,,,,,2,1,3.3
891972761cfffff,,1,,,,,,3,,1.5
89197326297ffff,1,,,1,,,,1,1,2.1
89197335ea3ffff,,,,,,,,1,,0.2
891973a8a53ffff,1,,,,,,,1,,1.2
891976bb243ffff,,,,,,,,1,,0.2
89180196313ffff,,,,,,,,,1,0.1
89195bc634bffff,,,,,,,,,2,0.2
89195cd8567ffff,,,,,,,,,1,0.1
89180196227ffff,1,,,,,,,2,1,1.5
89182ec68abffff,,,,,,,,,1,0.1
8919410cb93ffff,,,,,,,,,2,0.2
891951a150fffff,,,,,,,,,1,0.1
8919580c843ffff,,,,,,,,,1,0.1
89195c4ca87ffff,,,,,,,,,1,0.1
89195c828a3ffff,,,,,,,,,1,0.1
89194ad2483ffff,,,,,,,,,1,0.1
89195860ab3ffff,,,,,,,,,1,0.1
89182e56343ffff,1,,,,,,,,,1
89194a88b27ffff,1,,,,,,,,,1
891940704c7ffff,1,2,,,,,,,,2.8
8919407250bffff,1,,,,,,,,,1
891941acb4fffff,4,,,,,,,1,,4.2
89194e69d2fffff,1,1,,,,,,,,1.9
89195cc0587ffff,2,,,,,,,,,2
89195da4367ffff,1,,,,,,,,,1
89195da6c57ffff,1,,,,,,,,1,1.1
89195dad007ffff,1,,,,,,,,,1
89182c1223bffff,1,,,,,,,,,1
891909ae16bffff,2,,,,,,,,,2
89194ad2b43ffff,1,,,,,,,,,1
89195d86d83ffff,1,,,,,,,,,1
8919727ab77ffff,,,,,,,,,1,0.1
891828c009bffff,1,1,,,,,,,,1.9
89182ca8027ffff,,1,,,,,,,,0.9
89182e81687ffff,1,1,,,,,,,,1.9
89190898e5bffff,1,1,,,,,,,,1.9
8919092e143ffff,,1,,,,,,,,0.9
8919407247bffff,,1,,,,,,,,0.9
8919407260fffff,,1,,,,,,,,0.9
89194238097ffff,,1,,,,,,,1,1
89194348a43ffff,,1,,,,,,,,0.9
89194a8760bffff,,1,,,,,,,,0.9
89194ad04b7ffff,,1,,,,,,1,,1.1
89194e6db23ffff,,1,,,,,,,,0.9
89194e709c3ffff,,1,,,,,,,,0.9
891951808a3ffff,,2,,,,,,,,1.8
8919518a847ffff,,1,,,,,,,1,1
891951a6033ffff,,1,,,,,,,,0.9
8919527258bffff,,1,,,,,,,,0.9
891955d8e97ffff,,2,,,,,,,,1.8
89195818377ffff,,2,,,,,,2,,2.2
8919582757bffff,,2,,,,,,1,,2
89195871243ffff,,1,,,,,,,,0.9
8919587b5a3ffff,,1,,,,,,,,0.9
89195887307ffff,,1,,,,,,,,0.9
89195910127ffff,1,1,,,,,,,,1.9
89195973107ffff,,2,,,,,,1,,2
891959b81cfffff,,1,,,,,,,,0.9
89195b7116bffff,,1,,,,,,,,0.9
89195c00857ffff,,1,,,,,,,1,1
89195c4ad83ffff,,1,,,,,,,,0.9
89195c82d8fffff,,1,,,,,,,,0.9
89195c95893ffff,1,1,,,,,,,,1.9
89195caa143ffff,,1,,,,,,,1,1
89195d30843ffff,,1,,,,,,,,0.9
89195d7320fffff,,1,,,,,,,,0.9
89195d8532bffff,,1,,,,,,,,0.9
89195d90b2bffff,1,1,,,,,,1,,2.1
89195dac113ffff,,1,,,,,,,,0.9
89195db890fffff,,2,,,,,,1,,2
8919723952bffff,,1,,,,,,,,0.9
89197276367ffff,,1,,,,,,,,0.9
8919728a29bffff,,1,,,,,,,,0.9
8919732688bffff,,1,,,,,,,,0.9
891973268a3ffff,,1,,,,,,,,0.9
891973341c3ffff,,1,,,,,,,,0.9
89182c02147ffff,,,,,,,,,1,0.1
89182cc6adbffff,,,,,,,,,1,0.1
8919090434bffff,,,,,,,,,1,0.1
891940423d3ffff,,,,,,,,,1,0.1
8919421b1d7ffff,,,,,,,,,1,0.1
89194ac09b3ffff,,,,,,,,,2,0.2
8919521806bffff,,,,,,,,,1,0.1
891958714c7ffff,,,,,,,,2,1,0.5
89195d85963ffff,,,,,,,,,1,0.1
8919569a397ffff,,,,,,,,,1,0.1
89182c1701bffff,,,,1,,,,,,0.8
891959304abffff,,,,1,,,,,,0.8
89194ad3673ffff,,,,1,,,,,,0.8
8919524917bffff,,,,1,,,,,,0.8
89195a5846bffff,,,,1,,,,,,0.8
89195c6d9d7ffff,1,,,1,,,,,,1.8
89195db6847ffff,,,,1,,,,,,0.8
89197200e6bffff,,,,1,,,,,,0.8
8919583b303ffff,,,,,,,,,1,0.1
89195c34027ffff,,,,,,,,,1,0.1
89182c12c83ffff,1,,,,,,,,1,1.1
89194051b5bffff,,,,,,,,,1,0.1
8919412658bffff,,,,,,,,,1,0.1
8919484a343ffff,,,,,,,,,1,0.1
89194e69013ffff,,,,,,,,,1,0.1
89195cab6c7ffff,,,,,,,,,1,0.1
89197288693ffff,,,,,,,,1,1,0.3
891973336a7ffff,,,,,,,,,1,0.1
891909ac523ffff,1,,,,,,1,1,,1.98
8918288d803ffff,1,,,,,,,,1,1.1
89182c89123ffff,1,,,,,,,1,,1.2
891909af14fffff,1,,,,,,,,,1
89194207587ffff,1,,,,,,,,,1
891948530b7ffff,1,,,,,,,,,1
89194ad1a43ffff,1,,,,,,,,,1
89194e0e453ffff,1,,,,,,,,,1
89194e6996fffff,1,,,,,,,,,1
8919518032bffff,1,,,,,,,,,1
891951b23a7ffff,1,,,,,,,,,1
8919580c8d3ffff,1,,,,,,,,1,1.1
8919583b4d7ffff,1,,,,,,,,,1
89195902c8bffff,1,,,,,,,,1,1.1
89195c16b53ffff,1,,,,,,,,,1
89195cc1553ffff,1,,,,,,,,,1
89195d6e89bffff,1,,,,,,,,,1
89195dd756bffff,1,,,,,,,,,1
89197364657ffff,1,,,,,,,,1,1.1
891943472b7ffff,,,,,,,,,1,0.1
8919436586bffff,,,,,,,,,1,0.1
89195d24a03ffff,,,,,,,,,1,0.1
891825a236bffff,,,,,,,,,1,0.1
89182994d57ffff,,,,,,,,,1,0.1
89182d25a93ffff,,,,,,,,1,1,0.3
891870d334fffff,,,,,,,,,1,0.1
891870d8c2fffff,,,,,,,,,1,0.1
891870d99c3ffff,,,,,,,,,1,0.1
8919411ae0fffff,,,,,,,,,1,0.1
89194142b37ffff,,,,,,,,,1,0.1
89194211833ffff,,,,,,,,,1,0.1
8919422e48bffff,,,,,,,,,1,0.1
89194239223ffff,,,,,,,,1,1,0.3
89194252807ffff,,,,,,,,,1,0.1
891942ca26fffff,,,,,,,,,1,0.1
8919484d463ffff,,,,,,,,,1,0.1
89194a720cbffff,,,,,,,,,1,0.1
89194ad528bffff,,,,,,,,,1,0.1
89194ad6093ffff,,,,,,,,,1,0.1
89194e68523ffff,,,,,,,,,1,0.1
89194e6eb0bffff,,,,,,,,,1,0.1
89194e98433ffff,,,,,,,,,1,0.1
891951029cfffff,,,,,,,,,1,0.1
8919518511bffff,,,,,,,,,1,0.1
8919518e427ffff,,,,,,,,,1,0.1
8919518f5c3ffff,,,,,,,,,1,0.1
8919529a05bffff,,,,,,,,,1,0.1
8919529aa0fffff,,,,,,,,,1,0.1
891952c0b2bffff,,,,,,,,,1,0.1
89195505e27ffff,,,,,,,,,1,0.1
8919552cc4fffff,,,,,,,,,1,0.1
89195570217ffff,,,,,,,,,1,0.1
8919584ad63ffff,,,,,,,,,1,0.1
8919588dd9bffff,,,,,,,,,1,0.1
891959b094bffff,,,,,,,,,1,0.1
891959c328fffff,,,,,,,,,1,0.1
89195a58c2fffff,,,,,,,,,1,0.1
89195b080cfffff,,,,,,,,,1,0.1
89195b4d207ffff,,,,,,,,,1,0.1
89195b81943ffff,,,,,,,,1,1,0.3
89195bca6c3ffff,,,,,,,,,1,0.1
89195c0a993ffff,,,,,,,,,1,0.1
89195c0e167ffff,,,,,,,,,1,0.1
89195c2d947ffff,,,,,,,,,1,0.1
89195c3164fffff,,,,,,,,,1,0.1
89195c62d1bffff,,,,,,,,,1,0.1
89195cac08fffff,,,,,,,,,1,0.1
89195d0da3bffff,,,,,,,,,1,0.1
89195d19903ffff,,,,,,,,,1,0.1
89195d31247ffff,,,,,,,,,1,0.1
89195d64dd3ffff,,,,,,,,,1,0.1
89195dc833bffff,,,,,,,,,1,0.1
89197239233ffff,,,,,,,,,1,0.1
89197320403ffff,,,,,,,,,1,0.1
8919738c61bffff,,,,,,,,,1,0.1
8919768c97bffff,,,,,,,,,1,0.1
89182e6819bffff,,,,,,,,2,,0.4
8918743b2abffff,,,,,,,,1,,0.2
89190912a07ffff,,,,,,,,1,,0.2
89190ba08c7ffff,,,,,,,,2,,0.4
89194ad0ecfffff,,,,,,,,1,,0.2
89194e14433ffff,,,,,,,,1,,0.2
89194e53493ffff,,,,,,,,1,,0.2
89194e76137ffff,,,,,,,,1,,0.2
89194eb264bffff,,,,,,,,1,,0.2
891951b684bffff,,,,,,,,1,,0.2
8919586e607ffff,,,,,,,,1,,0.2
89195871043ffff,,,,,,,,1,,0.2
891959bab0bffff,,,,,,,,1,,0.2
891959d812fffff,,,,,,,,1,,0.2
89195b0252fffff,,,,,,,,1,,0.2
89195c9340bffff,,,,,,1,,2,,1.15
89195d2cb77ffff,,,,,,,,1,,0.2
89195d36ed3ffff,,,,,,,,1,,0.2
8919423966fffff,,,,,,,,1,,0.2
89194e8e587ffff,,,,,,,,1,,0.2
8918230b2cbffff,,,,,,,,,1,0.1
8919095017bffff,,,,,,,,,1,0.1
891909ac25bffff,,,,,,,,,1,0.1
8919421ab53ffff,,,,,,,,,1,0.1
8919527ad23ffff,,,,,,,,,1,0.1
89195841e0fffff,,,,,,,,,1,0.1
8918018e80fffff,,,,,,,,1,,0.2
89182361173ffff,,,,,,,,1,,0.2
89182e50437ffff,,,,,,,,1,,0.2
891875d19a7ffff,,,,,,,,1,,0.2
891909ac11bffff,,,,,,,,1,,0.2
891909ac403ffff,1,,,,,,,1,,1.2
891909ac5c7ffff,,,,,,,,1,,0.2
8919424f5dbffff,,,,,,,,1,,0.2
891948c118bffff,,,,,,,,1,,0.2
891948c13afffff,,,,,,,,1,,0.2
89194ada1a3ffff,,,,,,,,1,,0.2
89194ada4a3ffff,,,,,,,,1,,0.2
89194ada9d3ffff,,,,,,,,1,,0.2
89194e6890fffff,,,,,,,,1,,0.2
89194e69a4bffff,,,,,,,,1,,0.2
89194eab363ffff,,,,,,,,1,,0.2
891951718cbffff,,,,,,,,1,,0.2
891951b4283ffff,,,,,,,,1,,0.2
891951b446fffff,,,,,,,,4,,0.8
891955243afffff,,,,,,,,1,,0.2
89195914323ffff,,,,,,,,1,,0.2
891959aa25bffff,,,,,,,,1,,0.2
89195ac36a3ffff,,,,,,,,1,,0.2
89195ba0a6fffff,,,,,,,,1,,0.2
89195c055cfffff,,,,,,,,1,,0.2
89195c3a627ffff,,,,,,,,1,,0.2
89195d34e6fffff,,,,,,,,1,,0.2
89195dc25dbffff,,,,,,,,1,,0.2
8919726a837ffff,,,,,,,,2,,0.4
8919732404fffff,,,,,,,,1,,0.2
89190999813ffff,,,,,,,,,4,0.4
89192888337ffff,,,,,,,,,1,0.1
89182e75287ffff,,,,,,,,,1,0.1
891941430d7ffff,,,,,,,,,1,0.1
89194855a97ffff,,,,,,,,,1,0.1
89194e6222fffff,,,,,,,,,1,0.1
89195b610a7ffff,,,,,,,,,1,0.1
891973d1abbffff,,,,,,,,,1,0.1
891951055b7ffff,,,,,,,,,1,0.1
89195b4516bffff,,,,,,,,,1,0.1
89182841547ffff,1,,,,,,,,,1
8919424d1a7ffff,1,,,,,,,,,1
8919432dcc7ffff,1,,,,,,,,,1
891954db38fffff,1,,,,,,,,,1
89195632aafffff,1,,,,,,,,,1
89195c3416fffff,1,,,,,,,,,1
89195575d73ffff,,,,,,,,,1,0.1