res_7,num_shops
87195d21effffff,0
871951a19ffffff,0
87195565cffffff,0
87194038affffff,0
8709a54b0ffffff,0
8719414e9ffffff,0
871942608ffffff,0
87194a049ffffff,0
87194a0a0ffffff,0
87194e005ffffff,0
871955181ffffff,0
871955612ffffff,0
87195906effffff,0
871959736ffffff,0
871959121ffffff,0
871973d49ffffff,0
8719417aeffffff,0
871955ce8ffffff,0
87195e24affffff,0
8719464a5ffffff,0
871909326ffffff,0
871928c6cffffff,0
871959962ffffff,0
871823141ffffff,0
871943b2affffff,0
87194a9a9ffffff,0
87182cd81ffffff,0
87195ab1bffffff,0
8719428ebffffff,0
871942c08ffffff,0
871972709ffffff,0
8719422cdffffff,0
871825018ffffff,0
87182526bffffff,0
871828549ffffff,0
87182d25effffff,0
87190bd24ffffff,0
871940500ffffff,0
87194072affffff,0
87194238affffff,0
8719423a2ffffff,0
871942523ffffff,0
87194290dffffff,0
87194390affffff,0
8719462d2ffffff,0
871946536ffffff,0
87194e389ffffff,0
87194e501ffffff,0
871950c32ffffff,0
8719510ecffffff,0
871951143ffffff,0
8719524e9ffffff,0
87195291cffffff,0
871956266ffffff,0
87195810dffffff,0
871958a9cffffff,0
87195b799ffffff,0
87195ca4bffffff,0
87195d3aeffffff,0
871973ce4ffffff,0
87194278affffff,0
871948582ffffff,0
87195bc15ffffff,0
87195dac6ffffff,0
871958c15ffffff,0
87195d74effffff,0
871972d88ffffff,0
871801154ffffff,0
87195e68dffffff,0
871828d4effffff,0
871972c11ffffff,0
87190d6f5ffffff,0
87195c7adffffff,0
871955392ffffff,0
87182a306ffffff,0
87194e968ffffff,0
87195d726ffffff,0
871828c4dffffff,0
87182cdb4ffffff,0
8719510e2ffffff,0
871958a62ffffff,0
87195c66cffffff,0
87180182effffff,0
871908392ffffff,0
87190c022ffffff,0
87192b726ffffff,0
87194239effffff,0
871942742ffffff,0
87194e018ffffff,0
87195106effffff,0
871951308ffffff,0
871951892ffffff,0
871958990ffffff,0
87195bd42ffffff,0
87195d2dbffffff,0
87195d5b0ffffff,0
87195db51ffffff,0
871972702ffffff,0
8719728abffffff,0
871909951ffffff,0
871941110ffffff,0
871941432ffffff,0
871956601ffffff,0
871909ad0ffffff,0
871909a9effffff,0
87192a06affffff,0
87194399cffffff,0
87194e2d3ffffff,0
87195114effffff,0
87195196cffffff,0
871959d93ffffff,0
87195c4f2ffffff,0
87195dd98ffffff,0
87182c3a1ffffff,0
87194acc1ffffff,0
87194e854ffffff,0
8719543a4ffffff,0
87195d143ffffff,0
871976c32ffffff,0
871942082ffffff,0
87195d46dffffff,0
871951b35ffffff,0
871821894ffffff,0
8718218a8ffffff,0
871825021ffffff,0
87182526effffff,0
87182532effffff,0
871874301ffffff,0
87194119bffffff,0
87194171cffffff,0
87194214cffffff,0
871942a1dffffff,0
871943af2ffffff,0
87194a05affffff,0
871952431ffffff,0
87195250affffff,0
871952915ffffff,0
871952d02ffffff,0
871955c05ffffff,0
87195641effffff,0
871958473ffffff,0
871958725ffffff,0
8719588f0ffffff,0
871958921ffffff,0
87195a02bffffff,0
87195ad1dffffff,0
87195b129ffffff,0
87195b884ffffff,0
87195c0d9ffffff,0
87195c596ffffff,0
87195d303ffffff,0
87195db04ffffff,0
87195dc14ffffff,0
87195dc71ffffff,0
87192b0a2ffffff,0
87195aaadffffff,0
87195b092ffffff,0
87195c82affffff,0
87195c9a3ffffff,0
871828ba6ffffff,0
871941090ffffff,0
87194acebffffff,0
87195d80bffffff,0
871973cadffffff,0
871942ab0ffffff,0
87182e69affffff,0
87195d712ffffff,0
871958655ffffff,0
8718216c6ffffff,0
87182a2aeffffff,0
87195c313ffffff,0
87187468effffff,0
87182c12bffffff,0
87182c89effffff,0
87194276cffffff,0
87194e6d0ffffff,0
87194ed69ffffff,0
8719550d0ffffff,0
871958386ffffff,0
87195a298ffffff,0
87195b4e8ffffff,0
87195c295ffffff,0
8719720dbffffff,0
8719720e2ffffff,0
871972204ffffff,0
871972316ffffff,0
87197381bffffff,0
871976811ffffff,0
871941055ffffff,0
87195811cffffff,0
87195da20ffffff,0
8718019a8ffffff,0
87195eb89ffffff,0
87190a808ffffff,0
8719400d2ffffff,0
8719422a4ffffff,0
871951a9dffffff,0
871959b89ffffff,0
87195da01ffffff,0
87195da52ffffff,0
871823668ffffff,0
871946584ffffff,0
871951b12ffffff,0
87197261dffffff,0
871942070ffffff,0
871942253ffffff,0
871973646ffffff,0
871821131ffffff,0
87182535affffff,0
8718258ebffffff,0
871870d85ffffff,0
87195b69affffff,0
87190e38effffff,0
8719417aaffffff,0
87194206cffffff,0
8719420d4ffffff,0
87194c5b4ffffff,0
871951b18ffffff,0
871955c55ffffff,0
87195890dffffff,0
871959930ffffff,0
87195a2ccffffff,0
87195acc8ffffff,0
87195b8e6ffffff,0
87195bb02ffffff,0
87195c070ffffff,0
87195d72dffffff,0
87195e69dffffff,0
87195ea1dffffff,0
8718748a2ffffff,0
87194045bffffff,0
87194a4caffffff,0
87194e843ffffff,0
8719584edffffff,0
871942249ffffff,0
87180cd20ffffff,0
87195a575ffffff,0
871804b4effffff,0
87195490cffffff,0
87195c312ffffff,0
87195b611ffffff,0
87195c2daffffff,0
87182c899ffffff,0
871959b51ffffff,0
871972c4effffff,0
87182e5b3ffffff,0
871958382ffffff,0
871823d6cffffff,0
8718280e6ffffff,0
871908893ffffff,0
871909a59ffffff,0
871909a9cffffff,0
87190b320ffffff,0
8719422d9ffffff,0
8719434b2ffffff,0
871946626ffffff,0
871951630ffffff,0
8719524c3ffffff,0
871952789ffffff,0
8719542ceffffff,0
87195855bffffff,0
871958ad4ffffff,0
87195c0e0ffffff,0
87195e26affffff,0
87195ec32ffffff,0
87195ecb4ffffff,0
87194664affffff,0
87194e571ffffff,0
871952732ffffff,0
87195db26ffffff,0
87182c031ffffff,0
8719422acffffff,0
871942563ffffff,0
871942845ffffff,0
87194e646ffffff,0
871958722ffffff,0
87182a676ffffff,0
871942048ffffff,0
871958221ffffff,0
87194a016ffffff,0
871943594ffffff,0
871825212ffffff,0
871825676ffffff,0
87182d359ffffff,0
871870d1dffffff,0
871870d24ffffff,0
871874b64ffffff,0
871941ac3ffffff,0
8719422ddffffff,0
87194239bffffff,0
871942ad6ffffff,0
871942c9dffffff,0
871943ae0ffffff,0
87194661bffffff,0
87194a081ffffff,0
87194ed4cffffff,0
8719513aaffffff,0
8719519a6ffffff,0
871952050ffffff,0
87195209effffff,0
871952cc4ffffff,0
871952d06ffffff,0
871955002ffffff,0
871955058ffffff,0
871958c53ffffff,0
871959c20ffffff,0
87195b6acffffff,0
87195c4c0ffffff,0
87195c51dffffff,0
87195c62dffffff,0
87195cad3ffffff,0
87195cb99ffffff,0
87195cc25ffffff,0
87195e8adffffff,0
87195e971ffffff,0
8719732f3ffffff,0
8719485b2ffffff,0
87194a029ffffff,0
871959d81ffffff,0
87195aaa0ffffff,0
871959918ffffff,0
871805914ffffff,0
8719737a8ffffff,0
871870d02ffffff,0
87194e503ffffff,0
87195ad8dffffff,0
87195d231ffffff,0
87197202effffff,0
8719736d9ffffff,0
87197658effffff,0
871928883ffffff,0
87182150effffff,0
871825bacffffff,0
87187474cffffff,0
871908933ffffff,0
87190b06effffff,0
871943d1bffffff,0
87194840effffff,0
87194e46bffffff,0
87194eb1dffffff,0
871955662ffffff,0
87195995dffffff,0
87195c170ffffff,0
87195d728ffffff,0
87195d850ffffff,0
87195dcc8ffffff,0
87195e0edffffff,0
87195eb03ffffff,0
87194105cffffff,0
87195bc41ffffff,0
871901254ffffff,0
87195d2e5ffffff,0
87195e681ffffff,0
87192b74cffffff,0
87182a81effffff,0
87182c7a2ffffff,0
871942191ffffff,0
87194a561ffffff,0
8719566daffffff,0
871943605ffffff,0
871941029ffffff,0
87195980affffff,0
871955b66ffffff,0
87195c45affffff,0
8709a4444ffffff,0
871821924ffffff,0
871821965ffffff,0
871821c30ffffff,0
87182525cffffff,0
871825368ffffff,0
871874646ffffff,0
871941284ffffff,0
87194146effffff,0
87194175effffff,0
8719420c4ffffff,0
871942118ffffff,0
87194212bffffff,0
87194218bffffff,0
871942b23ffffff,0
87194851bffffff,0
87194e268ffffff,0
87194e551ffffff,0
87194e90dffffff,0
871950b73ffffff,0
871950d02ffffff,0
87195241cffffff,0
871952516ffffff,0
8719528adffffff,0
871954343ffffff,0
871954a98ffffff,0
871955645ffffff,0
871955658ffffff,0
87195576affffff,0
8719580eeffffff,0
871959029ffffff,0
871959922ffffff,0
87195b6f6ffffff,0
87195bb45ffffff,0
87195c000ffffff,0
87195c081ffffff,0
87195c373ffffff,0
87195cb18ffffff,0
87195dcb0ffffff,0
87197244bffffff,0
871973348ffffff,0
871874a30ffffff,0
87194a89affffff,0
87195812affffff,0
871958442ffffff,0
871958715ffffff,0
871959cdbffffff,0
87195ab95ffffff,0
87195ad93ffffff,0
871828a15ffffff,0
8719411acffffff,0
871909788ffffff,0
871953accffffff,0
8718236e8ffffff,0
87195d059ffffff,0
8719580ceffffff,0
871946564ffffff,0
87182a3b5ffffff,0
871909955ffffff,0
87192b3acffffff,0
8719424c4ffffff,0
871954d94ffffff,0
87195b782ffffff,0
871972602ffffff,0
87192bac5ffffff,0
871801304ffffff,0
871821a95ffffff,0
8718280edffffff,0
871901a02ffffff,0
871909ae4ffffff,0
87192a00affffff,0
87192b01bffffff,0
87192b62affffff,0
87192b709ffffff,0
8719420ecffffff,0
871943d05ffffff,0
871946a94ffffff,0
871948192ffffff,0
87194a56cffffff,0
87194ad5bffffff,0
87194e859ffffff,0
871955ab4ffffff,0
871958413ffffff,0
871959868ffffff,0
87195d083ffffff,0
87195ed04ffffff,0
87197238affffff,0
871972c40ffffff,0
871823b80ffffff,0
871941aabffffff,0
871959c19ffffff,0
87195b592ffffff,0
8719432c6ffffff,0
871958991ffffff,0
871972885ffffff,0
871828d46ffffff,0
871942520ffffff,0
8719433a0ffffff,0
871943585ffffff,0
871955d83ffffff,0
8719582abffffff,0
87195891bffffff,0
871973373ffffff,0
8719526cdffffff,0
8719584d2ffffff,0
87195d8d8ffffff,0
8719583b3ffffff,0
871948563ffffff,0
8719732c0ffffff,0
8718252aaffffff,0
871825388ffffff,0
871825665ffffff,0
871870992ffffff,0
87187462bffffff,0
8718746e0ffffff,0
8719400daffffff,0
871941089ffffff,0
8719411aeffffff,0
871941ad0ffffff,0
87194202bffffff,0
871942054ffffff,0
871942193ffffff,0
8719422a1ffffff,0
871942ab1ffffff,0
8719433aaffffff,0
87194a714ffffff,0
871951a0effffff,0
871953af2ffffff,0
871956450ffffff,0
871958025ffffff,0
871958146ffffff,0
871958902ffffff,0
87195a566ffffff,0
87195b9b0ffffff,0
87195c315ffffff,0
87195c610ffffff,0
87195cad5ffffff,0
87195caf3ffffff,0
87195dc83ffffff,0
8719720adffffff,0
87197334cffffff,0
871941352ffffff,0
871942299ffffff,0
871948596ffffff,0
87195c814ffffff,0
8719413aeffffff,0
87195b735ffffff,0
87182e822ffffff,0
8719094c1ffffff,0
871901209ffffff,0
8719095acffffff,0
87194175affffff,0
87194e540ffffff,0
871909455ffffff,0
87182c46dffffff,0
87190e065ffffff,0
87195d881ffffff,0
8718215a5ffffff,0
87195e732ffffff,0
8719413b6ffffff,0
871959008ffffff,0
871870d9affffff,0
871901284ffffff,0
87192b330ffffff,0
87194125effffff,0
8719423a3ffffff,0
871942c8bffffff,0
8719434ebffffff,0
87194a530ffffff,0
87194e4c9ffffff,0
87194e641ffffff,0
871951384ffffff,0
871952448ffffff,0
8719584b3ffffff,0
871958595ffffff,0
87195911dffffff,0
87195b6f4ffffff,0
87195c352ffffff,0
87195c9b5ffffff,0
87195cc02ffffff,0
871976313ffffff,0
871976a91ffffff,0
871940645ffffff,0
87182a06bffffff,0
87194edb1ffffff,0
871951d6bffffff,0
8719722a0ffffff,0
8718238caffffff,0
871909adaffffff,0
87194e6c1ffffff,0
87182e01dffffff,0
871958742ffffff,0
871951b90ffffff,0
87195c1a1ffffff,0
87182199bffffff,0
871825252ffffff,0
8718256dbffffff,0
87182d35bffffff,0
87182e619ffffff,0
871901253ffffff,0
87190a856ffffff,0
871928132ffffff,0
8719400b2ffffff,0
8719411a3ffffff,0
87194a468ffffff,0
87194e031ffffff,0
87194eb14ffffff,0
871951374ffffff,0
87195254bffffff,0
87195282affffff,0
871956335ffffff,0
871958331ffffff,0
871958906ffffff,0
871958ae3ffffff,0
871959899ffffff,0
87195bc33ffffff,0
87195c175ffffff,0
87195dc80ffffff,0
87195e944ffffff,0
87194072dffffff,0
87194334affffff,0
87195279cffffff,0
871958b9bffffff,0
871955435ffffff,0
8718232ceffffff,0
871958da0ffffff,0
87190a8e1ffffff,0
87195ab52ffffff,0
8719296e9ffffff,0
871948474ffffff,0
87195cd54ffffff,0
871973d1affffff,0
871951b0effffff,0
871955c03ffffff,0
8719725a9ffffff,0
87194a4dbffffff,0
871959108ffffff,0
871959b83ffffff,0
8719520c1ffffff,0
87182e85affffff,0
87190bd25ffffff,0
871801a73ffffff,0
8719094d3ffffff,0
87190d850ffffff,0
87192b74dffffff,0
8719464a4ffffff,0
871951325ffffff,0
871951a64ffffff,0
871955c59ffffff,0
87195662affffff,0
87195931affffff,0
8719597a1ffffff,0
8719597aeffffff,0
87195c118ffffff,0
87195ca41ffffff,0
87195ac36ffffff,0
8719420a3ffffff,0
87195d08dffffff,0
871973ad0ffffff,0
871946a82ffffff,0
8718280b0ffffff,0
871870d4affffff,0
871942216ffffff,0
8719424daffffff,0
87194e00affffff,0
87194e94bffffff,0
87194ed05ffffff,0
8719518a8ffffff,0
871946475ffffff,0
87194a076ffffff,0
8719436d1ffffff,0
8718284b2ffffff,0
871942cd4ffffff,0
87194ad62ffffff,0
871951d68ffffff,0
87197664affffff,0
87195c64cffffff,0
871825260ffffff,0
871825619ffffff,0
871825a76ffffff,0
871825bb1ffffff,0
871942281ffffff,0
871942874ffffff,0
871942a8affffff,0
871942ad3ffffff,0
87194c589ffffff,0
87194e8deffffff,0
87194e951ffffff,0
871951246ffffff,0
871952c92ffffff,0
8719552ddffffff,0
8719556a1ffffff,0
8719564e9ffffff,0
871958c60ffffff,0
8719594b1ffffff,0
87195b6a4ffffff,0
87195b86effffff,0
87195c288ffffff,0
87195e159ffffff,0
87195eae3ffffff,0
871973319ffffff,0
871973415ffffff,0
87182e21effffff,0
871942844ffffff,0
871955b8bffffff,0
871958786ffffff,0
87195b71effffff,0
87195d571ffffff,0
87194e2d8ffffff,0
87195431cffffff,0
871823002ffffff,0
87182a7adffffff,0
8719732f1ffffff,0
87182c773ffffff,0
87190945dffffff,0
87194641effffff,0
87194e471ffffff,0
87195475bffffff,0
87195b9aeffffff,0
87182a0dbffffff,0
87182355effffff,0
8719410cbffffff,0
871801b00ffffff,0
87182c16dffffff,0
871909070ffffff,0
871941052ffffff,0
871942252ffffff,0
8719424d6ffffff,0
871942586ffffff,0
871943631ffffff,0
871942914ffffff,0
871955b05ffffff,0
871958771ffffff,0
87195899dffffff,0
87195b684ffffff,0
87195bc32ffffff,0
87195d365ffffff,0
871874b91ffffff,0
8719410c8ffffff,0
87194e0dcffffff,0
87182a336ffffff,0
87195da0bffffff,0
871951a9effffff,0
871951173ffffff,0
87194e41effffff,0
871951220ffffff,0
871825243ffffff,0
87194a155ffffff,0
87195988affffff,0
87195c05effffff,0
87195d04bffffff,0
87195d31dffffff,0
8719720b2ffffff,0
87197664bffffff,0
87182e7a1ffffff,0
871952196ffffff,0
871823065ffffff,0
87195a873ffffff,0
87195c0daffffff,0
87194e6c2ffffff,0
8709a466affffff,0
8709a4661ffffff,0
871825361ffffff,0
871825a15ffffff,0
87182d262ffffff,0
871874323ffffff,0
87190d023ffffff,0
8719412c4ffffff,0
871941658ffffff,0
87194174affffff,0
871942046ffffff,0
8719428ecffffff,0
871942905ffffff,0
8719430e4ffffff,0
871946c94ffffff,0
871948484ffffff,0
87194e81effffff,0
87195115dffffff,0
87195138affffff,0
8719520b4ffffff,0
871952912ffffff,0
871952cc0ffffff,0
87195520cffffff,0
8719566ccffffff,0
871958a19ffffff,0
871958b28ffffff,0
871958b6affffff,0
871958c4affffff,0
871958d93ffffff,0
87195a890ffffff,0
87195b8caffffff,0
87195c163ffffff,0
87195c628ffffff,0
87195c774ffffff,0
87197325effffff,0
8719422adffffff,0
87194266affffff,0
871943073ffffff,0
87194a105ffffff,0
87194ed0dffffff,0
8719519a2ffffff,0
871958682ffffff,0
8719593b5ffffff,0
87195a4a9ffffff,0
871955391ffffff,0
8719012a4ffffff,0
8719296adffffff,0
871946712ffffff,0
871946cdeffffff,0
871973301ffffff,0
871959159ffffff,0
871941a12ffffff,0
87195c044ffffff,0
8719281b1ffffff,0
871805946ffffff,0
871821d8dffffff,0
87182879dffffff,0
871909aa4ffffff,0
87194218dffffff,0
8719463a5ffffff,0
8719510c1ffffff,0
87195315dffffff,0
87195535affffff,0
871958628ffffff,0
8719586e0ffffff,0
871959949ffffff,0
87195c06bffffff,0
87195d00cffffff,0
87195d0c1ffffff,0
87195d956ffffff,0
87195dba9ffffff,0
871951a54ffffff,0
87195d344ffffff,0
871825c63ffffff,0
871942568ffffff,0
871951064ffffff,0
871954a5affffff,0
87195d90affffff,0
871942616ffffff,0
87182aae5ffffff,0
871942044ffffff,0
871942b9affffff,0
87194a44cffffff,0
87195cbb6ffffff,0
87182572affffff,0
871825ad4ffffff,0
871874ae8ffffff,0
87194252cffffff,0
871942a0bffffff,0
871942d01ffffff,0
871943261ffffff,0
871943935ffffff,0
87194642effffff,0
871946761ffffff,0
87194e84dffffff,0
87194e910ffffff,0
87194e984ffffff,0
871951365ffffff,0
8719556acffffff,0
8719566d2ffffff,0
871958cadffffff,0
87195a108ffffff,0
87195ac5affffff,0
87195c0deffffff,0
871874383ffffff,0
8719428aaffffff,0
8719436aaffffff,0
87194852cffffff,0
87195d6f2ffffff,0
871801a6affffff,0
871805832ffffff,0
871943752ffffff,0
87187414bffffff,0
87190898cffffff,0
87195c84effffff,0
8719402c4ffffff,0
871946560ffffff,0
87182a31bffffff,0
871874acdffffff,0
871958418ffffff,0
871948500ffffff,0
87194e233ffffff,0
871959a21ffffff,0
87195c2a3ffffff,0
87182992affffff,0
8718214edffffff,0
87182c694ffffff,0
87182c88cffffff,0
8718740c1ffffff,0
871909999ffffff,0
87190d466ffffff,0
8719434a4ffffff,0
871946c95ffffff,0
87194aca9ffffff,0
8719528eeffffff,0
871955752ffffff,0
871959b8dffffff,0
871959d63ffffff,0
87195aaaeffffff,0
87195d260ffffff,0
87195d8a5ffffff,0
87195dbb3ffffff,0
871972889ffffff,0
87195bc63ffffff,0
87182a30affffff,0
871942012ffffff,0
87195c349ffffff,0
87195c766ffffff,0
87195c452ffffff,0
8718288d8ffffff,0
871942894ffffff,0
8719433b0ffffff,0
87194399affffff,0
871972ceeffffff,0
87182cdaaffffff,0
87182e413ffffff,0
87195a16cffffff,0
8719413b5ffffff,0
871942b84ffffff,0
87194a08dffffff,0
87194e7b3ffffff,0
871955675ffffff,0
871959143ffffff,0
87195cd74ffffff,0
87195d6e8ffffff,0
871972625ffffff,0
87182306bffffff,0
871825aa8ffffff,0
871928033ffffff,0
87194041effffff,0
871941080ffffff,0
87194108effffff,0
8719410e3ffffff,0
871941560ffffff,0
871942103ffffff,0
87194238effffff,0
871942560ffffff,0
871946325ffffff,0
871948cacffffff,0
87194a01dffffff,0
87194ec10ffffff,0
87195250bffffff,0
871952d43ffffff,0
87195445effffff,0
871955d85ffffff,0
87195931cffffff,0
8719598b6ffffff,0
871959a9effffff,0
87195a10bffffff,0
87195bb18ffffff,0
87195c22effffff,0
87195ca0bffffff,0
87195cb01ffffff,0
87195cc70ffffff,0
871973202ffffff,0
871973665ffffff,0
871828836ffffff,0
87194a898ffffff,0
87195845cffffff,0
87195d15cffffff,0
87194208effffff,0
87182551cffffff,0
87182e436ffffff,0
87194072effffff,0
87194a494ffffff,0
871958654ffffff,0
871958792ffffff,0
871801819ffffff,0
871941226ffffff,0
87194ecdaffffff,0
8718252d9ffffff,0
87195139dffffff,0
8719424a2ffffff,0
87194235effffff,0
87195b736ffffff,0
871909928ffffff,0
8719588e1ffffff,0
871821cb0ffffff,0
871828073ffffff,0
87182ad0dffffff,0
87182c81effffff,0
871951af4ffffff,0
87195822cffffff,0
87195b086ffffff,0
87195d36bffffff,0
87195d635ffffff,0
87195dab2ffffff,0
87195dad1ffffff,0
871941470ffffff,0
8719580caffffff,0
87195d64cffffff,0
87194104cffffff,0
871954652ffffff,0
871959468ffffff,0
87182e6a0ffffff,0
87182c8d2ffffff,0
871951b61ffffff,0
8718052d4ffffff,0
871825245ffffff,0
87182c290ffffff,0
8719433b4ffffff,0
87194840affffff,0
871953b82ffffff,0
87195a843ffffff,0
871821cc5ffffff,0
8719090eeffffff,0
87195e6c1ffffff,0
871943636ffffff,0
87194ec86ffffff,0
871874749ffffff,0
871943925ffffff,0
871942075ffffff,0
871942419ffffff,0
8719512a6ffffff,0
871952825ffffff,0
871973305ffffff,0
8718218ebffffff,0
871909ad9ffffff,0
87190c9a8ffffff,0
8719404f0ffffff,0
871941054ffffff,0
87194115cffffff,0
8719411b1ffffff,0
871941301ffffff,0
871942003ffffff,0
87194209effffff,0
8719423aaffffff,0
871943499ffffff,0
87194ecc9ffffff,0
871951861ffffff,0
8719524a4ffffff,0
871952520ffffff,0
87195436dffffff,0
871954d31ffffff,0
871955590ffffff,0
87195ac20ffffff,0
87195b714ffffff,0
87195c035ffffff,0
87195d509ffffff,0
87195e02cffffff,0
8719720a8ffffff,0
871801814ffffff,0
87194a955ffffff,0
87195186dffffff,0
8719724c3ffffff,0
8719524ceffffff,0
871823420ffffff,0
87195840affffff,0
87195a28bffffff,0
87195cc73ffffff,0
87182cc33ffffff,0
871943d02ffffff,0
871959a29ffffff,0
871973324ffffff,0
871951103ffffff,0
871956d69ffffff,0
8719735a2ffffff,0
87194201affffff,0
87195ed85ffffff,0
87187490affffff,0
87190166cffffff,0
87190c4c9ffffff,0
87192c603ffffff,0
8719404aaffffff,0
871941b9effffff,0
871942091ffffff,0
87194281dffffff,0
871943071ffffff,0
87194375effffff,0
87194a4b2ffffff,0
87194e09bffffff,0
871951aeeffffff,0
87195a01cffffff,0
87195a22effffff,0
87195a5a6ffffff,0
87195c3a9ffffff,0
87195d356ffffff,0
87195dcc1ffffff,0
87195dcd6ffffff,0
871943d22ffffff,0
87194129bffffff,0
871973c48ffffff,0
871943330ffffff,0
87194e0d2ffffff,0
871958285ffffff,0
87195ab45ffffff,0
87197322bffffff,0
871951158ffffff,0
87194842dffffff,0
8719510e5ffffff,0
871972989ffffff,0
871940736ffffff,0
87195d355ffffff,0
87195c751ffffff,0
87182181affffff,0
8718218abffffff,0
87182572effffff,0
871825756ffffff,0
871825a4bffffff,0
871870d2affffff,0
87190998bffffff,0
87194144affffff,0
871941666ffffff,0
87194201dffffff,0
87194204affffff,0
871942236ffffff,0
871942a35ffffff,0
871942ccbffffff,0
871942cd3ffffff,0
871946410ffffff,0
871948420ffffff,0
87194e55cffffff,0
87194e96bffffff,0
8719566d4ffffff,0
8719586edffffff,0
871958765ffffff,0
871958a8bffffff,0
8719594a8ffffff,0
87195b575ffffff,0
87195c3aeffffff,0
87195c664ffffff,0
87195cb9cffffff,0
87195d022ffffff,0
87195dd56ffffff,0
87195e222ffffff,0
87195ea9bffffff,0
871973253ffffff,0
871973263ffffff,0
8719738c6ffffff,0
87182e2cdffffff,0
871943174ffffff,0
87195d714ffffff,0
871946cdaffffff,0
871951250ffffff,0
87190b355ffffff,0
87195e623ffffff,0
8719728d5ffffff,0
87195b792ffffff,0
87192b2b4ffffff,0
8719584d3ffffff,0
871958060ffffff,0
87195c033ffffff,0
87190b344ffffff,0
871951802ffffff,0
87192b3a8ffffff,0
871940d80ffffff,0
871958aa1ffffff,0
871976c94ffffff,0
871801ba1ffffff,0
871823899ffffff,0
871828a31ffffff,0
871942399ffffff,0
87194372dffffff,0
87194a443ffffff,0
87194a811ffffff,0
87194ad6cffffff,0
87194e2c2ffffff,0
87195130dffffff,0
87195246dffffff,0
871955260ffffff,0
87195985bffffff,0
87195a842ffffff,0
87195b78affffff,0
871973adeffffff,0
871820845ffffff,0
87192b655ffffff,0
87194e153ffffff,0
87195c0edffffff,0
87195c261ffffff,0
871958721ffffff,0
8719526c9ffffff,0
871821aeeffffff,0
87182e585ffffff,0
871909a64ffffff,0
87194ad44ffffff,0
871909c86ffffff,0
8719424dcffffff,0
87194e774ffffff,0
871942d08ffffff,0
871943642ffffff,0
87182a313ffffff,0
87194e6e1ffffff,0
8719510e0ffffff,0
871959725ffffff,0
871825061ffffff,0
8718250abffffff,0
871825a88ffffff,0
87187465effffff,0
871874832ffffff,0
871940715ffffff,0
871941040ffffff,0
87194238dffffff,0
871942c64ffffff,0
87194a4d9ffffff,0
87195282cffffff,0
871955904ffffff,0
8719566d9ffffff,0
871958a5bffffff,0
871959443ffffff,0
871959b91ffffff,0
87195a411ffffff,0
87195d51dffffff,0
87195eb20ffffff,0
87197321cffffff,0
871973272ffffff,0
871973729ffffff,0
8719422ceffffff,0
871943361ffffff,0
8719569a0ffffff,0
871958470ffffff,0
871941729ffffff,0
8719591a6ffffff,0
871942918ffffff,0
87195998bffffff,0
871951ab6ffffff,0
871952c61ffffff,0
871825603ffffff,0
871909370ffffff,0
87194a716ffffff,0
871958799ffffff,0
871972c43ffffff,0
87182a3aeffffff,0
87182d274ffffff,0
87192b328ffffff,0
871942094ffffff,0
87194335effffff,0
87194ad66ffffff,0
87194c49dffffff,0
87194e020ffffff,0
87194e382ffffff,0
8719532caffffff,0
871958553ffffff,0
87195c302ffffff,0
87195d205ffffff,0
87195d815ffffff,0
87195da9effffff,0
8719724c0ffffff,0
871976285ffffff,0
8719421a8ffffff,0
87194044dffffff,0
87195538dffffff,0
871958162ffffff,0
871828b95ffffff,0
87182a302ffffff,0
87194325effffff,0
87194a730ffffff,0
8719513b2ffffff,0
871953ad8ffffff,0
87195c963ffffff,0
87195d455ffffff,0
87195d46affffff,0
87195d46bffffff,0
87195da9affffff,0
87195dd46ffffff,0
87195e8e4ffffff,0
871825a71ffffff,0
87182c8acffffff,0
87190e95affffff,0
87192976effffff,0
871972a81ffffff,0
8719088f6ffffff,0
87194e56bffffff,0
87197200effffff,0
871874b55ffffff,0
87182c605ffffff,0
871943c63ffffff,0
871821972ffffff,0
871821d5effffff,0
871825aceffffff,0
871872920ffffff,0
871875d2bffffff,0
8719404dbffffff,0
871941ab6ffffff,0
8719423acffffff,0
8719424f6ffffff,0
871942768ffffff,0
871942820ffffff,0
871946533ffffff,0
871951a90ffffff,0
871952c1bffffff,0
8719550daffffff,0
8719564edffffff,0
8719568a3ffffff,0
8719588aeffffff,0
8719589b2ffffff,0
871958c0dffffff,0
871958c76ffffff,0
87195b104ffffff,0
87195b4deffffff,0
87195b86dffffff,0
87195c123ffffff,0
87195c2c6ffffff,0
87195c74effffff,0
87195c769ffffff,0
87195ca23ffffff,0
87195e116ffffff,0
871874a5bffffff,0
8719406a1ffffff,0
871946394ffffff,0
871948522ffffff,0
87194e62affffff,0
871958096ffffff,0
871958475ffffff,0
8719584e3ffffff,0
871959413ffffff,0
87195d174ffffff,0
87195d206ffffff,0
87182156bffffff,0
87194115bffffff,0
871943c1affffff,0
87195a22cffffff,0
87195a8a3ffffff,0
87195daadffffff,0
87197359cffffff,0
8719012d9ffffff,0
871972919ffffff,0
871976d5bffffff,0
87195cacbffffff,0
87195d328ffffff,0
87194200bffffff,0
8719584d6ffffff,0
87195d2d1ffffff,0
87195da10ffffff,0
87194ebb0ffffff,0
87195c6cbffffff,0
871972382ffffff,0
871973d13ffffff,0
8719296a8ffffff,0
87194205cffffff,0
8719420f4ffffff,0
8719421a6ffffff,0
8719422e4ffffff,0
8719426deffffff,0
871942758ffffff,0
871942761ffffff,0
87194855effffff,0
871958309ffffff,0
87195b721ffffff,0
87195b733ffffff,0
87195c930ffffff,0
87195caccffffff,0
87195ec60ffffff,0
871972013ffffff,0
871972af2ffffff,0
871976005ffffff,0
871946540ffffff,0
871953af0ffffff,0
87195bc5cffffff,0
871943d01ffffff,0
8719092e1ffffff,0
8719410e8ffffff,0
871941345ffffff,0
8719434d8ffffff,0
871951306ffffff,0
871951762ffffff,0
871958c23ffffff,0
87195a406ffffff,0
87195d441ffffff,0
871825102ffffff,0
8719422a8ffffff,0
87194e6a4ffffff,0
87195d66effffff,0
87194175cffffff,0
871821a90ffffff,0
871942cc4ffffff,0
8718242ceffffff,0
87182d2e3ffffff,0
87182e614ffffff,0
871870d62ffffff,0
8719286b6ffffff,0
8719413a3ffffff,0
8719416b4ffffff,0
871941759ffffff,0
871941aaeffffff,0
871942002ffffff,0
8719422c2ffffff,0
871942385ffffff,0
87194290bffffff,0
8719429a3ffffff,0
871942ad4ffffff,0
871943a93ffffff,0
871943b8cffffff,0
87194ed8cffffff,0
871952412ffffff,0
87195299cffffff,0
871953065ffffff,0
8719552d2ffffff,0
871956631ffffff,0
871956673ffffff,0
87195852cffffff,0
87195b686ffffff,0
87195bab0ffffff,0
87195c148ffffff,0
87195c433ffffff,0
87195c6ebffffff,0
87195dc82ffffff,0
87195e319ffffff,0
87195e613ffffff,0
87197334dffffff,0
87192b6eeffffff,0
871940702ffffff,0
871958020ffffff,0
87195ab61ffffff,0
87195c521ffffff,0
87190b304ffffff,0
8719420f6ffffff,0
87195d042ffffff,0
87180c9a4ffffff,0
871958726ffffff,0
87194325bffffff,0
871955a1affffff,0
87195a1abffffff,0
871952642ffffff,0
871825b1effffff,0
871908269ffffff,0
871928d5bffffff,0
87194a8dcffffff,0
87194e653ffffff,0
871951176ffffff,0
871958295ffffff,0
8719590f0ffffff,0
87195b813ffffff,0
87195c58effffff,0
87195d44cffffff,0
871976c06ffffff,0
871973270ffffff,0
87182c71dffffff,0
871942b09ffffff,0
871956605ffffff,0
87195c0a9ffffff,0
87195c351ffffff,0
87194a90dffffff,0
87194e0adffffff,0
87194e521ffffff,0
871955a61ffffff,0
871874b4dffffff,0
871942743ffffff,0
8719485b0ffffff,0
8718218ecffffff,0
871821c13ffffff,0
871825205ffffff,0
87194174cffffff,0
8719428e2ffffff,0
871942a76ffffff,0
871942aebffffff,0
871942b24ffffff,0
871943560ffffff,0
87194675affffff,0
8719485b6ffffff,0
87194a450ffffff,0
87194c490ffffff,0
87194e99cffffff,0
871951109ffffff,0
87195520dffffff,0
8719554b3ffffff,0
87195575cffffff,0
87195576cffffff,0
871958901ffffff,0
871958d99ffffff,0
87195b14cffffff,0
87195c10effffff,0
87195c768ffffff,0
87195cac8ffffff,0
871823010ffffff,0
8719429a5ffffff,0
871958402ffffff,0
871959473ffffff,0
87195546effffff,0
871959068ffffff,0
871973c25ffffff,0
871828c73ffffff,0
871955232ffffff,0
87190c6acffffff,0
871943c11ffffff,0
871958182ffffff,0
871958763ffffff,0
8719722a1ffffff,0
871820b84ffffff,0
87194e7adffffff,0
87194ac15ffffff,0
87194e546ffffff,0
8719424edffffff,0
87194a821ffffff,0
87195bd6bffffff,0
87192c298ffffff,0
871942484ffffff,0
871929740ffffff,0
87182e6d1ffffff,0
87190a829ffffff,0
871941309ffffff,0
87194851effffff,0
87194a815ffffff,0
87194e785ffffff,0
871951855ffffff,0
871958032ffffff,0
87195814effffff,0
87195b168ffffff,0
87195c41cffffff,0
87195d645ffffff,0
87195d94affffff,0
87197204dffffff,0
87194ecb3ffffff,0
87195586bffffff,0
87195daf0ffffff,0
871972585ffffff,0
87194a9b0ffffff,0
8719722b6ffffff,0
871958231ffffff,0
87195d708ffffff,0
871909addffffff,0
871941362ffffff,0
87194269affffff,0
87194ac4affffff,0
871958826ffffff,0
87195caf1ffffff,0
87182ca95ffffff,0
871909908ffffff,0
87194ed8dffffff,0
871959a98ffffff,0
871943702ffffff,0
87194051bffffff,0
871942c99ffffff,0
871821d28ffffff,0
871874386ffffff,0
871874a42ffffff,0
871875d25ffffff,0
871901a1cffffff,0
87194231cffffff,0
871946512ffffff,0
87194a540ffffff,0
871951255ffffff,0
871952cf0ffffff,0
871952d58ffffff,0
871956436ffffff,0
871956649ffffff,0
87195831dffffff,0
871958829ffffff,0
871958a9affffff,0
87195948cffffff,0
87195b01bffffff,0
87195b681ffffff,0
87195b786ffffff,0
87195b8aeffffff,0
87195c040ffffff,0
87195c0c5ffffff,0
87195c6c4ffffff,0
87195caa5ffffff,0
87195d669ffffff,0
87195e3a4ffffff,0
871973ad3ffffff,0
87195d063ffffff,0
871976172ffffff,0
8718746e5ffffff,0
8719296ddffffff,0
87194e088ffffff,0
871959a83ffffff,0
87195c6e4ffffff,0
87195d399ffffff,0
87195e571ffffff,0
871942760ffffff,0
87194a028ffffff,0
871943246ffffff,0
871954329ffffff,0
871955d88ffffff,0
871909a51ffffff,0
871953242ffffff,0
87195cc1cffffff,0
871972741ffffff,0
871823d62ffffff,0
871825ba1ffffff,0
87190c0a0ffffff,0
8719410c5ffffff,0
871943a5bffffff,0
871952728ffffff,0
871958200ffffff,0
871958558ffffff,0
8719594b0ffffff,0
87195a989ffffff,0
87195cac5ffffff,0
87195cd8effffff,0
871972441ffffff,0
8719421a5ffffff,0
871942186ffffff,0
87194a930ffffff,0
87195b7a4ffffff,0
8719430c5ffffff,0
8719432f4ffffff,0
871948403ffffff,0
87194e1a8ffffff,0
87194850dffffff,0
871823063ffffff,0
87182a895ffffff,0
87182cce8ffffff,0
871874901ffffff,0
871941016ffffff,0
871941312ffffff,0
87194201effffff,0
871942065ffffff,0
87194282bffffff,0
871942983ffffff,0
871943a44ffffff,0
871943b54ffffff,0
87194e336ffffff,0
87194e95affffff,0
8719525aeffffff,0
871952d96ffffff,0
871954088ffffff,0
8719550c9ffffff,0
87195979effffff,0
87195c6e3ffffff,0
87195c70dffffff,0
87195c752ffffff,0
87195d89cffffff,0
87195e36affffff,0
87180131effffff,0
87182c098ffffff,0
871943053ffffff,0
87194e490ffffff,0
87195842affffff,0
87195c644ffffff,0
871941313ffffff,0
87194116dffffff,0
8719436acffffff,0
871972411ffffff,0
87197266bffffff,0
871951071ffffff,0
871946ad2ffffff,0
87197278affffff,0
87194a935ffffff,0
87182814affffff,0
871870d08ffffff,0
87190139dffffff,0
871909acbffffff,0
87192ba55ffffff,0
8719407b6ffffff,0
871941641ffffff,0
8719420ccffffff,0
87194e7a2ffffff,0
871955674ffffff,0
871958a98ffffff,0
871959d26ffffff,0
87195cb60ffffff,0
8719729aaffffff,0
871972c42ffffff,0
87195cb41ffffff,0
87195c2a4ffffff,0
87195d241ffffff,0
871942ab6ffffff,0
87194a8ebffffff,0
87194e530ffffff,0
8719547a9ffffff,0
871958704ffffff,0
87195d200ffffff,0
8719434a2ffffff,0
8719584dbffffff,0
8719422d4ffffff,0
871942499ffffff,0
8719013a8ffffff,0
8719425a5ffffff,0
87194e286ffffff,0
87195a123ffffff,0
87182a91dffffff,0
87194e6b1ffffff,0
87195a2a3ffffff,0
871943c44ffffff,0
871942494ffffff,0
871940434ffffff,0
871946535ffffff,0
87182585effffff,0
8718258e8ffffff,0
871876a49ffffff,0
8719292a8ffffff,0
87192bac8ffffff,0
87194239affffff,0
871942b64ffffff,0
871942cd5ffffff,0
871943515ffffff,0
871943d28ffffff,0
871946ad8ffffff,0
8719484d4ffffff,0
87194a784ffffff,0
87194e2c3ffffff,0
87194e8a8ffffff,0
87195210dffffff,0
871952883ffffff,0
871952cd9ffffff,0
87195470dffffff,0
8719554c2ffffff,0
87195ad32ffffff,0
87195b4d2ffffff,0
87195c8f2ffffff,0
87195c94effffff,0
87195d0d4ffffff,0
87195dcb6ffffff,0
87195e82effffff,0
8719732aaffffff,0
871973708ffffff,0
871874ab0ffffff,0
871909222ffffff,0
87194a989ffffff,0
87194ac6dffffff,0
87194e21bffffff,0
8719584e8ffffff,0
8719586caffffff,0
871958933ffffff,0
87195aa0effffff,0
87194132bffffff,0
87194ab1cffffff,0
87194a06effffff,0
87194e743ffffff,0
871951642ffffff,0
87195572effffff,0
87195b095ffffff,0
87195dba1ffffff,0
87195e149ffffff,0
871972623ffffff,0
871874a10ffffff,0
871825a43ffffff,0
871874ae6ffffff,0
8719420b2ffffff,0
8719422c8ffffff,0
8719424f3ffffff,0
87194268affffff,0
871946188ffffff,0
87194a074ffffff,0
87194e92effffff,0
871954296ffffff,0
871955484ffffff,0
871955512ffffff,0
871955a1cffffff,0
871956d70ffffff,0
871959851ffffff,0
87195ab53ffffff,0
87195ad75ffffff,0
87195d11effffff,0
8719723a8ffffff,0
871801844ffffff,0
871943d26ffffff,0
87195e713ffffff,0
87182c4c1ffffff,0
871951ab4ffffff,0
87190902effffff,0
8719402f4ffffff,0
871942cc6ffffff,0
871943cceffffff,0
871951bb6ffffff,0
8719528ecffffff,0
87195c008ffffff,0
87195575affffff,0
8719420e6ffffff,0
8719436eeffffff,0
871976610ffffff,0
8719413b2ffffff,0
871943ba2ffffff,0
87194a062ffffff,0
87194206bffffff,0
87194ad85ffffff,0
87194e091ffffff,0
871825064ffffff,0
8718252a4ffffff,0
87182535effffff,0
8718746a8ffffff,0
871875d33ffffff,0
871943659ffffff,0
871946070ffffff,0
87194a082ffffff,0
87194a149ffffff,0
87194a1a0ffffff,0
87194ecc0ffffff,0
871952523ffffff,0
871955998ffffff,0
871955da9ffffff,0
8719566c8ffffff,0
87195802effffff,0
8719584c2ffffff,0
871958845ffffff,0
871958994ffffff,0
871959c40ffffff,0
87195b830ffffff,0
87195c2d5ffffff,0
87195d575ffffff,0
87195eca3ffffff,0
871943b53ffffff,0
87194a9a2ffffff,0
871958691ffffff,0
871959a8bffffff,0
87195a4b3ffffff,0
87195aa11ffffff,0
87190c6d9ffffff,0
87195ca21ffffff,0
872a4c140ffffff,0
871941430ffffff,0
87194e2a0ffffff,0
87195b61affffff,0
8719416d5ffffff,0
87194a90bffffff,0
87182c8d0ffffff,0
87182c020ffffff,0
87182c898ffffff,0
871874aeaffffff,0
871909450ffffff,0
871909a42ffffff,0
87190d8eeffffff,0
871942d04ffffff,0
8719552e3ffffff,0
87195572cffffff,0
87195d4f1ffffff,0
871972296ffffff,0
871972750ffffff,0
871973659ffffff,0
871941042ffffff,0
87195a424ffffff,0
87182c154ffffff,0
87194e162ffffff,0
871959d58ffffff,0
871973250ffffff,0
87194a855ffffff,0
87195d914ffffff,0
87195e970ffffff,0
8719768b2ffffff,0
871958761ffffff,0
871943c76ffffff,0
87190dc29ffffff,0
87195912cffffff,0
8709a6844ffffff,0
871821135ffffff,0
871821d63ffffff,0
871825140ffffff,0
871825244ffffff,0
87182539affffff,0
87182565effffff,0
8719081a3ffffff,0
8719412d4ffffff,0
871942144ffffff,0
871942544ffffff,0
8719429b2ffffff,0
871942a42ffffff,0
871942b0effffff,0
871942b15ffffff,0
871942b62ffffff,0
871943360ffffff,0
871943363ffffff,0
871943db6ffffff,0
87194626cffffff,0
87194634dffffff,0
871948c99ffffff,0
87194e92dffffff,0
871950b29ffffff,0
8719521a4ffffff,0
8719566eeffffff,0
871956a5dffffff,0
871958b91ffffff,0
8719598d1ffffff,0
871959b56ffffff,0
87195a971ffffff,0
87195b6d4ffffff,0
87195c169ffffff,0
87195c60bffffff,0
87195d5a9ffffff,0
87195dc96ffffff,0
87195e862ffffff,0
871973666ffffff,0
871976388ffffff,0
87182d34affffff,0
87194079dffffff,0
871946210ffffff,0
871951866ffffff,0
87195d44affffff,0
871942ce3ffffff,0
871948535ffffff,0
8719412c9ffffff,0
8718238adffffff,0
87195b904ffffff,0
8719512d2ffffff,0
87195e52dffffff,0
871972921ffffff,0
871959916ffffff,0
87195b872ffffff,0
871972434ffffff,0
871901a10ffffff,0
87195a285ffffff,0
87195844cffffff,0
87195bb50ffffff,0
87195c89dffffff,0
87195eab2ffffff,0
87194c598ffffff,0
871870d88ffffff,0
87195cc35ffffff,0
8719726acffffff,0
871959a22ffffff,0
87194e460ffffff,0
871940785ffffff,0
871943451ffffff,0
871953054ffffff,0
8719582eeffffff,0
871958445ffffff,0
87195845affffff,0
871958619ffffff,0
871959d8cffffff,0
87195c2a5ffffff,0
87194a822ffffff,0
871951701ffffff,0
87195bc4effffff,0
87195daa5ffffff,0
8719724a9ffffff,0
87182112dffffff,0
8719436ceffffff,0
8719424ddffffff,0
8719428b6ffffff,0
8719405abffffff,0
871828499ffffff,0
871909ac2ffffff,0
8719424f1ffffff,0
871942b98ffffff,0
87194642dffffff,0
87195d74affffff,0
87182520affffff,0
871825849ffffff,0
871825853ffffff,0
871825a26ffffff,0
87194028bffffff,0
871941541ffffff,0
871941aa2ffffff,0
871942013ffffff,0
87194206effffff,0
871942505ffffff,0
871942553ffffff,0
871942a05ffffff,0
871942ac3ffffff,0
8719465adffffff,0
87194a055ffffff,0
87194ab25ffffff,0
87194e900ffffff,0
8719580f4ffffff,0
87195836effffff,0
871958383ffffff,0
87195a4b6ffffff,0
87195a854ffffff,0
87195b170ffffff,0
87195bb80ffffff,0
87195c2e9ffffff,0
87195c3b4ffffff,0
87195d782ffffff,0
8719732e0ffffff,0
871801973ffffff,0
87194e39effffff,0
871959a10ffffff,0
87195b6abffffff,0
87195c980ffffff,0
87195cd03ffffff,0
8718018f4ffffff,0
87182e085ffffff,0
87192b6a5ffffff,0
871951859ffffff,0
871956794ffffff,0
87194a469ffffff,0
87197288dffffff,0
87182e229ffffff,0
871943005ffffff,0
87195ab00ffffff,0
871973291ffffff,0
871958271ffffff,0
871959b86ffffff,0
87197260cffffff,0
87195dacaffffff,0
8718740f3ffffff,0
87195bd72ffffff,0
87182ec06ffffff,0
8709a094dffffff,0
8718743a9ffffff,0
87190c768ffffff,0
87190dc55ffffff,0
8719412ddffffff,0
87194201bffffff,0
87194235affffff,0
87194ab01ffffff,0
87194e0f5ffffff,0
87195184bffffff,0
871951d6dffffff,0
871952635ffffff,0
871952994ffffff,0
8719546f1ffffff,0
871955d6cffffff,0
87195862effffff,0
87195b01effffff,0
87195b6b2ffffff,0
87195c2c0ffffff,0
87195c3b3ffffff,0
87195d770ffffff,0
871972d49ffffff,0
87180cd0dffffff,0
8719598a2ffffff,0
871828876ffffff,0
8719598caffffff,0
87195c55dffffff,0
871828d58ffffff,0
871909a53ffffff,0
87194136affffff,0
87194e6a9ffffff,0
87195ab9affffff,0
8719424b0ffffff,0
8719512b4ffffff,0
871955396ffffff,0
871943598ffffff,0
87195dc1cffffff,0
871951175ffffff,0
87195840effffff,0
871909a96ffffff,0
871951393ffffff,0
87195cc15ffffff,0
87195ea04ffffff,0
8719584ceffffff,0
871825011ffffff,0
871825258ffffff,0
87182570bffffff,0
871870d18ffffff,0
8719405b5ffffff,0
87194104dffffff,0
8719410f1ffffff,0
871941395ffffff,0
871941435ffffff,0
8719421adffffff,0
871942759ffffff,0
871942955ffffff,0
871942b1dffffff,0
871946c92ffffff,0
87194e10cffffff,0
8719518c1ffffff,0
871951969ffffff,0
871952080ffffff,0
87195219cffffff,0
871952c75ffffff,0
871952d5bffffff,0
871955768ffffff,0
8719566d1ffffff,0
8719566f0ffffff,0
87195a152ffffff,0
87195b419ffffff,0
87195c06cffffff,0
87195c332ffffff,0
87195c750ffffff,0
87195ca86ffffff,0
87195cab3ffffff,0
87195dd96ffffff,0
87195dda2ffffff,0
87195aa2effffff,0
87195e789ffffff,0
87194a581ffffff,0
87182a05effffff,0
87182cd49ffffff,0
87194841dffffff,0
87194eab3ffffff,0
871976981ffffff,0
871942360ffffff,0
871951644ffffff,0
87195492affffff,0
871972755ffffff,0
871951b41ffffff,0
871955670ffffff,0
8718748a1ffffff,0
871958982ffffff,0
871958581ffffff,0
871805312ffffff,0
871870dacffffff,0
87190dadcffffff,0
871943cf3ffffff,0
87194a595ffffff,0
87194e7a4ffffff,0
87194e816ffffff,0
87194e865ffffff,0
87195985dffffff,0
87195a10dffffff,0
87195b633ffffff,0
87195c0eeffffff,0
87195c66effffff,0
87195d1acffffff,0
87195d6dcffffff,0
87195d8dbffffff,0
871972835ffffff,0
871972b90ffffff,0
871973321ffffff,0
871942ab2ffffff,0
871948cf1ffffff,0
87192b388ffffff,0
87194e141ffffff,0
87194a176ffffff,0
87195c8ecffffff,0
871951074ffffff,0
871951b2bffffff,0
87195c975ffffff,0
87195da26ffffff,0
87192b6f2ffffff,0
871946370ffffff,0
87194e399ffffff,0
87194e6b3ffffff,0
8719566dbffffff,0
87194632dffffff,0
87195b893ffffff,0
87194e520ffffff,0
871941102ffffff,0
871948c9cffffff,0
87195cc20ffffff,0
8709a4712ffffff,0
871821910ffffff,0
871874a56ffffff,0
871875d01ffffff,0
871875d15ffffff,0
871909a13ffffff,0
871928036ffffff,0
871940552ffffff,0
871941082ffffff,0
87194220dffffff,0
871942764ffffff,0
87194276dffffff,0
871942888ffffff,0
871943255ffffff,0
871943b56ffffff,0
8719485a6ffffff,0
87194e9acffffff,0
87195106cffffff,0
87195115cffffff,0
87195195cffffff,0
871952531ffffff,0
871954762ffffff,0
871955182ffffff,0
8719554b0ffffff,0
871958340ffffff,0
871958ce3ffffff,0
871959010ffffff,0
871959b94ffffff,0
87195b6a8ffffff,0
87195c0f3ffffff,0
87195c4b5ffffff,0
87195c71cffffff,0
87195d0daffffff,0
871972898ffffff,0
871973326ffffff,0
87182e124ffffff,0
87194219dffffff,0
87195d204ffffff,0
87195d994ffffff,0
87195db59ffffff,0
87194e8e5ffffff,0
87192c282ffffff,0
87194e0e9ffffff,0
8719542caffffff,0
87195810cffffff,0
871942136ffffff,0
8719422e5ffffff,0
871952d18ffffff,0
871959058ffffff,0
871928109ffffff,0
87194ad48ffffff,0
87195435cffffff,0
871941774ffffff,0
87195d2a8ffffff,0
871976580ffffff,0
8719410cdffffff,0
87195876dffffff,0
8718746aaffffff,0
87194ebabffffff,0
8719519a4ffffff,0
87182c832ffffff,0
8719416e2ffffff,0
871941762ffffff,0
871942372ffffff,0
871948521ffffff,0
871955c73ffffff,0
8719588b0ffffff,0
8719593b4ffffff,0
87195b619ffffff,0
87195c3a5ffffff,0
87197278effffff,0
871972a80ffffff,0
8719580dbffffff,0
871941065ffffff,0
871954c6effffff,0
87195c331ffffff,0
87182e774ffffff,0
87195da8effffff,0
871950868ffffff,0
87194a10cffffff,0
87194e4ecffffff,0
87187476cffffff,0
87190e00cffffff,0
871941aa5ffffff,0
8719435b0ffffff,0
87194a954ffffff,0
87195b023ffffff,0
87182eae8ffffff,0
87182ec15ffffff,0
87194a88effffff,0
87195a1a9ffffff,0
8718213abffffff,0
8719583b4ffffff,0
87182c123ffffff,0
87195911cffffff,0
871821832ffffff,0
871825014ffffff,0
871825aa4ffffff,0
871825b49ffffff,0
871872931ffffff,0
87194210affffff,0
87194326cffffff,0
871946228ffffff,0
87194636affffff,0
87194ab11ffffff,0
871952990ffffff,0
871952c0bffffff,0
871954a68ffffff,0
8719552f3ffffff,0
871955c4dffffff,0
87195988cffffff,0
87195a184ffffff,0
87195a8edffffff,0
87195ad71ffffff,0
87195b4ebffffff,0
87195b85cffffff,0
87195bb33ffffff,0
87195c019ffffff,0
87195c746ffffff,0
87195ea50ffffff,0
8719738c4ffffff,0
871942169ffffff,0
871942a6bffffff,0
8719463b3ffffff,0
871946764ffffff,0
87195a1b2ffffff,0
87195aa2dffffff,0
87195ada0ffffff,0
87195d60cffffff,0
87194a492ffffff,0
871972163ffffff,0
87194ad5cffffff,0
8719518ebffffff,0
87195d293ffffff,0
871972100ffffff,0
8719589abffffff,0
87194a5a0ffffff,0
871958a15ffffff,0
87182ac68ffffff,0
87182e20bffffff,0
871942036ffffff,0
8719582a9ffffff,0
871958690ffffff,0
87194e832ffffff,0
8719098f1ffffff,0
871828cf3ffffff,0
871870d16ffffff,0
8719092c4ffffff,0
87194221dffffff,0
8719462e3ffffff,0
871951318ffffff,0
8719532d1ffffff,0
871956224ffffff,0
87195815cffffff,0
871958782ffffff,0
871959960ffffff,0
87195a586ffffff,0
87195b632ffffff,0
87195c471ffffff,0
87195cd2bffffff,0
87197239cffffff,0
87197276bffffff,0
871973d73ffffff,0
871976c44ffffff,0
871941710ffffff,0
87197332bffffff,0
8719424ccffffff,0
87194249effffff,0
87194654bffffff,0
8709a461bffffff,0
871825addffffff,0
8718288edffffff,0
871942433ffffff,0
871951159ffffff,0
87195816cffffff,0
87195a146ffffff,0
87195d056ffffff,0
87195db95ffffff,0
871874b33ffffff,0
871943055ffffff,0
871952615ffffff,0
87194280affffff,0
871943051ffffff,0
871943d1dffffff,0
871941185ffffff,0
871951b28ffffff,0
8709a42a2ffffff,0
87182501dffffff,0
87182d26effffff,0
87187406effffff,0
871874af0ffffff,0
871901300ffffff,0
87190e2deffffff,0
8719288f2ffffff,0
871941553ffffff,0
87194634bffffff,0
871948513ffffff,0
87194a06cffffff,0
87194a0c1ffffff,0
87194c5b5ffffff,0
871951075ffffff,0
871951bb1ffffff,0
8719527b2ffffff,0
871952c5affffff,0
871952d2affffff,0
8719552b2ffffff,0
8719564a8ffffff,0
871958394ffffff,0
871958ad8ffffff,0
87195a16dffffff,0
87195a4a6ffffff,0
87195bca6ffffff,0
87195c066ffffff,0
87195c221ffffff,0
87195d40bffffff,0
8719765a5ffffff,0
87182e681ffffff,0
8719462f1ffffff,0
87195265bffffff,0
87195809effffff,0
871874099ffffff,0
87194e245ffffff,0
871955c5bffffff,0
87195a88affffff,0
87195abaeffffff,0
871942da9ffffff,0
87182a31effffff,0
87182c141ffffff,0
871959458ffffff,0
87195dbb5ffffff,0
871942382ffffff,0
87194a504ffffff,0
871821469ffffff,0
871953b5dffffff,0
87182ca91ffffff,0
87190822affffff,0
8719089abffffff,0
87194a52effffff,0
87194e0ccffffff,0
87194e26affffff,0
87194e483ffffff,0
87194e493ffffff,0
87194e8c9ffffff,0
871956ba4ffffff,0
87195a21bffffff,0
87195d456ffffff,0
87195eca1ffffff,0
871874688ffffff,0
871973882ffffff,0
871909273ffffff,0
87190965dffffff,0
871942a98ffffff,0
87194358affffff,0
8719584d9ffffff,0
8719586e8ffffff,0
8719598b1ffffff,0
871959a34ffffff,0
87195c64dffffff,0
87182cc6affffff,0
87197242effffff,0
8719761a6ffffff,0
87194a98effffff,0
871959900ffffff,0
87195b0abffffff,0
8709a44c2ffffff,0
871825b0bffffff,0
871870d99ffffff,0
8718746c8ffffff,0
8718746d9ffffff,0
8719416b6ffffff,0
87194231bffffff,0
871942664ffffff,0
871942a70ffffff,0
871942cd1ffffff,0
871943140ffffff,0
87194ac85ffffff,0
87194e431ffffff,0
87194ec26ffffff,0
871951066ffffff,0
871954192ffffff,0
8719566d0ffffff,0
871958965ffffff,0
87195c02affffff,0
87195c16affffff,0
87195d41dffffff,0
87195d4eeffffff,0
87195e243ffffff,0
87195e6f0ffffff,0
8719732eeffffff,0
871940776ffffff,0
871952c04ffffff,0
8719584e9ffffff,0
871959b36ffffff,0
87195dbb2ffffff,0
87194128effffff,0
871940ca6ffffff,0
87197211effffff,0
87194205bffffff,0
87194e860ffffff,0
8719598dbffffff,0
87195a150ffffff,0
87195d2a5ffffff,0
87182c103ffffff,0
8718258eaffffff,0
871870d14ffffff,0
871908d10ffffff,0
871941058ffffff,0
87194a069ffffff,0
87194e2d5ffffff,0
87195810effffff,0
87195b1b3ffffff,0
87195b811ffffff,0
87195d2ecffffff,0
87195e20effffff,0
8719597a4ffffff,0
8719423b5ffffff,0
871972cc3ffffff,0
87195da66ffffff,0
871821105ffffff,0
871874015ffffff,0
871952603ffffff,0
87195c01affffff,0
87195d29cffffff,0
871976bb3ffffff,0
87182845bffffff,0
871909c03ffffff,0
87194111dffffff,0
87194a85affffff,0
87195da09ffffff,0
87194e830ffffff,0
87194366cffffff,0
87195ab23ffffff,0
87195ab64ffffff,0
8719721aeffffff,0
871909324ffffff,0
87194276effffff,0
87194e089ffffff,0
87194e143ffffff,0
871958004ffffff,0
87195d78cffffff,0
871825040ffffff,0
871825a0bffffff,0
87182d253ffffff,0
87182d25bffffff,0
871870d01ffffff,0
871872903ffffff,0
87190b346ffffff,0
871940416ffffff,0
871942030ffffff,0
871942061ffffff,0
8719420a5ffffff,0
871942a19ffffff,0
87194e8a4ffffff,0
87195165dffffff,0
871951a95ffffff,0
871951b9bffffff,0
871952015ffffff,0
87195242cffffff,0
8719525acffffff,0
871955594ffffff,0
8719558b4ffffff,0
871958b0dffffff,0
87195902effffff,0
87195b8f4ffffff,0
87195c04affffff,0
87195c0e2ffffff,0
87195c591ffffff,0
87195d0b1ffffff,0
87195e81cffffff,0
87195eb81ffffff,0
871976332ffffff,0
871943c33ffffff,0
871958420ffffff,0
871958465ffffff,0
87195a134ffffff,0
87195d106ffffff,0
8719724d8ffffff,0
87180cd08ffffff,0
87195d31bffffff,0
87195d489ffffff,0
87194a8d6ffffff,0
87195b033ffffff,0
87194ad68ffffff,0
87194e841ffffff,0
87195c559ffffff,0
87195db88ffffff,0
87182a8deffffff,0
871942a84ffffff,0
87194e682ffffff,0
871901a11ffffff,0
87194201cffffff,0
871942661ffffff,0
871942670ffffff,0
8719434b4ffffff,0
87194a44dffffff,0
87194e3acffffff,0
87194ed6dffffff,0
871955556ffffff,0
8719590c6ffffff,0
87195a881ffffff,0
87195c06effffff,0
87195c98effffff,0
87195db2dffffff,0
87197315bffffff,0
87197388effffff,0
8719404ebffffff,0
871943c88ffffff,0
871958a60ffffff,0
87195dc34ffffff,0
87195aa75ffffff,0
87195d249ffffff,0
8719420e0ffffff,0
87194eb9affffff,0
8719512d4ffffff,0
87182e36bffffff,0
871928994ffffff,0
871953addffffff,0
8719584dcffffff,0
871940550ffffff,0
87194aaa5ffffff,0
871951821ffffff,0
871951865ffffff,0
87195c0c1ffffff,0
87182522cffffff,0
871825251ffffff,0
871825a75ffffff,0
871825b61ffffff,0
8719096c3ffffff,0
871928c59ffffff,0
8719407a6ffffff,0
871942af5ffffff,0
87194ec32ffffff,0
87194ed6cffffff,0
871950d0dffffff,0
871950d1cffffff,0
87195180bffffff,0
871951960ffffff,0
8719525a6ffffff,0
871952c88ffffff,0
871955702ffffff,0
871955704ffffff,0
871955760ffffff,0
871956304ffffff,0
8719566caffffff,0
871958d49ffffff,0
871959032ffffff,0
87195978dffffff,0
87195ba2cffffff,0
87195d591ffffff,0
871976012ffffff,0
871821234ffffff,0
8718740ceffffff,0
8719556b0ffffff,0
87195b4e9ffffff,0
87195d2d3ffffff,0
87182ea19ffffff,0
871959c34ffffff,0
87187461dffffff,0
871943713ffffff,0
871951028ffffff,0
871972770ffffff,0
871943ce1ffffff,0
87194399dffffff,0
871952902ffffff,0
87195c775ffffff,0
87182c104ffffff,0
87195272cffffff,0
871958000ffffff,0
87180cd92ffffff,0
87182369effffff,0
87195db09ffffff,0
871976084ffffff,0
871820aedffffff,0
871941105ffffff,0
87195102bffffff,0
871951a25ffffff,0
87195a012ffffff,0
87195a368ffffff,0
87195aa6effffff,0
87195ac58ffffff,0
87195c3b0ffffff,0
87195d283ffffff,0
87195d35bffffff,0
87195d59cffffff,0
871973d86ffffff,0
87187468affffff,0
871941323ffffff,0
87195cc0bffffff,0
87195cc18ffffff,0
87182a2a8ffffff,0
87182c446ffffff,0
871942102ffffff,0
8719436dbffffff,0
871946c90ffffff,0
87194e39affffff,0
871952d44ffffff,0
871958246ffffff,0
87195b8f3ffffff,0
8719583b5ffffff,0
871972c2cffffff,0
8719599a6ffffff,0
871954c0cffffff,0
8709a44ceffffff,0
87182e6b6ffffff,0
87195c3a0ffffff,0
871821c6effffff,0
8718258deffffff,0
871825b73ffffff,0
87182d2c6ffffff,0
871870d42ffffff,0
871874629ffffff,0
871909b5effffff,0
87194100affffff,0
871941083ffffff,0
871941600ffffff,0
871942235ffffff,0
871942648ffffff,0
871943282ffffff,0
87194a0d5ffffff,0
87194a805ffffff,0
87194eb10ffffff,0
871952156ffffff,0
871952419ffffff,0
871952822ffffff,0
8719588f4ffffff,0
871958912ffffff,0
871958959ffffff,0
871958a24ffffff,0
871958a63ffffff,0
87195a851ffffff,0
87195a899ffffff,0
87195b793ffffff,0
87195c294ffffff,0
87195c2d9ffffff,0
87195cac9ffffff,0
87195e6d8ffffff,0
8719737b3ffffff,0
871976396ffffff,0
87182c683ffffff,0
871942575ffffff,0
871948cd3ffffff,0
87194a401ffffff,0
871951398ffffff,0
8719593a5ffffff,0
87195ab51ffffff,0
87195ab9cffffff,0
8719594ddffffff,0
871959d8dffffff,0
87195cd4cffffff,0
87182ca8effffff,0
87195c848ffffff,0
8719730a1ffffff,0
871943654ffffff,0
871951313ffffff,0
8719764daffffff,0
87195b923ffffff,0
8719434f6ffffff,0
87182c8f5ffffff,0
871951ac0ffffff,0
87182c106ffffff,0
87194205dffffff,0
87194e2e9ffffff,0
87194e64affffff,0
871959326ffffff,0
871959baeffffff,0
8719726f4ffffff,0
871955809ffffff,0
871943b28ffffff,0
87195bb66ffffff,0
871951793ffffff,0
871821228ffffff,0
87187411bffffff,0
8719090c5ffffff,0
871909b4bffffff,0
87190ba8dffffff,0
87190e3a4ffffff,0
871940418ffffff,0
8719424a4ffffff,0
87194305affffff,0
871943db5ffffff,0
87194ad4bffffff,0
87194edb3ffffff,0
871955444ffffff,0
8719566e8ffffff,0
87195d166ffffff,0
87195d363ffffff,0
87195dd86ffffff,0
87197200cffffff,0
87194ac5dffffff,0
87194e6f4ffffff,0
8719402f1ffffff,0
871948cd6ffffff,0
87195cbb5ffffff,0
87194a876ffffff,0
87194aceaffffff,0
87194e6daffffff,0
87194e709ffffff,0
871952c64ffffff,0
871953a53ffffff,0
871958aabffffff,0
87195ab60ffffff,0
87195d30affffff,0
87195dd44ffffff,0
87187490cffffff,0
871874061ffffff,0
871874b22ffffff,0
871951b00ffffff,0
87195dcc6ffffff,0
8718256caffffff,0
8718256dcffffff,0
87182d2daffffff,0
871870d12ffffff,0
871928d64ffffff,0
87194171effffff,0
87194205affffff,0
871942528ffffff,0
871942b54ffffff,0
871946081ffffff,0
87194a00dffffff,0
87195104cffffff,0
87195259dffffff,0
871958173ffffff,0
8719586c0ffffff,0
87195875cffffff,0
871958775ffffff,0
87195892affffff,0
871958c16ffffff,0
871958ccdffffff,0
871959498ffffff,0
87195b6d3ffffff,0
87195b6d5ffffff,0
87195b784ffffff,0
87195ba0cffffff,0
87195c7a8ffffff,0
87195cadbffffff,0
87195d50cffffff,0
87194289dffffff,0
871946391ffffff,0
871958790ffffff,0
87195a86affffff,0
87195ab82ffffff,0
87197618affffff,0
87182ea0effffff,0
8719527adffffff,0
87195c329ffffff,0
87195988effffff,0
8719736f2ffffff,0
871821d9bffffff,0
87182c813ffffff,0
87194a820ffffff,0
87195994cffffff,0
87192b6ccffffff,0
87194204dffffff,0
871952726ffffff,0
8719413b1ffffff,0
87182186dffffff,0
871909034ffffff,0
871909125ffffff,0
87190e843ffffff,0
87194124cffffff,0
87194220affffff,0
8719426e0ffffff,0
8719465a5ffffff,0
87194a99effffff,0
87195459affffff,0
87195a15dffffff,0
87195c111ffffff,0
87195d952ffffff,0
87195c4caffffff,0
87195d2d5ffffff,0
87195d8a8ffffff,0
87195dad9ffffff,0
87194e600ffffff,0
87187406bffffff,0
871943ba3ffffff,0
871951b2cffffff,0
8719589a4ffffff,0
871959128ffffff,0
87195b715ffffff,0
8719720abffffff,0
871952180ffffff,0
87182a19effffff,0
87194e48bffffff,0
87195e226ffffff,0
87194e809ffffff,0
87195b991ffffff,0
87182199cffffff,0
871825b22ffffff,0
871870d25ffffff,0
871928621ffffff,0
87194048bffffff,0
87194220effffff,0
871942280ffffff,0
871942304ffffff,0
871942625ffffff,0
871942b9dffffff,0
87194e85dffffff,0
87194ed31ffffff,0
871951765ffffff,0
8719520d1ffffff,0
871958323ffffff,0
871959122ffffff,0
87195a58cffffff,0
87195b58affffff,0
87195c0d1ffffff,0
87195c5b4ffffff,0
87195c620ffffff,0
87195c684ffffff,0
87197311dffffff,0
871805ba6ffffff,0
871875dacffffff,0
8719434abffffff,0
87195e603ffffff,0
8719594cdffffff,0
87182355cffffff,0
87195d209ffffff,0
871874311ffffff,0
871942791ffffff,0
871951155ffffff,0
871958171ffffff,0
871958874ffffff,0
87195ad02ffffff,0
87195b41bffffff,0
871940563ffffff,0
87195c0e6ffffff,0
87197261effffff,0
87182c16bffffff,0
87197381affffff,0
871951963ffffff,0
87195a154ffffff,0
871821068ffffff,0
8718743b3ffffff,0
871909851ffffff,0
871948588ffffff,0
87194e0ecffffff,0
871951050ffffff,0
871951b59ffffff,0
8719580e4ffffff,0
87195abadffffff,0
87195b7a5ffffff,0
87195d34dffffff,0
87195d418ffffff,0
87194842bffffff,0
871954d1affffff,0
87194e04cffffff,0
8719583b1ffffff,0
871958998ffffff,0
8719423a1ffffff,0
87194231dffffff,0
871942840ffffff,0
871943229ffffff,0
87194ac00ffffff,0
871951060ffffff,0
87195b446ffffff,0
87195c140ffffff,0
87195c75bffffff,0
87195ec36ffffff,0
87192b788ffffff,0
87194320effffff,0
871951811ffffff,0
8719526abffffff,0
87195ab6affffff,0
87194216dffffff,0
8718218a5ffffff,0
87182561affffff,0
871870d46ffffff,0
871870d75ffffff,0
871874608ffffff,0
871901251ffffff,0
8719082d1ffffff,0
87190cad3ffffff,0
87194142bffffff,0
87194164affffff,0
871941662ffffff,0
871942006ffffff,0
871942285ffffff,0
871942a82ffffff,0
871942ad8ffffff,0
871943633ffffff,0
871943b4affffff,0
87194e991ffffff,0
87194ecc8ffffff,0
871950945ffffff,0
87195255affffff,0
871952570ffffff,0
8719547acffffff,0
8719566ceffffff,0
8719566ddffffff,0
871958072ffffff,0
8719580dcffffff,0
871958483ffffff,0
871958489ffffff,0
8719586ceffffff,0
871958cb2ffffff,0
871958cc3ffffff,0
87195ba0affffff,0
87195bc28ffffff,0
87195c0adffffff,0
87195c232ffffff,0
87195d64dffffff,0
87195e22cffffff,0
87197316cffffff,0
871973d00ffffff,0
871820300ffffff,0
8719426f3ffffff,0
8719580abffffff,0
871958140ffffff,0
87195aa19ffffff,0
87195b89dffffff,0
8709a6846ffffff,0
8719424a3ffffff,0
8719580d4ffffff,0
87195851affffff,0
87195ca18ffffff,0
87197278dffffff,0
871928395ffffff,0
87194a8c4ffffff,0
87195a01dffffff,0
87195c982ffffff,0
871946030ffffff,0
871942135ffffff,0
87195eb24ffffff,0
871943384ffffff,0
87194aaaeffffff,0
871958766ffffff,0
87182174affffff,0
87182c656ffffff,0
87190c382ffffff,0
87190d863ffffff,0
87190dc8cffffff,0
87190e39cffffff,0
871941005ffffff,0
8719426d0ffffff,0
871942814ffffff,0
87194336dffffff,0
87194a3a4ffffff,0
87194a845ffffff,0
871954b42ffffff,0
871958252ffffff,0
87195ba35ffffff,0
87195bc65ffffff,0
87195cb0affffff,0
87195e976ffffff,0
87197275cffffff,0
8719733b2ffffff,0
87182334effffff,0
871828010ffffff,0
871941652ffffff,0
87182c100ffffff,0
871942cdeffffff,0
871942615ffffff,0
871942c41ffffff,0
87194a8aaffffff,0
87194a932ffffff,0
87195915affffff,0
87195dd1cffffff,0
87195dd02ffffff,0
8719728edffffff,0
871976380ffffff,0
87190ca69ffffff,0
871946446ffffff,0
87195a116ffffff,0
87194ecaeffffff,0
872a4c162ffffff,0
871821804ffffff,0
871825016ffffff,0
871825155ffffff,0
871870d00ffffff,0
871874633ffffff,0
871940c8effffff,0
871941098ffffff,0
87194134effffff,0
8719417a3ffffff,0
871941a80ffffff,0
871942086ffffff,0
87194238bffffff,0
871942996ffffff,0
871952161ffffff,0
871952993ffffff,0
8719529a2ffffff,0
871952c22ffffff,0
871958a12ffffff,0
871958c29ffffff,0
871959c32ffffff,0
87195b840ffffff,0
87195bb10ffffff,0
87195c04cffffff,0
87195c203ffffff,0
87195d4adffffff,0
87195d6b2ffffff,0
87195e18dffffff,0
87197208effffff,0
871801c61ffffff,0
87182c030ffffff,0
871948506ffffff,0
87194a8f2ffffff,0
87194a971ffffff,0
87195c909ffffff,0
87195cbacffffff,0
8719597b0ffffff,0
87194a55effffff,0
8719552daffffff,0
87195d8aeffffff,0
871940cb0ffffff,0
87194eb32ffffff,0
871958b12ffffff,0
871951316ffffff,0
87195c043ffffff,0
87195dd21ffffff,0
871942815ffffff,0
8719416f3ffffff,0
8719422f0ffffff,0
87194e214ffffff,0
87195d073ffffff,0
87195185dffffff,0
871943990ffffff,0
871973c19ffffff,0
871801856ffffff,0
871828b83ffffff,0
871870dadffffff,0
8719080c3ffffff,0
871908ccaffffff,0
871909246ffffff,0
87192b640ffffff,0
871940593ffffff,0
871942106ffffff,0
8719422f3ffffff,0
87194ad4dffffff,0
87194e9b1ffffff,0
8719557b5ffffff,0
871955508ffffff,0
8719584cbffffff,0
87195b116ffffff,0
87195c96dffffff,0
87195cc1dffffff,0
87195d102ffffff,0
87195d466ffffff,0
8719529a0ffffff,0
87195dac9ffffff,0
87194e0c6ffffff,0
87195c0f5ffffff,0
87195daeaffffff,0
871828794ffffff,0
871909ac3ffffff,0
87192a74bffffff,0
871951ba8ffffff,0
87195bd6dffffff,0
87195bc31ffffff,0
871874ad0ffffff,0
871940493ffffff,0
87194241bffffff,0
871946471ffffff,0
87195a8ecffffff,0
87182a056ffffff,0
87194139bffffff,0
87194e059ffffff,0
871825ba8ffffff,0
87187491dffffff,0
871940400ffffff,0
87194172bffffff,0
87194228dffffff,0
8719423a0ffffff,0
871943506ffffff,0
8719464f1ffffff,0
8719465b1ffffff,0
87194ec2bffffff,0
871952588ffffff,0
8719529aaffffff,0
871954a01ffffff,0
8719552ccffffff,0
871955cf1ffffff,0
87195ab75ffffff,0
87195c091ffffff,0
87195c108ffffff,0
87195c2ddffffff,0
87195c42bffffff,0
87195d51bffffff,0
87195dd9effffff,0
871976101ffffff,0
871825464ffffff,0
871942c15ffffff,0
8719434ecffffff,0
871959d4bffffff,0
87195ab5dffffff,0
87195d02cffffff,0
871972022ffffff,0
87194e750ffffff,0
87195c711ffffff,0
871874619ffffff,0
871943476ffffff,0
87194e130ffffff,0
871828c55ffffff,0
8718746caffffff,0
87192b62effffff,0
8719580cbffffff,0
871972896ffffff,0
87182a946ffffff,0
87195d1a8ffffff,0
87182c0d5ffffff,0
87195c0e9ffffff,0
87182c1adffffff,0
87182c60effffff,0
871874b20ffffff,0
871874b6bffffff,0
8719411b3ffffff,0
87194154bffffff,0
871941572ffffff,0
871942274ffffff,0
87194346effffff,0
8719436ebffffff,0
87194a832ffffff,0
871953063ffffff,0
871959a36ffffff,0
871959bb3ffffff,0
87194e6a2ffffff,0
871973c05ffffff,0
871951b94ffffff,0
871942d55ffffff,0
871958adaffffff,0
871940751ffffff,0
871951101ffffff,0
871958453ffffff,0
87195d648ffffff,0
871805250ffffff,0
87195ad0bffffff,0
871976d6bffffff,0
8719414f1ffffff,0
871942418ffffff,0
87195188effffff,0
8719588c9ffffff,0
8709a4709ffffff,0
871821989ffffff,0
87194058dffffff,0
871940d83ffffff,0
871942053ffffff,0
871942970ffffff,0
871942b72ffffff,0
871942cdbffffff,0
871942d6dffffff,0
871948423ffffff,0
87194ac1effffff,0
87194ed5effffff,0
871952ce3ffffff,0
87195860bffffff,0
871959089ffffff,0
871959b61ffffff,0
87195ac6bffffff,0
87195b164ffffff,0
87195c0e4ffffff,0
87195c018ffffff,0
87195c704ffffff,0
871973134ffffff,0
87194a886ffffff,0
871958724ffffff,0
871951141ffffff,0
871951391ffffff,0
87194a04bffffff,0
871951389ffffff,0
871959102ffffff,0
87194e392ffffff,0
87194e6eeffffff,0
87195a019ffffff,0
87195c0c0ffffff,0
87194ad74ffffff,0
87195e676ffffff,0
87195d6abffffff,0
87195914dffffff,0
871959481ffffff,0
871801959ffffff,0
87182ca86ffffff,0
87180cc06ffffff,0
8718740e4ffffff,0
871874a4bffffff,0
871908b1bffffff,0
87190d55dffffff,0
87192a649ffffff,0
87194e076ffffff,0
87194e6ccffffff,0
87195100dffffff,0
871954834ffffff,0
871955c49ffffff,0
87195a870ffffff,0
87195b4a8ffffff,0
87195a369ffffff,0
87195c933ffffff,0
87195caddffffff,0
8719728c6ffffff,0
871972ae2ffffff,0
871959169ffffff,0
871959d52ffffff,0
87195c80affffff,0
87194e60cffffff,0
87194e614ffffff,0
871943045ffffff,0
87194a883ffffff,0
87194e74dffffff,0
87195c444ffffff,0
87180c9b4ffffff,0
87190d792ffffff,0
8719422c5ffffff,0
87194644cffffff,0
87194ac5cffffff,0
87195291bffffff,0
87195d068ffffff,0
871950b23ffffff,0
871976440ffffff,0
87195c92dffffff,0
871943202ffffff,0
871821c51ffffff,0
871825a11ffffff,0
871825ad2ffffff,0
8718743b2ffffff,0
871901ac1ffffff,0
8719098ebffffff,0
87190d072ffffff,0
8719404c0ffffff,0
871941056ffffff,0
8719412a3ffffff,0
87194139cffffff,0
871942059ffffff,0
871942313ffffff,0
871942682ffffff,0
871943a52ffffff,0
87194a014ffffff,0
87194e8daffffff,0
871952418ffffff,0
871952456ffffff,0
87195508bffffff,0
871956642ffffff,0
871958145ffffff,0
87195875affffff,0
87195a004ffffff,0
87195ada1ffffff,0
87195c01effffff,0
87195c052ffffff,0
87195d2c0ffffff,0
87195d494ffffff,0
87195dc16ffffff,0
87195e16effffff,0
87195e322ffffff,0
87197208cffffff,0
87197300effffff,0
871973211ffffff,0
871973255ffffff,0
87197610affffff,0
871946141ffffff,0
87194628dffffff,0
87194659effffff,0
871951749ffffff,0
871958713ffffff,0
871958781ffffff,0
87195c852ffffff,0
87195d941ffffff,0
8719430cbffffff,0
871958372ffffff,0
87182e6f0ffffff,0
871955463ffffff,0
871805834ffffff,0
87195db6cffffff,0
8719581b4ffffff,0
871909643ffffff,0
87195a025ffffff,0
87195b451ffffff,0
87187498dffffff,0
871942c2cffffff,0
87195139cffffff,0
8718746c3ffffff,0
8718058f2ffffff,0
87192b60affffff,0
871954da2ffffff,0
87195dd9bffffff,0
87195d2c2ffffff,0
8719724c6ffffff,0
87182d494ffffff,0
8718746c1ffffff,0
871909341ffffff,0
87190d940ffffff,0
8719280eaffffff,0
871941a9cffffff,0
87195176effffff,0
871958028ffffff,0
871958099ffffff,0
871958208ffffff,0
871958aaaffffff,0
871973b9bffffff,0
8719420e2ffffff,0
87195db20ffffff,0
87195dd6affffff,0
87197331affffff,0
8719727a8ffffff,0
87194a571ffffff,0
871946551ffffff,0
87194ad81ffffff,0
87195cb42ffffff,0
87192a06effffff,0
87195ca90ffffff,0
871972085ffffff,0
87195d576ffffff,0
87195858bffffff,0
87182e95bffffff,0
871909ae9ffffff,0
87194ac0effffff,0
871951b23ffffff,0
87195c8eaffffff,0
87195d559ffffff,0
8709a4641ffffff,0
871825adaffffff,0
87187475effffff,0
87192b6c4ffffff,0
871940283ffffff,0
8719410e5ffffff,0
8719410f0ffffff,0
87194214dffffff,0
87194255cffffff,0
871942793ffffff,0
871946c9cffffff,0
871946c9dffffff,0
87194a510ffffff,0
871951065ffffff,0
87195466affffff,0
871956863ffffff,0
871958026ffffff,0
8719589a1ffffff,0
871958d20ffffff,0
87195941effffff,0
87195bc11ffffff,0
87195bcccffffff,0
87195c440ffffff,0
87195c4d6ffffff,0
87195c676ffffff,0
87195c705ffffff,0
87195caabffffff,0
87195cae6ffffff,0
87195d756ffffff,0
871874a1bffffff,0
8719484caffffff,0
87194a505ffffff,0
87195aa01ffffff,0
871828b86ffffff,0
871828ce0ffffff,0
871875d19ffffff,0
87195e055ffffff,0
871943c18ffffff,0
87195d68effffff,0
87194040effffff,0
871959b63ffffff,0
8719466a8ffffff,0
87195181cffffff,0
87194042cffffff,0
871823b86ffffff,0
871908956ffffff,0
871940484ffffff,0
8719414f6ffffff,0
871942a65ffffff,0
87194a0e5ffffff,0
87195115effffff,0
871951b5cffffff,0
8719584a3ffffff,0
871959b1effffff,0
871959d4affffff,0
87195a2d1ffffff,0
87195ed48ffffff,0
87182525bffffff,0
8719422eaffffff,0
871955318ffffff,0
87195ac53ffffff,0
87194ea9effffff,0
8719587b2ffffff,0
87182c8eaffffff,0
871942786ffffff,0
871942c93ffffff,0
8719432d8ffffff,0
871948c13ffffff,0
87195c483ffffff,0
87195da1dffffff,0
87197262cffffff,0
871942584ffffff,0
87195c0f1ffffff,0
871958031ffffff,0
87195dad6ffffff,0
871943050ffffff,0
87194a068ffffff,0
871955098ffffff,0
871951226ffffff,0
87195945dffffff,0
87195d314ffffff,0
8719760b6ffffff,0
872a4c143ffffff,0
87195b92effffff,0
871825236ffffff,0
871875dadffffff,0
8719417b2ffffff,0
87194229dffffff,0
871942ac5ffffff,0
8719463aaffffff,0
87194a965ffffff,0
87195194bffffff,0
8719520ceffffff,0
87195242bffffff,0
871952459ffffff,0
8719528d8ffffff,0
871954315ffffff,0
871955495ffffff,0
871958071ffffff,0
871958802ffffff,0
871958988ffffff,0
871958b05ffffff,0
87195ba12ffffff,0
87195ba31ffffff,0
87195bceaffffff,0
87195c069ffffff,0
87195cb33ffffff,0
87195d199ffffff,0
87195d5b5ffffff,0
87194246dffffff,0
87195185affffff,0
87195846dffffff,0
8719585a3ffffff,0
871958700ffffff,0
871958d75ffffff,0
871959b11ffffff,0
871959d5bffffff,0
871959336ffffff,0
87194e16effffff,0
87195c11cffffff,0
871828c5effffff,0
87195ed40ffffff,0
87194208cffffff,0
871954d6effffff,0
871940730ffffff,0
87195105cffffff,0
871954d90ffffff,0
871909a40ffffff,0
87194840cffffff,0
871972384ffffff,0
871952098ffffff,0
871959a8effffff,0
87195aba1ffffff,0
871955825ffffff,0
87195d383ffffff,0
87182025bffffff,0
8718212a3ffffff,0
871825ba4ffffff,0
871828cdaffffff,0
87182c9a2ffffff,0
87190940bffffff,0
87192b6c8ffffff,0
871941a9bffffff,0
871942101ffffff,0
87194a0abffffff,0
87194a562ffffff,0
87194ac89ffffff,0
8719558daffffff,0
8719580c4ffffff,0
8719584aaffffff,0
87195b71affffff,0
87195b851ffffff,0
87195e86cffffff,0
87195eb70ffffff,0
87197274dffffff,0
8719465a0ffffff,0
87194e0d4ffffff,0
87195176cffffff,0
87195ab58ffffff,0
87195d3adffffff,0
871972634ffffff,0
871825842ffffff,0
871951b09ffffff,0
871954d96ffffff,0
87195cc22ffffff,0
87194e964ffffff,0
87195d380ffffff,0
87195db61ffffff,0
871956c54ffffff,0
871942390ffffff,0
871943593ffffff,0
87195e654ffffff,0
87182572cffffff,0
871942023ffffff,0
8719420a4ffffff,0
871942843ffffff,0
87194285bffffff,0
87194296dffffff,0
871942a93ffffff,0
871942ab5ffffff,0
871942b36ffffff,0
871946511ffffff,0
871946c82ffffff,0
87194eb90ffffff,0
871952461ffffff,0
871952714ffffff,0
87195575dffffff,0
87195661dffffff,0
871958115ffffff,0
87195825dffffff,0
871958822ffffff,0
871958b54ffffff,0
871959330ffffff,0
87195b1a2ffffff,0
87195b690ffffff,0
87195b8c2ffffff,0
87195c028ffffff,0
87195c4e2ffffff,0
87195d86bffffff,0
87195d075ffffff,0
8719594c9ffffff,0
87194e98effffff,0
871955babffffff,0
871958408ffffff,0
871874636ffffff,0
8719091b1ffffff,0
871909364ffffff,0
87190c496ffffff,0
87194a51effffff,0
871828046ffffff,0
87195bd49ffffff,0
871821cb4ffffff,0
87195cc0effffff,0
871948428ffffff,0
87195ca2dffffff,0
871946cb0ffffff,0
871948c1bffffff,0
871952d61ffffff,0
87182e4d2ffffff,0
8718746eeffffff,0
87192a392ffffff,0
87192b332ffffff,0
871942035ffffff,0
871943a14ffffff,0
87194a058ffffff,0
87194a12affffff,0
87194e78affffff,0
87194ed9dffffff,0
871958062ffffff,0
871958736ffffff,0
871958b1effffff,0
87195946effffff,0
8719599b5ffffff,0
87195c543ffffff,0
87195cc5affffff,0
87195d1b6ffffff,0
871951896ffffff,0
87182a303ffffff,0
871959b31ffffff,0
8719421a1ffffff,0
8719542ecffffff,0
871958b58ffffff,0
87182e814ffffff,0
871943ad1ffffff,0
87195d35effffff,0
87195e69affffff,0
871901295ffffff,0
871940449ffffff,0
871941ad5ffffff,0
871973c80ffffff,0
871875d12ffffff,0
871901208ffffff,0
871941685ffffff,0
8719420f1ffffff,0
871942569ffffff,0
87194285affffff,0
871946520ffffff,0
8719466e5ffffff,0
871948560ffffff,0
8719485a2ffffff,0
87194e61affffff,0
871951061ffffff,0
871952123ffffff,0
871952891ffffff,0
871952c09ffffff,0
871952cb4ffffff,0
871952db0ffffff,0
871955471ffffff,0
871955cb0ffffff,0
871958113ffffff,0
871958941ffffff,0
871958d63ffffff,0
8719594e8ffffff,0
871959d28ffffff,0
87195b870ffffff,0
87195bba6ffffff,0
87195bc05ffffff,0
87195c216ffffff,0
87195c2caffffff,0
87195c600ffffff,0
8719728d0ffffff,0
87194291effffff,0
87194665affffff,0
87194c580ffffff,0
871823553ffffff,0
8718237a1ffffff,0
87194288dffffff,0
87194a532ffffff,0
87195c18bffffff,0
87195541bffffff,0
87194ace5ffffff,0
8719588dcffffff,0
87182801effffff,0
87194e4d9ffffff,0
871942214ffffff,0
8719416f1ffffff,0
87195ed4cffffff,0
871943d08ffffff,0
87182105cffffff,0
871942543ffffff,0
871943d0cffffff,0
87194856effffff,0
87194e915ffffff,0
871958984ffffff,0
87195b92bffffff,0
87195d312ffffff,0
87195d46cffffff,0
87194e463ffffff,0
87182e49affffff,0
87195cc29ffffff,0
8718746f2ffffff,0
871942d23ffffff,0
87195c04dffffff,0
87195c545ffffff,0
871942051ffffff,0
87197316bffffff,0
87194a8b4ffffff,0
87194ebb2ffffff,0
8719420a6ffffff,0
8719405adffffff,0
871940714ffffff,0
87194e6abffffff,0
87195cc75ffffff,0
87192b6c0ffffff,0
871821983ffffff,0
871908000ffffff,0
871940564ffffff,0
87194064dffffff,0
8719410c0ffffff,0
8719420e9ffffff,0
87194294cffffff,0
871942c9bffffff,0
871943b93ffffff,0
87195094cffffff,0
871950b4effffff,0
871952812ffffff,0
871952c19ffffff,0
871952d00ffffff,0
871955709ffffff,0
8719584f4ffffff,0
871958c80ffffff,0
87195b7abffffff,0
87195b983ffffff,0
87195bb4affffff,0
87195bd6affffff,0
87195c088ffffff,0
87195c0e3ffffff,0
87195dae4ffffff,0
87195e630ffffff,0
87195e8caffffff,0
87197310affffff,0
871973376ffffff,0
8719768a3ffffff,0
87182a164ffffff,0
87194e1b2ffffff,0
871958021ffffff,0
87195cb80ffffff,0
87195d54bffffff,0
871951153ffffff,0
871958762ffffff,0
8718018e8ffffff,0
87194324bffffff,0
87194e475ffffff,0
87195c673ffffff,0
87194a88cffffff,0
87194e3adffffff,0
87195c55bffffff,0
87182c56dffffff,0
87197262effffff,0
871976822ffffff,0
8718284f6ffffff,0
8719736c4ffffff,0
871973d88ffffff,0
87187471effffff,0
871940781ffffff,0
871941336ffffff,0
87194141dffffff,0
87194158dffffff,0
871942643ffffff,0
871942740ffffff,0
871943058ffffff,0
871948494ffffff,0
87194e05effffff,0
87194e98affffff,0
871951864ffffff,0
871952872ffffff,0
8719528f1ffffff,0
87195550cffffff,0
871958456ffffff,0
871958a76ffffff,0
87195a8eeffffff,0
87195a961ffffff,0
87195c32affffff,0
87195db1cffffff,0
871973224ffffff,0
87195d871ffffff,0
871823b10ffffff,0
87182a6f4ffffff,0
871943388ffffff,0
87195c031ffffff,0
87195c90cffffff,0
87195d25dffffff,0
87182e174ffffff,0
87195c01dffffff,0
871941aceffffff,0
871943643ffffff,0
871948ceaffffff,0
87195d142ffffff,0
87194269cffffff,0
87195dac2ffffff,0
871951b1effffff,0
87195dad4ffffff,0
87194e6e3ffffff,0
87190dad9ffffff,0
871951ad8ffffff,0
87182199affffff,0
871825284ffffff,0
87182566cffffff,0
871825a23ffffff,0
871874635ffffff,0
871928119ffffff,0
8719292f0ffffff,0
87194108bffffff,0
87194200dffffff,0
871942388ffffff,0
871942cd9ffffff,0
871942d26ffffff,0
8719466ddffffff,0
87194a14bffffff,0
87194ac76ffffff,0
87195194affffff,0
87195244dffffff,0
87195250effffff,0
871958c6effffff,0
871958ce0ffffff,0
871959028ffffff,0
87195c00dffffff,0
87195c745ffffff,0
87195ca8cffffff,0
87195cac1ffffff,0
87195e233ffffff,0
87182c52affffff,0
87182c326ffffff,0
871955200ffffff,0
871958458ffffff,0
8719730acffffff,0
87194e8e1ffffff,0
871958048ffffff,0
871951ac8ffffff,0
87190bd14ffffff,0
871954486ffffff,0
87195c962ffffff,0
87182e810ffffff,0
871820ae9ffffff,0
87182c543ffffff,0
87195996cffffff,0
871952981ffffff,0
871972088ffffff,0
871823a0affffff,0
871801ac0ffffff,0
871823752ffffff,0
8719012adffffff,0
87190d9b6ffffff,0
871942488ffffff,0
871943458ffffff,0
871943a03ffffff,0
87194e51effffff,0
87194ecb0ffffff,0
871958189ffffff,0
871958352ffffff,0
87195991affffff,0
87195c932ffffff,0
87195d644ffffff,0
87197206dffffff,0
8719727a5ffffff,0
8719720aaffffff,0
871955235ffffff,0
871973315ffffff,0
871976b95ffffff,0
87194261affffff,0
87194acacffffff,0
8709a44caffffff,0
8719768c1ffffff,0
871820333ffffff,0
871941adcffffff,0
87194ac55ffffff,0
87195eab6ffffff,0
871948c93ffffff,0
87195c9b4ffffff,0
8709a449affffff,0
871821928ffffff,0
871825a62ffffff,0
871825aeeffffff,0
87182994dffffff,0
871870d6dffffff,0
871909a4effffff,0
871941075ffffff,0
871941449ffffff,0
871941af4ffffff,0
87194246cffffff,0
8719428b2ffffff,0
871942a11ffffff,0
87194e164ffffff,0
87194e9b4ffffff,0
871952470ffffff,0
871952cb6ffffff,0
8719546edffffff,0
871954a54ffffff,0
87195526dffffff,0
87195894dffffff,0
871958d74ffffff,0
87195b10dffffff,0
87195c226ffffff,0
87195cae8ffffff,0
87195d984ffffff,0
87195e210ffffff,0
87195e95bffffff,0
87182c6f6ffffff,0
871875db6ffffff,0
8719430d8ffffff,0
871955833ffffff,0
87195c815ffffff,0
871959c41ffffff,0
871805b81ffffff,0
871958751ffffff,0
87195d670ffffff,0
87194aa31ffffff,0
871959c63ffffff,0
871972583ffffff,0
87195d471ffffff,0
8718236dcffffff,0
871943d03ffffff,0
87195a1acffffff,0
871972600ffffff,0
871821992ffffff,0
87194e026ffffff,0
871954291ffffff,0
87180cd95ffffff,0
87182541affffff,0
871870d44ffffff,0
87190c6d0ffffff,0
871928c2cffffff,0
871940280ffffff,0
871942001ffffff,0
8719420d9ffffff,0
8719462deffffff,0
871946521ffffff,0
87194a0c2ffffff,0
87195106affffff,0
8719532f1ffffff,0
871955635ffffff,0
87195910effffff,0
87195980cffffff,0
87195d451ffffff,0
87195d529ffffff,0
87195d986ffffff,0
871972735ffffff,0
87194a944ffffff,0
87195096bffffff,0
87195c48dffffff,0
871805346ffffff,0
871951b83ffffff,0
87195c0c2ffffff,0
87195cc2effffff,0
87195d888ffffff,0
871973343ffffff,0
87195138effffff,0
87195b44affffff,0
871958236ffffff,0
8719584e2ffffff,0
87195d422ffffff,0
871972324ffffff,0
871942766ffffff,0
871958c08ffffff,0
871801a32ffffff,0
871825350ffffff,0
87182566dffffff,0
871874a83ffffff,0
87190b38cffffff,0
87192c381ffffff,0
87192cb53ffffff,0
871941622ffffff,0
871942009ffffff,0
871942148ffffff,0
871942b9effffff,0
871943b8effffff,0
871952541ffffff,0
8719528b2ffffff,0
871958ac8ffffff,0
871958cabffffff,0
871959033ffffff,0
87195a50bffffff,0
87195b15cffffff,0
87195b819ffffff,0
87195bc55ffffff,0
87195c00affffff,0
87195c0d3ffffff,0
87195c358ffffff,0
8719732f5ffffff,0
871973d15ffffff,0
871941283ffffff,0
8719422d1ffffff,0
871942573ffffff,0
871942baaffffff,0
871943cc0ffffff,0
87194e59bffffff,0
8719518d0ffffff,0
8719584c5ffffff,0
87195a11cffffff,0
87195a175ffffff,0
87194176cffffff,0
871958821ffffff,0
871909501ffffff,0
87194651effffff,0
871942196ffffff,0
87194a0e3ffffff,0
87195816bffffff,0
871958170ffffff,0
87197298cffffff,0
87180192affffff,0
8718233a1ffffff,0
87194075dffffff,0
87194aaa2ffffff,0
87195911affffff,0
87195da1affffff,0
87195e710ffffff,0
87195e9a3ffffff,0
871972b94ffffff,0
871828c6cffffff,0
87194105bffffff,0
871955ab0ffffff,0
8719720c8ffffff,0
8719510f1ffffff,0
8719543b0ffffff,0
8719556ecffffff,0
87195aa54ffffff,0
871828c0dffffff,0
87182a2adffffff,0
87187461affffff,0
8718746d0ffffff,0
87192b636ffffff,0
871940d9bffffff,0
871954998ffffff,0
871955ae8ffffff,0
871959184ffffff,0
871959815ffffff,0
87195c0ecffffff,0
87195cc5cffffff,0
87195d393ffffff,0
871972719ffffff,0
871976b96ffffff,0
87195d208ffffff,0
87194a82cffffff,0
871943329ffffff,0
87194ea10ffffff,0
87195d88affffff,0
87195dd50ffffff,0
87194a8e1ffffff,0
87194ac1bffffff,0
87197316dffffff,0
871955a2bffffff,0
87195e698ffffff,0
87192b3a3ffffff,0
8719434a9ffffff,0
871952634ffffff,0
87194e845ffffff,0
871874964ffffff,0
871874a0effffff,0
871941271ffffff,0
871941370ffffff,0
871941382ffffff,0
871941724ffffff,0
8719420b5ffffff,0
871942310ffffff,0
871942754ffffff,0
871942b43ffffff,0
871942c40ffffff,0
871942c48ffffff,0
871943d18ffffff,0
87194659cffffff,0
871946643ffffff,0
87194ac94ffffff,0
871952cd4ffffff,0
87195422affffff,0
87195462dffffff,0
871955606ffffff,0
871958288ffffff,0
871958336ffffff,0
871958884ffffff,0
871958a44ffffff,0
871958b0affffff,0
871958c49ffffff,0
871959045ffffff,0
87195bc84ffffff,0
871942581ffffff,0
871951836ffffff,0
87195aa18ffffff,0
87195ab98ffffff,0
87195cb25ffffff,0
87195d36effffff,0
87194e09affffff,0
8719402a5ffffff,0
871959c58ffffff,0
87182d2f3ffffff,0
87195c8e1ffffff,0
87195990effffff,0
87180134bffffff,0
871870d2cffffff,0
87195e21cffffff,0
871825391ffffff,0
87192872dffffff,0
87192b0d1ffffff,0
8719596a0ffffff,0
871875d05ffffff,0
871941addffffff,0
87195d702ffffff,0
871942b53ffffff,0
871953ae4ffffff,0
87194a52cffffff,0
87180c934ffffff,0
8718740c5ffffff,0
871940c88ffffff,0
871941a1affffff,0
871942c6effffff,0
871943722ffffff,0
871946009ffffff,0
87194e0e1ffffff,0
87194e89dffffff,0
871951621ffffff,0
871952cd3ffffff,0
87195822effffff,0
871959b24ffffff,0
87195a2c1ffffff,0
87195c209ffffff,0
87195c75dffffff,0
87195d085ffffff,0
87195d11bffffff,0
87195d38effffff,0
8719726aaffffff,0
87194e588ffffff,0
871828793ffffff,0
871946513ffffff,0
87195d8dcffffff,0
8709a4708ffffff,0
87195b96affffff,0
871951a1cffffff,0
8719484d6ffffff,0
87194e4b1ffffff,0
87194ed0affffff,0
87195d266ffffff,0
871951d4cffffff,0
871941108ffffff,0
871823b4bffffff,0
871821881ffffff,0
871823a92ffffff,0
871825343ffffff,0
871825a8bffffff,0
871825b13ffffff,0
8719288a3ffffff,0
87194051cffffff,0
871941569ffffff,0
87194202effffff,0
8719420a9ffffff,0
8719420c2ffffff,0
871942302ffffff,0
871942a61ffffff,0
871946506ffffff,0
87194ad76ffffff,0
87194ed4dffffff,0
871951aa2ffffff,0
871953ae0ffffff,0
871955ceaffffff,0
871955d05ffffff,0
871956603ffffff,0
871958820ffffff,0
871958934ffffff,0
871958ac6ffffff,0
8719594d4ffffff,0
87195ab99ffffff,0
87195c2e1ffffff,0
87195cc66ffffff,0
87195d0d2ffffff,0
87197320bffffff,0
8719586b3ffffff,0
87195aa64ffffff,0
87195b8e5ffffff,0
87195a51cffffff,0
8719724ebffffff,0
8719554d3ffffff,0
8718748e3ffffff,0
87194a823ffffff,0
871958dacffffff,0
87182a288ffffff,0
871955c9dffffff,0
871952d60ffffff,0
87195c370ffffff,0
871941073ffffff,0
87195916affffff,0
87195e1b6ffffff,0
87194042dffffff,0
87195c860ffffff,0
871972021ffffff,0
871805273ffffff,0
871909289ffffff,0
8719404a8ffffff,0
871941642ffffff,0
871942083ffffff,0
871942210ffffff,0
87194248cffffff,0
87194a0d1ffffff,0
87194a570ffffff,0
87194e686ffffff,0
87195474bffffff,0
871955246ffffff,0
87195d20dffffff,0
87195d42bffffff,0
87195dd6bffffff,0
87195ed2dffffff,0
871972150ffffff,0
87197272affffff,0
87194ac43ffffff,0
87195dae9ffffff,0
87195c465ffffff,0
87182a040ffffff,0
87194679dffffff,0
871940420ffffff,0
8719438c6ffffff,0
8719462acffffff,0
87195c764ffffff,0
87182506effffff,0
8719545b0ffffff,0
871948401ffffff,0
871958853ffffff,0
8709a0990ffffff,0
871823159ffffff,0
8718250c0ffffff,0
871825206ffffff,0
871825648ffffff,0
871870d35ffffff,0
87190e863ffffff,0
87194050dffffff,0
87194116bffffff,0
8719417abffffff,0
87194371bffffff,0
871946248ffffff,0
871946525ffffff,0
8719466d1ffffff,0
871948576ffffff,0
87194c4b3ffffff,0
87194e835ffffff,0
871950961ffffff,0
871952026ffffff,0
871952d48ffffff,0
871955c2bffffff,0
871955dabffffff,0
87195855dffffff,0
871958c02ffffff,0
871959335ffffff,0
87195bd43ffffff,0
87195c0d2ffffff,0
87195c4f3ffffff,0
87195c70cffffff,0
87195cc56ffffff,0
87195d589ffffff,0
87195e964ffffff,0
871973c31ffffff,0
87194a891ffffff,0
871951304ffffff,0
8719532c6ffffff,0
871958462ffffff,0
8719586ebffffff,0
871959d59ffffff,0
87195b0a9ffffff,0
87195d94effffff,0
87195dc2cffffff,0
87195e25bffffff,0
871941063ffffff,0
87194212dffffff,0
87195d699ffffff,0
871972622ffffff,0
871801c43ffffff,0
871874ad1ffffff,0
87192b9aaffffff,0
8719426e6ffffff,0
87195d372ffffff,0
87195806effffff,0
87195c5b3ffffff,0
871821642ffffff,0
87195cd62ffffff,0
87194170affffff,0
871805211ffffff,0
871943641ffffff,0
87195cac3ffffff,0
87182e52dffffff,0
871825b8affffff,0
87192b6ceffffff,0
871941208ffffff,0
87194a499ffffff,0
87194e856ffffff,0
8719545a0ffffff,0
871955d80ffffff,0
8719581abffffff,0
871958ad3ffffff,0
871959536ffffff,0
87195a885ffffff,0
87195aaa5ffffff,0
87195d3a9ffffff,0
871973519ffffff,0
87195dae5ffffff,0
8718747adffffff,0
87195105affffff,0
871958355ffffff,0
87194e022ffffff,0
87182e75affffff,0
8719434f2ffffff,0
87195194dffffff,0
871951babffffff,0
87195c04effffff,0
87195ca5dffffff,0
871951773ffffff,0
871972c1effffff,0
871823205ffffff,0
87194069bffffff,0
87182cc94ffffff,0
8719557a2ffffff,0
87194e0e2ffffff,0
8719510eeffffff,0
87195b8e2ffffff,0
87194351cffffff,0
8718252ebffffff,0
871825660ffffff,0
871825a69ffffff,0
871825b42ffffff,0
8718746e4ffffff,0
871875d2dffffff,0
87192c648ffffff,0
87194138effffff,0
8719421aeffffff,0
87194238cffffff,0
871943905ffffff,0
8719484f0ffffff,0
87194ab84ffffff,0
87194e931ffffff,0
871952016ffffff,0
8719520aeffffff,0
87195252bffffff,0
87195252cffffff,0
871952576ffffff,0
871952c05ffffff,0
871952d40ffffff,0
871952db4ffffff,0
8719542cdffffff,0
8719557a9ffffff,0
871955c0dffffff,0
871958954ffffff,0
871959880ffffff,0
8719598cbffffff,0
87195a40effffff,0
87195a999ffffff,0
87195b81cffffff,0
87195b8f2ffffff,0
87195bb21ffffff,0
87195c011ffffff,0
87195c0acffffff,0
87195c176ffffff,0
87195c6c8ffffff,0
87195c8b2ffffff,0
87195c99bffffff,0
87195d2b6ffffff,0
87195d369ffffff,0
87195dcdeffffff,0
87195e209ffffff,0
87195e85cffffff,0
871973221ffffff,0
8718230f0ffffff,0
87194071bffffff,0
87194e259ffffff,0
871958576ffffff,0
87182e485ffffff,0
87195aa15ffffff,0
871805992ffffff,0
87182a2b4ffffff,0
87182a798ffffff,0
8719422ecffffff,0
8719435b6ffffff,0
871953a11ffffff,0
87195c193ffffff,0
87195c688ffffff,0
87182550effffff,0
871821956ffffff,1
871828543ffffff,1
87182c101ffffff,1
87182ca8affffff,1
87182cc45ffffff,1
87182e621ffffff,1
871874674ffffff,1
87190e052ffffff,1
87192b38effffff,1
871940728ffffff,1
871941053ffffff,1
8719414a8ffffff,1
871942128ffffff,1
87194228cffffff,1
8719424cdffffff,1
871942794ffffff,1
871942985ffffff,1
8719430f3ffffff,1
8719432e6ffffff,1
871946415ffffff,1
871948526ffffff,1
87194a51affffff,1
87194a733ffffff,1
87194ab19ffffff,1
87194ac34ffffff,1
87194e8e8ffffff,1
871951b22ffffff,1
871953b9cffffff,1
8719569aaffffff,1
871958590ffffff,1
87195902cffffff,1
871959074ffffff,1
871959908ffffff,1
871959cc4ffffff,1
871959d05ffffff,1
87195ac51ffffff,1
87195b44cffffff,1
87195b783ffffff,1
87195cab5ffffff,1
87195d16dffffff,1
87195d2a1ffffff,1
87195d732ffffff,1
87195d9a6ffffff,1
87195e5b6ffffff,1
871972449ffffff,1
87197334bffffff,1
871941570ffffff,1
87195bb19ffffff,1
87195bc93ffffff,1
871801075ffffff,1
871821b4cffffff,1
871825144ffffff,1
87182810dffffff,1
87182e6e1ffffff,1
8718746c6ffffff,1
8719088d4ffffff,1
871909175ffffff,1
87190d6c8ffffff,1
871940572ffffff,1
8719420e5ffffff,1
8719435b5ffffff,1
871946082ffffff,1
87194614effffff,1
87194852bffffff,1
871948544ffffff,1
87194a192ffffff,1
87194a1b1ffffff,1
87194a525ffffff,1
87194a956ffffff,1
87194ac09ffffff,1
87194e2daffffff,1
87194e823ffffff,1
871951042ffffff,1
8719519adffffff,1
871952192ffffff,1
871955a2affffff,1
871958161ffffff,1
87195839cffffff,1
871959155ffffff,1
871959c6effffff,1
871959cb0ffffff,1
87195b468ffffff,1
87195bb4cffffff,1
87195c0caffffff,1
87195c445ffffff,1
87195c661ffffff,1
87195c843ffffff,1
87195c972ffffff,1
87195ca22ffffff,1
87195ca61ffffff,1
87195cb43ffffff,1
87195d8d6ffffff,1
87197200affffff,1
8719732e6ffffff,1
8719768ecffffff,1
871942184ffffff,1
87194e886ffffff,1
87195838effffff,1
8718218ceffffff,1
871823422ffffff,1
871823c80ffffff,1
87182a2a0ffffff,1
871874310ffffff,1
8718746a1ffffff,1
871909228ffffff,1
871909423ffffff,1
87190d82dffffff,1
87190ea68ffffff,1
87194175dffffff,1
871942836ffffff,1
871943756ffffff,1
87194619cffffff,1
871946558ffffff,1
87194a7a2ffffff,1
87194a946ffffff,1
87194a99affffff,1
87194ac13ffffff,1
87194ac9affffff,1
87194e24bffffff,1
87195128effffff,1
87195179effffff,1
871951d69ffffff,1
87195194cffffff,1
871951a2bffffff,1
871952435ffffff,1
8719550c6ffffff,1
87195580affffff,1
871958466ffffff,1
871958a2bffffff,1
871958ad6ffffff,1
871958adeffffff,1
871959118ffffff,1
87195a144ffffff,1
87195b09effffff,1
87195bd51ffffff,1
87195d06affffff,1
87195d1aeffffff,1
87195d774ffffff,1
87195d88bffffff,1
87195da2cffffff,1
8719720e3ffffff,1
871972611ffffff,1
871973276ffffff,1
871973512ffffff,1
87195d908ffffff,1
87180194bffffff,1
871825655ffffff,1
87182e2c4ffffff,1
8718746f4ffffff,1
871874903ffffff,1
871874aacffffff,1
871942011ffffff,1
871942780ffffff,1
87194281affffff,1
871942c54ffffff,1
8719434c6ffffff,1
87194a9adffffff,1
87194aa93ffffff,1
87194c59affffff,1
87194ea90ffffff,1
871952099ffffff,1
871954068ffffff,1
871954c34ffffff,1
871955961ffffff,1
871955a9cffffff,1
871955d9dffffff,1
87195814bffffff,1
87195946bffffff,1
87195a12affffff,1
87195ab18ffffff,1
87195c428ffffff,1
87195ca85ffffff,1
87195cc08ffffff,1
87195cc2affffff,1
87195d271ffffff,1
87195db5bffffff,1
87195dce9ffffff,1
87197320affffff,1
87194335cffffff,1
87194338effffff,1
871823ab5ffffff,1
87182501effffff,1
87182a0b2ffffff,1
87182c8d4ffffff,1
87182c98dffffff,1
871870d64ffffff,1
871876369ffffff,1
87190c0f4ffffff,1
871941393ffffff,1
87194210effffff,1
8719424c3ffffff,1
871943492ffffff,1
8719434d4ffffff,1
871943ac3ffffff,1
87194a551ffffff,1
87194acabffffff,1
87194e166ffffff,1
87194e613ffffff,1
87194e618ffffff,1
8719513b6ffffff,1
871951856ffffff,1
871951b13ffffff,1
871951b24ffffff,1
871951ba4ffffff,1
871958308ffffff,1
87195831bffffff,1
871958801ffffff,1
8719589a5ffffff,1
871958c28ffffff,1
87195910affffff,1
87195b825ffffff,1
87195d295ffffff,1
87195d308ffffff,1
87195d805ffffff,1
87195d919ffffff,1
871972020ffffff,1
871973166ffffff,1
8719732a8ffffff,1
87195889affffff,1
87194a514ffffff,1
8719083b2ffffff,1
87192b89effffff,1
87180520effffff,1
871820ad3ffffff,1
871821654ffffff,1
871828b84ffffff,1
87182a4d2ffffff,1
87182c493ffffff,1
87182e5a5ffffff,1
871872905ffffff,1
871874ac5ffffff,1
871901aadffffff,1
87190dd5affffff,1
871929691ffffff,1
87192c62affffff,1
871942062ffffff,1
871942c4affffff,1
871943048ffffff,1
87195596dffffff,1
871948c03ffffff,1
87194a4b4ffffff,1
87194a533ffffff,1
87194ab95ffffff,1
87194e79affffff,1
87194ed93ffffff,1
87195195bffffff,1
871951b88ffffff,1
871952d59ffffff,1
8719550d2ffffff,1
871955c4cffffff,1
871958a29ffffff,1
871958b75ffffff,1
87195a59dffffff,1
87195b084ffffff,1
87195c089ffffff,1
87195c31bffffff,1
87195c392ffffff,1
87195ca63ffffff,1
87195cc5effffff,1
87195d2aaffffff,1
87195d350ffffff,1
87195d66bffffff,1
87195db5dffffff,1
87195db8affffff,1
871973203ffffff,1
871973513ffffff,1
871976a9effffff,1
8719292dbffffff,1
871959164ffffff,1
871959b18ffffff,1
8709a478effffff,1
871825ba6ffffff,1
87182a91cffffff,1
871870d0dffffff,1
87190899dffffff,1
871909304ffffff,1
87190c782ffffff,1
87194204bffffff,1
871942116ffffff,1
8719426b0ffffff,1
8719429a2ffffff,1
871942d6affffff,1
871943225ffffff,1
871943b0cffffff,1
871946462ffffff,1
87194a59bffffff,1
87194ac18ffffff,1
87194ad96ffffff,1
87194e01dffffff,1
87194e0e8ffffff,1
87194e536ffffff,1
871951052ffffff,1
871951336ffffff,1
87195191bffffff,1
871951b1affffff,1
871953a10ffffff,1
871955753ffffff,1
87195805bffffff,1
8719588e2ffffff,1
871958aa8ffffff,1
87195b842ffffff,1
87195c01bffffff,1
87195c185ffffff,1
87195c291ffffff,1
87195cb10ffffff,1
87195cc9cffffff,1
87195d159ffffff,1
87195d2e9ffffff,1
87195da56ffffff,1
87195daf1ffffff,1
87195db4dffffff,1
87195db85ffffff,1
87195dcd2ffffff,1
87195e1abffffff,1
87195ec85ffffff,1
87197262dffffff,1
871973369ffffff,1
87195c41dffffff,1
87195b6b5ffffff,1
8709a4093ffffff,1
87180186cffffff,1
8718212abffffff,1
871825701ffffff,1
87182ac10ffffff,1
87182c8c3ffffff,1
87182e512ffffff,1
871874a80ffffff,1
871909128ffffff,1
87190d6a3ffffff,1
87190e3b2ffffff,1
8719404a3ffffff,1
871941175ffffff,1
8719422daffffff,1
8719422e0ffffff,1
871942384ffffff,1
871942652ffffff,1
871942a96ffffff,1
871942daeffffff,1
871943043ffffff,1
8719435a3ffffff,1
87194364affffff,1
8719438d8ffffff,1
87194a726ffffff,1
87194a880ffffff,1
87194e64dffffff,1
87194e6eaffffff,1
87194e6f3ffffff,1
87195102affffff,1
871951100ffffff,1
871955dadffffff,1
871956784ffffff,1
871956ab5ffffff,1
87195825effffff,1
87195895cffffff,1
8719597a6ffffff,1
871959902ffffff,1
871959b8cffffff,1
871959c8cffffff,1
87195b8f5ffffff,1
87195bd89ffffff,1
87195c068ffffff,1
87195c0dcffffff,1
8719720a3ffffff,1
871972cc5ffffff,1
8719732daffffff,1
871976006ffffff,1
87195a12bffffff,1
871828974ffffff,1
87182996cffffff,1
87182a031ffffff,1
87182c98effffff,1
871870d09ffffff,1
8719012eaffffff,1
87190135effffff,1
871909168ffffff,1
871909a90ffffff,1
8719422caffffff,1
871942432ffffff,1
871942cdaffffff,1
871943a8dffffff,1
871943b72ffffff,1
871946436ffffff,1
87194654dffffff,1
871946583ffffff,1
87194661effffff,1
871946650ffffff,1
87194a42affffff,1
87194a889ffffff,1
87194e784ffffff,1
8719516a5ffffff,1
871951a86ffffff,1
871951b9affffff,1
87195288cffffff,1
871952d5dffffff,1
871953a52ffffff,1
871954c74ffffff,1
871955381ffffff,1
871955665ffffff,1
8719583aeffffff,1
871958732ffffff,1
871959113ffffff,1
871959ab4ffffff,1
871959c73ffffff,1
87195a15effffff,1
87195ab44ffffff,1
87195b51bffffff,1
87195b599ffffff,1
87195b6a9ffffff,1
87195c0a8ffffff,1
87195c12dffffff,1
87195c36cffffff,1
87195cdaaffffff,1
87195d040ffffff,1
87195d255ffffff,1
87195d2e6ffffff,1
87195d3a5ffffff,1
87195d811ffffff,1
87195db52ffffff,1
87197264effffff,1
871972722ffffff,1
871972d0dffffff,1
871973256ffffff,1
8719738eaffffff,1
87190dcdeffffff,1
871942975ffffff,1
8718058eeffffff,1
871820ba5ffffff,1
871821806ffffff,1
871823685ffffff,1
87182a301ffffff,1
87182a3a2ffffff,1
87182a46effffff,1
87182a6caffffff,1
87182e0c9ffffff,1
87190135cffffff,1
871908901ffffff,1
871909c84ffffff,1
87190da59ffffff,1
871940430ffffff,1
8719404d6ffffff,1
87194230effffff,1
871942316ffffff,1
871942755ffffff,1
871942966ffffff,1
871942b83ffffff,1
871942c61ffffff,1
871942d48ffffff,1
871943473ffffff,1
8719434b6ffffff,1
87194a584ffffff,1
87194e6deffffff,1
87194e7acffffff,1
871951a32ffffff,1
871954393ffffff,1
87195498cffffff,1
871955390ffffff,1
871955a6cffffff,1
8719581a8ffffff,1
871958388ffffff,1
871958629ffffff,1
8719587a2ffffff,1
871959789ffffff,1
871959d5dffffff,1
87195ab0affffff,1
87195b713ffffff,1
87195c470ffffff,1
87195c80dffffff,1
87195cb68ffffff,1
87195cb72ffffff,1
87195d2a9ffffff,1
87195d315ffffff,1
87195d81effffff,1
87195d910ffffff,1
87195db69ffffff,1
87195dc4effffff,1
8719738b4ffffff,1
871976856ffffff,1
8719436a5ffffff,1
87195d636ffffff,1
871940546ffffff,1
8709a47a4ffffff,1
871821bb4ffffff,1
87182334cffffff,1
87182c8f4ffffff,1
871874393ffffff,1
871874ac6ffffff,1
871874adaffffff,1
871874b4effffff,1
871909d59ffffff,1
87190d95effffff,1
8719282a6ffffff,1
87192b348ffffff,1
87192b3aeffffff,1
871942063ffffff,1
8719424b1ffffff,1
871942660ffffff,1
87194320dffffff,1
871943221ffffff,1
8719434d3ffffff,1
8719460b6ffffff,1
871946adaffffff,1
87194850bffffff,1
87194a424ffffff,1
87194a9a3ffffff,1
87194e922ffffff,1
87194c49affffff,1
871951310ffffff,1
871951b6dffffff,1
871951baeffffff,1
871952d62ffffff,1
871954376ffffff,1
871955d8dffffff,1
871958158ffffff,1
871958641ffffff,1
871958ad2ffffff,1
871959495ffffff,1
8719594d9ffffff,1
8719598a8ffffff,1
871959b0affffff,1
87195a109ffffff,1
87195a8c9ffffff,1
87195b08bffffff,1
87195b610ffffff,1
87195cd4affffff,1
87195d181ffffff,1
87195d46effffff,1
87195db33ffffff,1
87195d8c9ffffff,1
87195e750ffffff,1
8719732acffffff,1
871973344ffffff,1
871958188ffffff,1
87182121bffffff,1
871823c83ffffff,1
871825accffffff,1
8718280a1ffffff,1
871828da1ffffff,1
87182a819ffffff,1
87182c81affffff,1
87190912affffff,1
871909adcffffff,1
87190c662ffffff,1
87194131cffffff,1
871942255ffffff,1
871942b76ffffff,1
871942c46ffffff,1
871942c50ffffff,1
871942d54ffffff,1
871943591ffffff,1
87194359affffff,1
8719466a9ffffff,1
871946780ffffff,1
87194a435ffffff,1
87194a4abffffff,1
87194a516ffffff,1
87194abb4ffffff,1
87194a905ffffff,1
87194e168ffffff,1
87194e2f1ffffff,1
87194e75affffff,1
87194e8c8ffffff,1
87195196bffffff,1
8719519a8ffffff,1
871952135ffffff,1
8719528b3ffffff,1
871958121ffffff,1
8719581a9ffffff,1
8719584eaffffff,1
871958758ffffff,1
871959829ffffff,1
871959840ffffff,1
87195aa1affffff,1
87195ad92ffffff,1
87195bd70ffffff,1
87195c1aeffffff,1
87195c845ffffff,1
87195c856ffffff,1
87195d02dffffff,1
87195d31effffff,1
87195d322ffffff,1
87195d362ffffff,1
87195d431ffffff,1
87195d55effffff,1
87195db2bffffff,1
87197208bffffff,1
8719722e1ffffff,1
871973d48ffffff,1
8718238dcffffff,1
871823b72ffffff,1
871825004ffffff,1
87182c49effffff,1
87182e433ffffff,1
871870d2bffffff,1
8718743aeffffff,1
871908935ffffff,1
87190d564ffffff,1
87190dcacffffff,1
87192b099ffffff,1
871940390ffffff,1
871940440ffffff,1
871941161ffffff,1
8719426a5ffffff,1
871943664ffffff,1
871943c15ffffff,1
871946519ffffff,1
871946613ffffff,1
87194a045ffffff,1
87194ac30ffffff,1
87194ac60ffffff,1
87194ac96ffffff,1
87194ad6effffff,1
87194e461ffffff,1
87194e805ffffff,1
871951128ffffff,1
871951acaffffff,1
871951b66ffffff,1
871954d0affffff,1
871955856ffffff,1
87195822affffff,1
8719590e6ffffff,1
87195b616ffffff,1
87195b7a2ffffff,1
87195c1a6ffffff,1
87195c3a1ffffff,1
87195c98affffff,1
87195cab6ffffff,1
87195d00effffff,1
87195d045ffffff,1
87195d0c2ffffff,1
87195d252ffffff,1
87195d2ddffffff,1
87195d70affffff,1
87195d7b4ffffff,1
87195db1effffff,1
87195e699ffffff,1
871976125ffffff,1
87195c950ffffff,1
87195546cffffff,1
87195d2f5ffffff,1
87180189effffff,1
87180536effffff,1
87182c021ffffff,1
87182c256ffffff,1
87182c6f1ffffff,1
87182c833ffffff,1
87182c8d5ffffff,1
87182e6f1ffffff,1
87182eb5effffff,1
8718746d5ffffff,1
871874748ffffff,1
871875d03ffffff,1
871908004ffffff,1
8719092ebffffff,1
87190b323ffffff,1
87192b78bffffff,1
871940495ffffff,1
871941365ffffff,1
8719420d5ffffff,1
8719422cbffffff,1
871942a02ffffff,1
8719430ccffffff,1
8719460eaffffff,1
87194654cffffff,1
87194a4b5ffffff,1
87194a86bffffff,1
87194ac9bffffff,1
87194e232ffffff,1
87194e522ffffff,1
87195114bffffff,1
871951151ffffff,1
8719518d8ffffff,1
87195199affffff,1
871951a89ffffff,1
8719520a0ffffff,1
8719520c5ffffff,1
871952725ffffff,1
87195298affffff,1
871956a6cffffff,1
87195916effffff,1
871959176ffffff,1
87195944cffffff,1
87195946affffff,1
87195aa50ffffff,1
87195b4ceffffff,1
87195b6d0ffffff,1
87195c385ffffff,1
87195c859ffffff,1
87195ca89ffffff,1
87195d0e1ffffff,1
87195d2c3ffffff,1
87195d2caffffff,1
87195d4a0ffffff,1
87195d694ffffff,1
87195d7a0ffffff,1
87195db65ffffff,1
87195dcb3ffffff,1
8719732c4ffffff,1
87182ab0effffff,1
87180530cffffff,1
87182084bffffff,1
8718230b2ffffff,1
87182a695ffffff,1
8719092e2ffffff,1
87190eae9ffffff,1
871940419ffffff,1
871941218ffffff,1
8719426c5ffffff,1
871942b08ffffff,1
8719464a6ffffff,1
871946550ffffff,1
8719465a3ffffff,1
871946749ffffff,1
87194a8acffffff,1
87194a9a0ffffff,1
87194e4ddffffff,1
87194ec1cffffff,1
871951718ffffff,1
871952134ffffff,1
87195250dffffff,1
871953b5bffffff,1
871954db4ffffff,1
871955015ffffff,1
8719569abffffff,1
871958471ffffff,1
8719590cdffffff,1
87195a4b5ffffff,1
87195ba08ffffff,1
87195c31effffff,1
87195c4adffffff,1
87195c8e4ffffff,1
87195d218ffffff,1
87195d21dffffff,1
87195d304ffffff,1
87195d341ffffff,1
87195d698ffffff,1
87195db21ffffff,1
87195dd6dffffff,1
8719720d0ffffff,1
871973200ffffff,1
87182a310ffffff,1
87190d38cffffff,1
8719598cdffffff,1
871909b5dffffff,1
871948530ffffff,1
87180cda9ffffff,1
871821893ffffff,1
87182855cffffff,1
87182a916ffffff,1
871874ac2ffffff,1
871908a6effffff,1
871909072ffffff,1
87190912effffff,1
871909301ffffff,1
87192c383ffffff,1
871940402ffffff,1
8719416c4ffffff,1
87194359effffff,1
8719484a4ffffff,1
87194a1aeffffff,1
87194aaa1ffffff,1
87194ac92ffffff,1
87194acb2ffffff,1
87194e6a3ffffff,1
87194e761ffffff,1
87194e7b2ffffff,1
87194eab5ffffff,1
87195100bffffff,1
87195102dffffff,1
8719516b6ffffff,1
871954d01ffffff,1
871955052ffffff,1
871955790ffffff,1
8719580c9ffffff,1
871958643ffffff,1
8719590d0ffffff,1
871959324ffffff,1
871959c11ffffff,1
871959cc0ffffff,1
87195a4a5ffffff,1
87195aa31ffffff,1
87195ac8effffff,1
87195c819ffffff,1
87195cb44ffffff,1
87195cb46ffffff,1
87195d22bffffff,1
87195dce8ffffff,1
871972894ffffff,1
87197330dffffff,1
871976131ffffff,1
871973652ffffff,1
871953ad6ffffff,1
871823732ffffff,1
87182519bffffff,1
871825715ffffff,1
87182ac15ffffff,1
87182c32affffff,1
87182e24cffffff,1
87182e255ffffff,1
87182ec45ffffff,1
871870daeffffff,1
87190135dffffff,1
87190868bffffff,1
87190905cffffff,1
871909a43ffffff,1
871940431ffffff,1
87194210bffffff,1
87194262cffffff,1
8719428e0ffffff,1
871943510ffffff,1
871943931ffffff,1
87194a9a4ffffff,1
87194e515ffffff,1
87194e78bffffff,1
87194e825ffffff,1
87194ed9effffff,1
871951355ffffff,1
871951628ffffff,1
871954171ffffff,1
871954d36ffffff,1
871955672ffffff,1
8719582c3ffffff,1
871958411ffffff,1
8719588ebffffff,1
871958c18ffffff,1
871958d60ffffff,1
8719590e9ffffff,1
871959142ffffff,1
871959790ffffff,1
871959b0bffffff,1
87195ac46ffffff,1
87195b856ffffff,1
87195b94affffff,1
87195bd8effffff,1
87195c0a4ffffff,1
87195c0c3ffffff,1
87195c2acffffff,1
87195c39effffff,1
87195d24effffff,1
87195e872ffffff,1
8719726f2ffffff,1
871972723ffffff,1
871973264ffffff,1
871973320ffffff,1
871973362ffffff,1
871976a90ffffff,1
871820266ffffff,1
8718230f4ffffff,1
871828414ffffff,1
87182ad2effffff,1
87182c988ffffff,1
8719092e4ffffff,1
871909a4cffffff,1
871909a4dffffff,1
87190b333ffffff,1
8719292f1ffffff,1
87194104bffffff,1
8719424eeffffff,1
87194269dffffff,1
871942830ffffff,1
871942a88ffffff,1
87194335bffffff,1
8719434d9ffffff,1
871946495ffffff,1
871946523ffffff,1
87194a7b1ffffff,1
87194a873ffffff,1
87194a882ffffff,1
87194a8a4ffffff,1
87194ac05ffffff,1
87194e7aaffffff,1
87194e82effffff,1
87194ea95ffffff,1
871952906ffffff,1
871958312ffffff,1
8719584c3ffffff,1
871958648ffffff,1
87195875effffff,1
871958791ffffff,1
8719587a3ffffff,1
87195904dffffff,1
871959103ffffff,1
871959983ffffff,1
871959ab3ffffff,1
87195ab46ffffff,1
87195ad1cffffff,1
87195b81bffffff,1
87195b94dffffff,1
87195ba01ffffff,1
87195c328ffffff,1
87195c91effffff,1
87195da41ffffff,1
87195db1bffffff,1
87195db76ffffff,1
87195dba2ffffff,1
87195dcb4ffffff,1
87195e6f5ffffff,1
87195e72effffff,1
87197298bffffff,1
87195c0d5ffffff,1
871953366ffffff,1
87195cc84ffffff,1
8709a4788ffffff,1
871801025ffffff,1
87182a8eeffffff,1
87182c459ffffff,1
871909c9effffff,1
871940635ffffff,1
871941254ffffff,1
871941265ffffff,1
871942020ffffff,1
8719425a0ffffff,1
871942acaffffff,1
871943260ffffff,1
871943450ffffff,1
871943b82ffffff,1
871946cd2ffffff,1
87194a084ffffff,1
87194acf3ffffff,1
87194e29bffffff,1
87194e393ffffff,1
87194e783ffffff,1
87195122effffff,1
871951a10ffffff,1
871951a96ffffff,1
871951aa8ffffff,1
871952190ffffff,1
8719566edffffff,1
8719588c4ffffff,1
87195982affffff,1
87195a145ffffff,1
87195bc8cffffff,1
87195c0e1ffffff,1
87195c0e8ffffff,1
87195c321ffffff,1
87195c34effffff,1
87195d041ffffff,1
87195d8f5ffffff,1
87195ddb5ffffff,1
8719721a4ffffff,1
8719722b0ffffff,1
8719724c4ffffff,1
8719738aeffffff,1
8719768e9ffffff,1
871976929ffffff,1
871801002ffffff,1
871821056ffffff,1
8718213a4ffffff,1
87182575cffffff,1
8718280d6ffffff,1
87182c788ffffff,1
87182e6e2ffffff,1
87182e8deffffff,1
87187488bffffff,1
871874a11ffffff,1
871909a8dffffff,1
87194211bffffff,1
8719424e8ffffff,1
87194266bffffff,1
871943441ffffff,1
871943645ffffff,1
87194a022ffffff,1
87194a55bffffff,1
87194ac72ffffff,1
87194e994ffffff,1
87194e998ffffff,1
8719518e4ffffff,1
871951a8affffff,1
87195306effffff,1
871953070ffffff,1
8719545a8ffffff,1
871958441ffffff,1
871958702ffffff,1
8719590f2ffffff,1
87195942cffffff,1
871959aa3ffffff,1
871959b0cffffff,1
871959c18ffffff,1
87195ab08ffffff,1
87195ba1dffffff,1
87195bb96ffffff,1
87195c063ffffff,1
87195c190ffffff,1
87195c2aeffffff,1
87195c3a3ffffff,1
87195c460ffffff,1
87195c4aaffffff,1
87195c8b1ffffff,1
87195c944ffffff,1
87195d09cffffff,1
87195d203ffffff,1
87195db4bffffff,1
87197212cffffff,1
871976a94ffffff,1
8709a0926ffffff,1
87182350bffffff,1
8718289b5ffffff,1
87182c831ffffff,1
87182cc6cffffff,1
871870d93ffffff,1
8718746ccffffff,1
871874709ffffff,1
871908b63ffffff,1
871909b98ffffff,1
871942251ffffff,1
8719422b3ffffff,1
8719424e0ffffff,1
871942c4bffffff,1
871943059ffffff,1
8719435a9ffffff,1
87194360bffffff,1
8719466d4ffffff,1
87194a949ffffff,1
87194acb0ffffff,1
87194acc8ffffff,1
87194e446ffffff,1
87194e666ffffff,1
87194e99effffff,1
8719517abffffff,1
871951809ffffff,1
8719519a1ffffff,1
871951b5dffffff,1
871954d95ffffff,1
871955686ffffff,1
8719582b2ffffff,1
871958328ffffff,1
871958666ffffff,1
8719598d2ffffff,1
87195b025ffffff,1
87195c716ffffff,1
87195c8e2ffffff,1
87195cc03ffffff,1
87195d468ffffff,1
87195e520ffffff,1
87195e680ffffff,1
87195e733ffffff,1
8719728b5ffffff,1
871972900ffffff,1
87197292affffff,1
871973308ffffff,1
871973309ffffff,1
8719768caffffff,1
87194a98dffffff,1
871958264ffffff,1
87182c0f5ffffff,1
871909a01ffffff,1
871805aa4ffffff,1
87182585bffffff,1
87182585dffffff,1
871828808ffffff,1
87182a4a2ffffff,1
87182e562ffffff,1
87182eb5cffffff,1
871870d51ffffff,1
871908a6dffffff,1
87190dd20ffffff,1
87190eb6bffffff,1
871942071ffffff,1
871942ab3ffffff,1
87194304affffff,1
871943228ffffff,1
871943596ffffff,1
871943b02ffffff,1
871946c9bffffff,1
87194a060ffffff,1
87194a834ffffff,1
87194e4ceffffff,1
87194e741ffffff,1
87194eccaffffff,1
871951871ffffff,1
8719518ecffffff,1
871954d13ffffff,1
871954d1cffffff,1
871954d32ffffff,1
87195509dffffff,1
871955956ffffff,1
87195839affffff,1
871958760ffffff,1
871958a26ffffff,1
871959586ffffff,1
871959903ffffff,1
871959b60ffffff,1
87195a11bffffff,1
87195a52cffffff,1
87195b105ffffff,1
87195c92affffff,1
87195c969ffffff,1
87195cb00ffffff,1
87195cd52ffffff,1
87195d126ffffff,1
87195d24dffffff,1
87195d353ffffff,1
87195d71cffffff,1
87195d864ffffff,1
87195da0cffffff,1
87195daddffffff,1
87195db25ffffff,1
8719768eaffffff,1
871973d35ffffff,1
87182815dffffff,1
87182c6e2ffffff,1
87182c8e9ffffff,1
87182ec9cffffff,1
87190971dffffff,1
871909a52ffffff,1
87190dad3ffffff,1
87190e86effffff,1
871941366ffffff,1
87194279cffffff,1
8719429b1ffffff,1
871942c1bffffff,1
87194361cffffff,1
87194e00bffffff,1
87194e24affffff,1
87194e52cffffff,1
87194e728ffffff,1
8719510dbffffff,1
8719513acffffff,1
871951825ffffff,1
87195182affffff,1
871951ad5ffffff,1
871951b15ffffff,1
871951b65ffffff,1
871952d6dffffff,1
871954d91ffffff,1
871955490ffffff,1
871959a8affffff,1
87195a5b1ffffff,1
87195b8c1ffffff,1
87195c041ffffff,1
87195c2b0ffffff,1
87195c4a5ffffff,1
87195c874ffffff,1
87195cc2cffffff,1
87195cd56ffffff,1
87195cd83ffffff,1
87195d65bffffff,1
87195da51ffffff,1
87197216effffff,1
8719722b4ffffff,1
87197231affffff,1
871972619ffffff,1
871972624ffffff,1
871972724ffffff,1
871972762ffffff,1
871955a30ffffff,1
87180115affffff,1
87180cd25ffffff,1
87182544effffff,1
871828cddffffff,1
87182c1a8ffffff,1
87182ecd2ffffff,1
87190e051ffffff,1
87190e144ffffff,1
871928c73ffffff,1
871941174ffffff,1
87194279affffff,1
87194305effffff,1
87194619effffff,1
871948c9affffff,1
87194aa84ffffff,1
87194ad83ffffff,1
87194c5a5ffffff,1
87194e494ffffff,1
871951284ffffff,1
8719516caffffff,1
871951b1dffffff,1
8719528d6ffffff,1
8719529a1ffffff,1
871952d4effffff,1
871953343ffffff,1
87195565dffffff,1
871958740ffffff,1
871958769ffffff,1
8719591b2ffffff,1
871959306ffffff,1
871959311ffffff,1
871959798ffffff,1
8719599a4ffffff,1
87195ab05ffffff,1
87195b801ffffff,1
87195bc46ffffff,1
87195c943ffffff,1
87195cb5cffffff,1
87195d018ffffff,1
87195d092ffffff,1
87195d212ffffff,1
87195d968ffffff,1
87195da71ffffff,1
871973241ffffff,1
871973323ffffff,1
871976a92ffffff,1
872a4c144ffffff,1
871909728ffffff,1
8718218f3ffffff,1
87182a6c9ffffff,1
87182c65cffffff,1
87182c8f1ffffff,1
87182cc72ffffff,1
87182cd85ffffff,1
871874718ffffff,1
871874ae3ffffff,1
871908149ffffff,1
8719292d4ffffff,1
871940456ffffff,1
871941a94ffffff,1
871941a98ffffff,1
8719424f0ffffff,1
871943002ffffff,1
871943008ffffff,1
8719434caffffff,1
87194658cffffff,1
8719484a2ffffff,1
87194a914ffffff,1
871951770ffffff,1
87195181bffffff,1
871953a0affffff,1
87195450effffff,1
871958c0cffffff,1
871959723ffffff,1
871959149ffffff,1
87195a89bffffff,1
87195aa1cffffff,1
87195b4c9ffffff,1
87195b5a6ffffff,1
87195c71bffffff,1
87195c756ffffff,1
87195cab0ffffff,1
87195cad8ffffff,1
87195cc51ffffff,1
87195d22affffff,1
87195da75ffffff,1
87195dab4ffffff,1
8719738c5ffffff,1
871973a99ffffff,1
8719768ceffffff,1
871820358ffffff,1
8709a42daffffff,1
8709a686effffff,1
871821b4dffffff,1
871828972ffffff,1
871828c4effffff,1
87182a911ffffff,1
87182c2d9ffffff,1
87182ec68ffffff,1
871874391ffffff,1
87187494bffffff,1
87190d174ffffff,1
871928698ffffff,1
871928881ffffff,1
871942453ffffff,1
871942486ffffff,1
871942c6bffffff,1
871943368ffffff,1
87194365dffffff,1
871943c34ffffff,1
8719460a0ffffff,1
8719464a0ffffff,1
871946524ffffff,1
871948c0affffff,1
87194a910ffffff,1
87194ab82ffffff,1
87194e160ffffff,1
87194e48effffff,1
87194e842ffffff,1
871951069ffffff,1
871951232ffffff,1
871951873ffffff,1
871952092ffffff,1
871952651ffffff,1
871958068ffffff,1
871958d68ffffff,1
87195906dffffff,1
871959144ffffff,1
871959b1bffffff,1
87195b008ffffff,1
87195b18bffffff,1
87195bd4dffffff,1
87195c0aaffffff,1
87195c719ffffff,1
87195c870ffffff,1
87195d16effffff,1
87195d32bffffff,1
87195d78affffff,1
87195d803ffffff,1
8719732e4ffffff,1
871973421ffffff,1
871973cdbffffff,1
871976014ffffff,1
871976c62ffffff,1
871801a4cffffff,1
87182174bffffff,1
8718252a9ffffff,1
871825845ffffff,1
87182a748ffffff,1
87182c025ffffff,1
87182c11dffffff,1
871874002ffffff,1
8718740d4ffffff,1
87187485cffffff,1
87190b315ffffff,1
87190b98cffffff,1
871940412ffffff,1
871940701ffffff,1
871942074ffffff,1
8719422ebffffff,1
87194298cffffff,1
871942c4cffffff,1
871942cccffffff,1
871943041ffffff,1
87194361dffffff,1
87194365effffff,1
8719464f4ffffff,1
87194852affffff,1
87194a132ffffff,1
87194e533ffffff,1
87194e965ffffff,1
87194ec4affffff,1
87194edb2ffffff,1
871953ad5ffffff,1
871954d64ffffff,1
871955d02ffffff,1
871956836ffffff,1
87195888affffff,1
871959b5affffff,1
87195aba5ffffff,1
87195bae5ffffff,1
87195c045ffffff,1
87195c875ffffff,1
87195cc72ffffff,1
87195da83ffffff,1
87195dc25ffffff,1
87195dc50ffffff,1
8719724c2ffffff,1
871973260ffffff,1
87194e510ffffff,1
87194ac28ffffff,1
8709a4713ffffff,1
871801960ffffff,1
871821410ffffff,1
871828441ffffff,1
871828b80ffffff,1
87182c78bffffff,1
87182c8e8ffffff,1
871909a4affffff,1
871909af1ffffff,1
87192b68effffff,1
871940436ffffff,1
871941129ffffff,1
871942092ffffff,1
871942412ffffff,1
87194265bffffff,1
87194381cffffff,1
8719465b3ffffff,1
87194ac50ffffff,1
87194ac8affffff,1
87194acd6ffffff,1
87194e65bffffff,1
87194ec81ffffff,1
871951886ffffff,1
871951944ffffff,1
871951a82ffffff,1
87195569cffffff,1
87195879dffffff,1
8719594abffffff,1
87195b7b4ffffff,1
87195b806ffffff,1
87195c021ffffff,1
87195c26dffffff,1
87195c8c5ffffff,1
87195caadffffff,1
87195d704ffffff,1
87195d711ffffff,1
87195da72ffffff,1
87195db50ffffff,1
87195dd63ffffff,1
87195e711ffffff,1
871972628ffffff,1
8719727a9ffffff,1
871973252ffffff,1
871976d6dffffff,1
87194a072ffffff,1
8709a0919ffffff,1
871805982ffffff,1
871805b15ffffff,1
871820aa8ffffff,1
87182158dffffff,1
87182a70effffff,1
87182ab93ffffff,1
87182c75effffff,1
87182c7a4ffffff,1
87182c88dffffff,1
87182c9b1ffffff,1
87182e5acffffff,1
871874392ffffff,1
871874aedffffff,1
87190839cffffff,1
871909aa5ffffff,1
87190d80dffffff,1
87190e01bffffff,1
871941363ffffff,1
871941aa1ffffff,1
871942085ffffff,1
8719420ebffffff,1
8719425a4ffffff,1
871942b9cffffff,1
871943529ffffff,1
87194a529ffffff,1
87194ad59ffffff,1
87194e46effffff,1
871951120ffffff,1
871951aa1ffffff,1
8719532eaffffff,1
871954db6ffffff,1
871955123ffffff,1
871958144ffffff,1
8719582aeffffff,1
87195a852ffffff,1
87195bc6cffffff,1
87195c01cffffff,1
87195cd8affffff,1
87195d462ffffff,1
87195d4ebffffff,1
87195d6d0ffffff,1
87195dc30ffffff,1
871972746ffffff,1
871972c0dffffff,1
87197320dffffff,1
87197326effffff,1
87197331bffffff,1
87197604effffff,1
871801b25ffffff,1
8718236d8ffffff,1
871823730ffffff,1
8718252c1ffffff,1
871828416ffffff,1
871874861ffffff,1
871874adcffffff,1
871909acaffffff,1
871909bacffffff,1
87194069cffffff,1
8719410a9ffffff,1
871941115ffffff,1
8719412a8ffffff,1
8719423b2ffffff,1
8719426daffffff,1
871942b91ffffff,1
87194358cffffff,1
87194359bffffff,1
871943a11ffffff,1
871943c45ffffff,1
87194a808ffffff,1
87194e396ffffff,1
87194e45bffffff,1
87194e6d2ffffff,1
87194ec15ffffff,1
87195180effffff,1
871951883ffffff,1
8719518b6ffffff,1
871955173ffffff,1
871958842ffffff,1
871958905ffffff,1
871958b5effffff,1
871958cc4ffffff,1
871959146ffffff,1
8719598d8ffffff,1
871959941ffffff,1
87195a51dffffff,1
87195ab96ffffff,1
87195b6f3ffffff,1
87195b80effffff,1
87195b8acffffff,1
87195ba32ffffff,1
87195c002ffffff,1
87195c062ffffff,1
87195c762ffffff,1
87195ca44ffffff,1
87195cb21ffffff,1
87195cd13ffffff,1
87195d51affffff,1
87195d60bffffff,1
87195d892ffffff,1
87195dab5ffffff,1
87195db2effffff,1
87195dc46ffffff,1
871972399ffffff,1
871972792ffffff,1
8719728b0ffffff,1
871972cc9ffffff,1
87197334effffff,1
87197399bffffff,1
8709a4745ffffff,1
871828c06ffffff,1
87182c332ffffff,1
87182d2d8ffffff,1
8718746adffffff,1
8719093b2ffffff,1
8719092f2ffffff,1
871909af6ffffff,1
871941006ffffff,1
8719413b0ffffff,1
871941741ffffff,1
871942286ffffff,1
8719426e9ffffff,1
871942a92ffffff,1
871943224ffffff,1
871943275ffffff,1
8719434c3ffffff,1
87194655effffff,1
8719465aaffffff,1
871948cceffffff,1
87194a115ffffff,1
87194ad6bffffff,1
87194c484ffffff,1
87194e00cffffff,1
87194e2b3ffffff,1
87194e2b4ffffff,1
871950c92ffffff,1
871951ab2ffffff,1
871952d69ffffff,1
87195696dffffff,1
87195805cffffff,1
8719583a8ffffff,1
87195874affffff,1
871958a2dffffff,1
871958c01ffffff,1
871958c25ffffff,1
87195ab73ffffff,1
87195b481ffffff,1
87195caa2ffffff,1
87195cc0affffff,1
87195ccccffffff,1
87195d343ffffff,1
87195d461ffffff,1
87195d396ffffff,1
87195d958ffffff,1
87195db56ffffff,1
87195e46bffffff,1
871972af1ffffff,1
871973242ffffff,1
871941194ffffff,1
871976059ffffff,1
8709a4626ffffff,1
871821b2effffff,1
871825c2dffffff,1
87182c8e3ffffff,1
871909c49ffffff,1
87190b9aaffffff,1
8719422e9ffffff,1
8719426b3ffffff,1
8719426e1ffffff,1
871942792ffffff,1
87194298dffffff,1
871943210ffffff,1
8719435b2ffffff,1
87194618bffffff,1
87194a884ffffff,1
87194e012ffffff,1
87194e604ffffff,1
871953361ffffff,1
871955496ffffff,1
871958242ffffff,1
87195858cffffff,1
871958663ffffff,1
871958692ffffff,1
87195876bffffff,1
871959166ffffff,1
8719594f5ffffff,1
87195b461ffffff,1
87195b7aeffffff,1
87195b973ffffff,1
87195c441ffffff,1
87195c8e9ffffff,1
87195ca1effffff,1
87195d152ffffff,1
87195d56effffff,1
87195d652ffffff,1
87195d683ffffff,1
87195d718ffffff,1
87195d72effffff,1
87195ecaeffffff,1
871973162ffffff,1
871973ab0ffffff,1
87194e99dffffff,1
871805b6affffff,1
871825cdaffffff,1
87182c885ffffff,1
87182e129ffffff,1
87182e544ffffff,1
871874aa9ffffff,1
871908295ffffff,1
87190921bffffff,1
871909ae0ffffff,1
871940cd0ffffff,1
871941012ffffff,1
871942016ffffff,1
87194205effffff,1
8719424b6ffffff,1
8719426a2ffffff,1
871943054ffffff,1
871943218ffffff,1
871946466ffffff,1
87194665effffff,1
871948cc8ffffff,1
87194a080ffffff,1
87194a0a2ffffff,1
87194ac53ffffff,1
87195da5affffff,1
87194e054ffffff,1
87194e216ffffff,1
8719513a4ffffff,1
871951815ffffff,1
8719518b2ffffff,1
8719518edffffff,1
871951a05ffffff,1
871951a11ffffff,1
871951a9cffffff,1
871951b0cffffff,1
87195432bffffff,1
871954974ffffff,1
87195805affffff,1
871958066ffffff,1
8719584ccffffff,1
871958673ffffff,1
87195931effffff,1
871959d41ffffff,1
87195a155ffffff,1
87195ab71ffffff,1
87195b96effffff,1
87195bc20ffffff,1
87195c323ffffff,1
87195cc32ffffff,1
87195d776ffffff,1
87195da1effffff,1
87195dc6dffffff,1
871972083ffffff,1
871972320ffffff,1
871972336ffffff,1
8719734acffffff,1
871976880ffffff,1
87197688affffff,1
87195ca9affffff,1
871958058ffffff,1
87182004cffffff,1
87182c119ffffff,1
87182c28dffffff,1
871870cb6ffffff,1
871874b24ffffff,1
871909332ffffff,1
87192939affffff,1
87192964dffffff,1
87194158bffffff,1
871942750ffffff,1
871942916ffffff,1
87194305bffffff,1
871943c72ffffff,1
87194a0b3ffffff,1
87194ace0ffffff,1
87194ad52ffffff,1
87194c512ffffff,1
8719518c9ffffff,1
871951b30ffffff,1
871954d89ffffff,1
8719580e5ffffff,1
871959542ffffff,1
871959915ffffff,1
871959b13ffffff,1
871959b76ffffff,1
87195ab25ffffff,1
87195ab63ffffff,1
87195c08dffffff,1
87195c330ffffff,1
87195c3a8ffffff,1
87195c5aeffffff,1
87195d019ffffff,1
87195d26affffff,1
87195d89effffff,1
87194638bffffff,1
87180cda0ffffff,1
87182025dffffff,1
871828d63ffffff,1
87182a048ffffff,1
87182a0e9ffffff,1
87182a9a1ffffff,1
87182acf0ffffff,1
87182c149ffffff,1
87190ba08ffffff,1
87190d69effffff,1
87192aac2ffffff,1
87194045effffff,1
8719410ecffffff,1
871942188ffffff,1
8719421a3ffffff,1
871942465ffffff,1
871942751ffffff,1
871942a95ffffff,1
871942b80ffffff,1
871942d71ffffff,1
871943495ffffff,1
8719436a8ffffff,1
87194841cffffff,1
871948cc9ffffff,1
87194a0d4ffffff,1
87194a585ffffff,1
87194a5a5ffffff,1
87194a8e2ffffff,1
87194ad98ffffff,1
87194e104ffffff,1
87194e742ffffff,1
87194e76dffffff,1
87195202effffff,1
871952cd0ffffff,1
871953b6cffffff,1
87195459effffff,1
871954d1effffff,1
871958214ffffff,1
87195865cffffff,1
87195ac0dffffff,1
87195b524ffffff,1
87195b725ffffff,1
87195c0abffffff,1
87195c0ceffffff,1
87195d031ffffff,1
87195d0ceffffff,1
87195d262ffffff,1
87195d64effffff,1
87195d8f4ffffff,1
87195dc48ffffff,1
871972613ffffff,1
871973a95ffffff,1
871801840ffffff,1
87180ccb4ffffff,1
87180cd66ffffff,1
871821841ffffff,1
87182c132ffffff,1
87182c203ffffff,1
87182c8d9ffffff,1
87182e0c1ffffff,1
8718746a9ffffff,1
871909aadffffff,1
87192b381ffffff,1
87194055dffffff,1
871941096ffffff,1
871941af3ffffff,1
871942208ffffff,1
8719423b0ffffff,1
871942ae1ffffff,1
8719464f0ffffff,1
871946c83ffffff,1
871948528ffffff,1
87194a0b2ffffff,1
87194a1b5ffffff,1
87194a813ffffff,1
87194a95bffffff,1
87194ac71ffffff,1
87194accdffffff,1
87194e4d0ffffff,1
87194e62cffffff,1
87194e65affffff,1
87195114affffff,1
871951a83ffffff,1
871954d75ffffff,1
87195815dffffff,1
87195819dffffff,1
87195876effffff,1
871959170ffffff,1
87195944effffff,1
871959c71ffffff,1
87195a013ffffff,1
87195a420ffffff,1
87195a8f0ffffff,1
87195a91effffff,1
87195ab6cffffff,1
87195caa8ffffff,1
87195cb70ffffff,1
87195d242ffffff,1
87195d24cffffff,1
87195ec80ffffff,1
87197270cffffff,1
8719728a1ffffff,1
871973251ffffff,1
87190c644ffffff,1
87194a05effffff,1
8709a47b3ffffff,1
871820ad1ffffff,1
8718232a5ffffff,1
871825846ffffff,1
87182c133ffffff,1
87182c8c4ffffff,1
87182e015ffffff,1
87182ea9dffffff,1
871870d30ffffff,1
871874a43ffffff,1
871909285ffffff,1
871909a5cffffff,1
87194059bffffff,1
871941354ffffff,1
8719424c9ffffff,1
8719424e9ffffff,1
871943470ffffff,1
87194360cffffff,1
87194a455ffffff,1
87194a986ffffff,1
87194e52affffff,1
87194e80cffffff,1
87194e9a2ffffff,1
871951968ffffff,1
871951a03ffffff,1
871951b98ffffff,1
87195544affffff,1
871955656ffffff,1
871956c55ffffff,1
87195854dffffff,1
871959315ffffff,1
871959461ffffff,1
87195982bffffff,1
87195a10effffff,1
87195ad98ffffff,1
87195b55dffffff,1
87195bc44ffffff,1
87195c05dffffff,1
87195c256ffffff,1
87195c442ffffff,1
87195c540ffffff,1
87195c550ffffff,1
87195c730ffffff,1
87195cc21ffffff,1
87195ccb1ffffff,1
87195ccedffffff,1
87195d473ffffff,1
87195da92ffffff,1
87195db4affffff,1
87195e2d8ffffff,1
87195e461ffffff,1
8719726f6ffffff,1
871972795ffffff,1
871973cd2ffffff,1
8719768c2ffffff,1
87194e8cdffffff,1
87194e862ffffff,1
87194058cffffff,1
871955398ffffff,1
871821accffffff,1
87182e6deffffff,1
871874103ffffff,1
871874760ffffff,1
871875d30ffffff,1
87190d20cffffff,1
87192a665ffffff,1
871941049ffffff,1
8719420c3ffffff,1
871942112ffffff,1
871942143ffffff,1
8719423b6ffffff,1
871942800ffffff,1
871942cc0ffffff,1
871943271ffffff,1
871943bb2ffffff,1
87194a945ffffff,1
87194e39bffffff,1
87194e609ffffff,1
87194e6dcffffff,1
87194ec8cffffff,1
87195094bffffff,1
87195115affffff,1
871951830ffffff,1
871953ad9ffffff,1
871956359ffffff,1
8719566ecffffff,1
871958a72ffffff,1
871959b55ffffff,1
871959c1affffff,1
871959ce6ffffff,1
87195a11dffffff,1
87195b093ffffff,1
87195b571ffffff,1
87195bd68ffffff,1
87195c3a6ffffff,1
87195c754ffffff,1
87195cb0effffff,1
87195d04effffff,1
87195d0abffffff,1
87195d248ffffff,1
87195d44dffffff,1
87195da06ffffff,1
87195dd6effffff,1
87197239affffff,1
8719726a0ffffff,1
871972cc4ffffff,1
871973d30ffffff,1
871942561ffffff,1
871801071ffffff,1
871823208ffffff,1
871823242ffffff,1
871825293ffffff,1
8718288b2ffffff,1
87182a3b2ffffff,1
87182aa35ffffff,1
87182c8c5ffffff,1
871874330ffffff,1
87190985bffffff,1
87190e8cdffffff,1
8719296f4ffffff,1
87192b674ffffff,1
871941026ffffff,1
871941062ffffff,1
8719422d0ffffff,1
8719426b5ffffff,1
871942b0cffffff,1
871943162ffffff,1
87194632affffff,1
87194655cffffff,1
87194a086ffffff,1
87194acf1ffffff,1
87194acf2ffffff,1
87194e592ffffff,1
87194e76bffffff,1
87194e770ffffff,1
87194e82bffffff,1
87194e990ffffff,1
87194ecdeffffff,1
871951a50ffffff,1
871951b6cffffff,1
871952ce5ffffff,1
8719580d0ffffff,1
8719582aaffffff,1
8719583a3ffffff,1
871958472ffffff,1
871958783ffffff,1
8719588ddffffff,1
871958a71ffffff,1
871959953ffffff,1
87195b0a3ffffff,1
87195b722ffffff,1
87195b726ffffff,1
87195c023ffffff,1
87195c075ffffff,1
87195c0c4ffffff,1
87195c0c6ffffff,1
87195c462ffffff,1
87195caceffffff,1
87195d58effffff,1
87195d763ffffff,1
87195dd5bffffff,1
87197616dffffff,1
8719092e0ffffff,1
87194a4e6ffffff,1
871825b45ffffff,1
871828868ffffff,1
87182e459ffffff,1
87182e656ffffff,1
87182eb40ffffff,1
8718748e2ffffff,1
87190892dffffff,1
871909a49ffffff,1
87190dd05ffffff,1
87190ea59ffffff,1
87190ea73ffffff,1
87192ba63ffffff,1
871940403ffffff,1
87194105dffffff,1
871941305ffffff,1
871941709ffffff,1
871942032ffffff,1
871942320ffffff,1
871942752ffffff,1
871948cdcffffff,1
87194ace8ffffff,1
87194e85bffffff,1
871951a20ffffff,1
871951b4dffffff,1
871951b81ffffff,1
8719584a9ffffff,1
87195884affffff,1
87195944dffffff,1
871959716ffffff,1
871959b65ffffff,1
87195aa45ffffff,1
87195aa74ffffff,1
87195b54cffffff,1
87195d012ffffff,1
87195d06effffff,1
87195d225ffffff,1
87195d49bffffff,1
87195d598ffffff,1
87195d745ffffff,1
87195d90cffffff,1
87195dd65ffffff,1
87195dda6ffffff,1
87195e974ffffff,1
8719720b0ffffff,1
871972782ffffff,1
87194ac64ffffff,1
871942841ffffff,1
871805aaaffffff,1
871823074ffffff,1
8718281b2ffffff,1
87182a853ffffff,1
87182ac81ffffff,1
87182c329ffffff,1
87182cd94ffffff,1
87182e71cffffff,1
871874a6cffffff,1
87190898effffff,1
871908b68ffffff,1
871909229ffffff,1
871909c11ffffff,1
87194070dffffff,1
871940793ffffff,1
8719421a0ffffff,1
8719422dbffffff,1
8719424c2ffffff,1
87194291dffffff,1
871942a80ffffff,1
871942c44ffffff,1
871942c55ffffff,1
871943b2effffff,1
87194619dffffff,1
871948515ffffff,1
87194a125ffffff,1
87194a796ffffff,1
87194c499ffffff,1
87194e8f1ffffff,1
87194ec82ffffff,1
871951168ffffff,1
87195180cffffff,1
8719518f2ffffff,1
871954d33ffffff,1
871958166ffffff,1
871958488ffffff,1
871959114ffffff,1
871959151ffffff,1
8719597b1ffffff,1
87195a0adffffff,1
87195aa76ffffff,1
87195b0b5ffffff,1
87195c14cffffff,1
87195c14dffffff,1
87195c90dffffff,1
87195d292ffffff,1
87195d8c3ffffff,1
87195dcd3ffffff,1
87195ec84ffffff,1
87195ec88ffffff,1
871972720ffffff,1
871973330ffffff,1
871976d80ffffff,1
8718280a8ffffff,1
87182e18cffffff,1
87190125effffff,1
871908b61ffffff,1
871909053ffffff,1
87190932affffff,1
8719096e5ffffff,1
871909a50ffffff,1
871909a55ffffff,1
871909ad1ffffff,1
8719296c3ffffff,1
87194054cffffff,1
871941070ffffff,1
871941154ffffff,1
8719412caffffff,1
87194208dffffff,1
8719423b3ffffff,1
871942556ffffff,1
871942c9affffff,1
871943263ffffff,1
8719436e5ffffff,1
87194655affffff,1
8719464daffffff,1
871948488ffffff,1
871948c9effffff,1
87194a0b6ffffff,1
87194a1b0ffffff,1
87194a794ffffff,1
87194ac10ffffff,1
87194acdeffffff,1
87194e142ffffff,1
87194e754ffffff,1
87195180dffffff,1
8719580f2ffffff,1
87195882effffff,1
871958b4cffffff,1
87195b001ffffff,1
87195c1a5ffffff,1
87195cb0bffffff,1
87195cb71ffffff,1
87195cc2bffffff,1
871972718ffffff,1
871972733ffffff,1
871972b92ffffff,1
871973225ffffff,1
871973165ffffff,1
87195846cffffff,1
87195c81bffffff,1
8719412d2ffffff,1
871805b4affffff,1
871820a5dffffff,1
8718232c1ffffff,1
87182555cffffff,1
871825c41ffffff,1
87182a300ffffff,1
87182d20dffffff,1
87182e06effffff,1
871874625ffffff,1
871909306ffffff,1
87192b718ffffff,1
871940423ffffff,1
871940428ffffff,1
871941231ffffff,1
8719413a4ffffff,1
871941796ffffff,1
87194214effffff,1
871942200ffffff,1
871942209ffffff,1
871942ca8ffffff,1
871942cc8ffffff,1
871943612ffffff,1
87194a7a5ffffff,1
87194a85dffffff,1
87194e49affffff,1
87194e505ffffff,1
87194e605ffffff,1
87194e6e4ffffff,1
87194ec4dffffff,1
871951171ffffff,1
8719512f6ffffff,1
8719580f3ffffff,1
871958311ffffff,1
871958396ffffff,1
8719584adffffff,1
8719591a9ffffff,1
871959301ffffff,1
87195a428ffffff,1
87195ab50ffffff,1
87195ad86ffffff,1
87195b0aeffffff,1
87195b16bffffff,1
87195cb13ffffff,1
87195d370ffffff,1
87195dacbffffff,1
87195ec92ffffff,1
871973234ffffff,1
871973295ffffff,1
871973b9affffff,1
871976745ffffff,1
87de70703ffffff,1
871874ae0ffffff,1
871870d15ffffff,1
8709a40d9ffffff,1
8709a6b22ffffff,1
87182c118ffffff,1
87182c448ffffff,1
87182e504ffffff,1
87182e60affffff,1
871874316ffffff,1
871875d0affffff,1
871875db4ffffff,1
871908145ffffff,1
87190e316ffffff,1
871941266ffffff,1
871942218ffffff,1
8719422f6ffffff,1
8719430f2ffffff,1
87194e2b6ffffff,1
87194e44effffff,1
87194e61dffffff,1
87194e65effffff,1
87194e800ffffff,1
87194e8d2ffffff,1
87195194effffff,1
871951b46ffffff,1
8719552caffffff,1
871955c36ffffff,1
871958656ffffff,1
8719587aeffffff,1
871958a04ffffff,1
8719593a2ffffff,1
871959861ffffff,1
871959965ffffff,1
87195996dffffff,1
87195b180ffffff,1
87195b8b6ffffff,1
87195ba26ffffff,1
87195bab6ffffff,1
87195c8ddffffff,1
87195c94dffffff,1
87195d348ffffff,1
87195d484ffffff,1
87195d4f3ffffff,1
87195d54effffff,1
87195da81ffffff,1
87195dcc5ffffff,1
87197335cffffff,1
8719734aeffffff,1
871973a8dffffff,1
87195bd69ffffff,1
87182561dffffff,1
87182c501ffffff,1
87182c529ffffff,1
87182ca90ffffff,1
871909a00ffffff,1
87192b324ffffff,1
87194019dffffff,1
871942073ffffff,1
871942425ffffff,1
871942574ffffff,1
87194262bffffff,1
871942834ffffff,1
871942ccaffffff,1
87194362effffff,1
8719485a4ffffff,1
87194a460ffffff,1
87194a4c5ffffff,1
87194ac81ffffff,1
87194ad73ffffff,1
87194e844ffffff,1
871950964ffffff,1
871951a23ffffff,1
871952093ffffff,1
87195268cffffff,1
871952ceaffffff,1
871953a51ffffff,1
871953ac1ffffff,1
871954514ffffff,1
871958b40ffffff,1
871959119ffffff,1
871959920ffffff,1
871959926ffffff,1
871959a93ffffff,1
871959b29ffffff,1
871959d14ffffff,1
87195a584ffffff,1
87195aa06ffffff,1
87195b081ffffff,1
87195b79dffffff,1
87195bc5effffff,1
87195c41effffff,1
87195cc00ffffff,1
87195cdb2ffffff,1
87195d025ffffff,1
87195d674ffffff,1
87195d7b1ffffff,1
87195da16ffffff,1
87195daf2ffffff,1
8719727b2ffffff,1
87197332effffff,1
871973329ffffff,1
871973591ffffff,1
87197330bffffff,1
871825240ffffff,1
871825719ffffff,1
871825b1cffffff,1
871825c53ffffff,1
87182a199ffffff,1
87182c0a6ffffff,1
87182c0b0ffffff,1
871874612ffffff,1
871874720ffffff,1
8719092f4ffffff,1
871909b43ffffff,1
87190c0f5ffffff,1
87190c2aaffffff,1
87190e3b0ffffff,1
87192a068ffffff,1
8719410ebffffff,1
871942596ffffff,1
871942a31ffffff,1
871942cedffffff,1
87194321cffffff,1
871943276ffffff,1
8719436a0ffffff,1
871943c53ffffff,1
87194651dffffff,1
87194666bffffff,1
871946ac8ffffff,1
871946ad6ffffff,1
87194a723ffffff,1
87194a9b2ffffff,1
87195130bffffff,1
871951912ffffff,1
87195196affffff,1
871951a41ffffff,1
871951a8dffffff,1
871954148ffffff,1
871954495ffffff,1
871954c2effffff,1
8719580d9ffffff,1
871958168ffffff,1
871958346ffffff,1
871959cb2ffffff,1
87195a02dffffff,1
87195a2aeffffff,1
87195a841ffffff,1
87195aa23ffffff,1
87195b021ffffff,1
87195b471ffffff,1
87195c009ffffff,1
87195c2c8ffffff,1
87195cd0effffff,1
87195d773ffffff,1
8719728a2ffffff,1
87197325bffffff,1
871973d76ffffff,1
87192aa0bffffff,1
87195dd12ffffff,1
8718059a8ffffff,1
87182586cffffff,1
871828830ffffff,1
87182a049ffffff,1
87182c9b3ffffff,1
87182e62dffffff,1
871875d02ffffff,1
871909a89ffffff,1
87194065bffffff,1
871942181ffffff,1
871942691ffffff,1
871942769ffffff,1
87194a026ffffff,1
87194aa86ffffff,1
87194ab8bffffff,1
87194ac2affffff,1
87194ac91ffffff,1
87194ad46ffffff,1
87194e298ffffff,1
87194e2d2ffffff,1
87194e6a8ffffff,1
87194e6d9ffffff,1
871951ab1ffffff,1
871951af0ffffff,1
871955746ffffff,1
87195874cffffff,1
8719588e5ffffff,1
871959302ffffff,1
871959831ffffff,1
871959906ffffff,1
87195a413ffffff,1
87195ac42ffffff,1
87195c32dffffff,1
87195c62affffff,1
87195c69affffff,1
87195d26cffffff,1
87195d313ffffff,1
87195d724ffffff,1
87195d734ffffff,1
87195d8ceffffff,1
87195ece1ffffff,1
87197289effffff,1
871973275ffffff,1
87197330affffff,1
87195b8a6ffffff,1
871821258ffffff,1
871825b02ffffff,1
871828523ffffff,1
87182d208ffffff,1
87182e5a1ffffff,1
87182e82effffff,1
87182ea2affffff,1
871874743ffffff,1
871940710ffffff,1
8719424c8ffffff,1
87194254effffff,1
8719425a6ffffff,1
87194284affffff,1
87194601affffff,1
8719462a1ffffff,1
87194858affffff,1
87194ac83ffffff,1
87194e49dffffff,1
87194e502ffffff,1
8719513a5ffffff,1
87195299effffff,1
871953ac4ffffff,1
87195550affffff,1
87195805dffffff,1
8719584e1ffffff,1
871958723ffffff,1
871958b76ffffff,1
871959910ffffff,1
87195ab2bffffff,1
87195bb0bffffff,1
87195bc71ffffff,1
87195c64effffff,1
87195d06bffffff,1
87195d094ffffff,1
87195d8a9ffffff,1
87195db15ffffff,1
8719723a5ffffff,1
871973249ffffff,1
8719732ebffffff,1
87190881effffff,1
8719585abffffff,1
871823a65ffffff,1
871828013ffffff,1
87182882cffffff,1
871828d49ffffff,1
87182a868ffffff,1
87182c8ceffffff,1
87182cc19ffffff,1
87187481effffff,1
871901272ffffff,1
87190932bffffff,1
871909a68ffffff,1
87190d388ffffff,1
87190eaeaffffff,1
8719402c3ffffff,1
87194212affffff,1
8719424f4ffffff,1
871943009ffffff,1
871943269ffffff,1
871943359ffffff,1
87194a0c3ffffff,1
87194a7b5ffffff,1
87194a9a6ffffff,1
87194ab8effffff,1
87194ace3ffffff,1
87194ad5effffff,1
87194ad92ffffff,1
87194e0acffffff,1
87194e2b2ffffff,1
87194e38affffff,1
87194e390ffffff,1
87194e5adffffff,1
87194e6b0ffffff,1
871951b01ffffff,1
871951ba3ffffff,1
8719588ceffffff,1
871959331ffffff,1
871959465ffffff,1
8719597b5ffffff,1
87195b8e0ffffff,1
87195bd9dffffff,1
87195d213ffffff,1
87195d234ffffff,1
87195d333ffffff,1
87195d36affffff,1
87195d625ffffff,1
87195d885ffffff,1
87195d8d4ffffff,1
87195db05ffffff,1
87195e24bffffff,1
87195e6c5ffffff,1
8719732eaffffff,1
871973a88ffffff,1
871976884ffffff,1
871821895ffffff,1
871823613ffffff,1
87182856affffff,1
87182a39dffffff,1
87182aa72ffffff,1
87182e316ffffff,1
87182ed43ffffff,1
871909a5dffffff,1
87190b9abffffff,1
8719421b5ffffff,1
87194235cffffff,1
871942c1affffff,1
871942d50ffffff,1
871943b2cffffff,1
871946484ffffff,1
87194a786ffffff,1
87194a922ffffff,1
87194a9b1ffffff,1
87194e098ffffff,1
87194e625ffffff,1
87194eb91ffffff,1
87194ec02ffffff,1
871951399ffffff,1
871951a01ffffff,1
871951a1bffffff,1
871821b26ffffff,1
8719569a8ffffff,1
87195835effffff,1
8719584f5ffffff,1
8719590e0ffffff,1
871959793ffffff,1
87195aa16ffffff,1
87195b7adffffff,1
87195cb51ffffff,1
87195d32dffffff,1
87195d366ffffff,1
87195d626ffffff,1
87195da13ffffff,1
87195dd1dffffff,1
8719722a4ffffff,1
871943042ffffff,1
871828ba0ffffff,2
871874adbffffff,2
87194041dffffff,2
871940441ffffff,2
8719410c1ffffff,2
87194a446ffffff,2
87194acf0ffffff,2
87194e61bffffff,2
87195180affffff,2
87195198affffff,2
871951aaaffffff,2
871959115ffffff,2
871959a32ffffff,2
87195c2a1ffffff,2
871973a83ffffff,2
87182a3a6ffffff,2
87182c89cffffff,2
871909b4affffff,2
871941464ffffff,2
871942620ffffff,2
87194a560ffffff,2
871955736ffffff,2
8719584c4ffffff,2
871958856ffffff,2
871959730ffffff,2
87195a889ffffff,2
87195b704ffffff,2
87195c015ffffff,2
87195c39dffffff,2
87195c3a4ffffff,2
87195d30bffffff,2
8719724d1ffffff,2
871973204ffffff,2
871973345ffffff,2
87182aadcffffff,2
87194168bffffff,2
8719421b3ffffff,2
87194ac82ffffff,2
87194ad84ffffff,2
87194e6e8ffffff,2
87194e948ffffff,2
871951822ffffff,2
871951a12ffffff,2
87195564bffffff,2
871959b8affffff,2
87195c380ffffff,2
87195d2acffffff,2
87195da2bffffff,2
87195db0dffffff,2
8718284b6ffffff,2
87182ca83ffffff,2
871908af3ffffff,2
871909233ffffff,2
8719422e3ffffff,2
871942c5bffffff,2
871946575ffffff,2
871948c0effffff,2
87194e2ddffffff,2
871955682ffffff,2
871955684ffffff,2
87195c629ffffff,2
87195cadeffffff,2
87195d318ffffff,2
87195dd45ffffff,2
87195dd52ffffff,2
871821acdffffff,2
8718238f0ffffff,2
87182c8c1ffffff,2
87190baadffffff,2
87194254cffffff,2
871942ca9ffffff,2
87194a5b2ffffff,2
87194a795ffffff,2
87194acc5ffffff,2
87194e755ffffff,2
871955b0dffffff,2
871958059ffffff,2
871959095ffffff,2
87195a156ffffff,2
87195ab65ffffff,2
87195c98cffffff,2
87195d6e1ffffff,2
871820aacffffff,2
87187468dffffff,2
871874b49ffffff,2
871909aa9ffffff,2
87192b19cffffff,2
871942394ffffff,2
871943176ffffff,2
87194a199ffffff,2
87194aa80ffffff,2
87194e1b6ffffff,2
87194e95dffffff,2
8719510e1ffffff,2
871951b89ffffff,2
871954da5ffffff,2
871959819ffffff,2
87195a88bffffff,2
87195cab4ffffff,2
87195cca2ffffff,2
87195d88dffffff,2
8719732c6ffffff,2
8719768d9ffffff,2
871828d8effffff,2
87182e491ffffff,2
871874ac0ffffff,2
871909b45ffffff,2
87190d854ffffff,2
8719413b4ffffff,2
871942163ffffff,2
871942790ffffff,2
87194300dffffff,2
87194e0a9ffffff,2
87195162bffffff,2
871951b0dffffff,2
871958400ffffff,2
871958768ffffff,2
871958b9affffff,2
87195cc04ffffff,2
871821d9dffffff,2
871874766ffffff,2
87194ac01ffffff,2
87194e683ffffff,2
87194ec9cffffff,2
871951029ffffff,2
8719518caffffff,2
871951b29ffffff,2
8719543b4ffffff,2
871954590ffffff,2
871955345ffffff,2
871959020ffffff,2
87195ab33ffffff,2
87195b788ffffff,2
87195c0f6ffffff,2
87195cb73ffffff,2
87195cd0affffff,2
87195d088ffffff,2
87195d995ffffff,2
87195da8bffffff,2
87195db6effffff,2
8719724d9ffffff,2
871972cc6ffffff,2
871973354ffffff,2
8719761b5ffffff,2
871976b93ffffff,2
871941723ffffff,2
8719422a6ffffff,2
871946cb6ffffff,2
87194a0eaffffff,2
87194e034ffffff,2
87194e534ffffff,2
871951b45ffffff,2
87195c64affffff,2
87195ca01ffffff,2
871972294ffffff,2
8719726d1ffffff,2
871801865ffffff,2
87182c502ffffff,2
87190932effffff,2
87192b341ffffff,2
871942141ffffff,2
8719424d0ffffff,2
871946024ffffff,2
87194e486ffffff,2
871951020ffffff,2
87195105effffff,2
87195271affffff,2
871955205ffffff,2
871958986ffffff,2
871959441ffffff,2
87195a16effffff,2
87195b906ffffff,2
87195c0dbffffff,2
87195c649ffffff,2
87195d151ffffff,2
87195d38affffff,2
87195d742ffffff,2
87195d80dffffff,2
8719720e6ffffff,2
8719727abffffff,2
87197332affffff,2
871828cd4ffffff,2
87182c52dffffff,2
8719413a0ffffff,2
87194374bffffff,2
87195879cffffff,2
871959888ffffff,2
871959cc3ffffff,2
87195cb15ffffff,2
87195d70effffff,2
87195daa4ffffff,2
871874badffffff,2
87194136effffff,2
871946782ffffff,2
87194a4a6ffffff,2
87194a546ffffff,2
87194a901ffffff,2
87194a98affffff,2
87194aca5ffffff,2
87194e72cffffff,2
8719518f3ffffff,2
871952cc6ffffff,2
8719586e4ffffff,2
8719597a0ffffff,2
871959889ffffff,2
871959964ffffff,2
871959b1cffffff,2
87195c876ffffff,2
87195ca43ffffff,2
87195d594ffffff,2
87182a31affffff,2
8718746edffffff,2
871909b5bffffff,2
8719428f1ffffff,2
87194656bffffff,2
871946cdbffffff,2
87194e19bffffff,2
87194e418ffffff,2
87194e870ffffff,2
871951b2dffffff,2
87195544cffffff,2
871958836ffffff,2
8719588e3ffffff,2
87195900cffffff,2
87195b176ffffff,2
87195b732ffffff,2
87195d254ffffff,2
87195da73ffffff,2
87195db68ffffff,2
871801830ffffff,2
871940404ffffff,2
871942483ffffff,2
871942542ffffff,2
8719464e2ffffff,2
871951068ffffff,2
8719518a1ffffff,2
871951b03ffffff,2
871959913ffffff,2
87195c0d8ffffff,2
87195c142ffffff,2
87195c82bffffff,2
87195ccb3ffffff,2
8719732adffffff,2
871973358ffffff,2
87182125affffff,2
871941183ffffff,2
87194a5b6ffffff,2
87194a825ffffff,2
87194e621ffffff,2
8719587a6ffffff,2
871959430ffffff,2
871959b19ffffff,2
871959bacffffff,2
87195b931ffffff,2
87195ca1bffffff,2
871972603ffffff,2
8718255a8ffffff,2
87182c121ffffff,2
87190dc2dffffff,2
87194051affffff,2
8719423a8ffffff,2
871942b2affffff,2
87194359cffffff,2
87194655dffffff,2
8719484a1ffffff,2
8719484a6ffffff,2
871948c18ffffff,2
87194a7a0ffffff,2
87194a8aeffffff,2
87194ad9affffff,2
871958421ffffff,2
871959140ffffff,2
87195a162ffffff,2
87195c311ffffff,2
87195c809ffffff,2
87182ca99ffffff,2
87182cc20ffffff,2
8718740dbffffff,2
87187460effffff,2
871909ae2ffffff,2
871909b6dffffff,2
871928053ffffff,2
871942058ffffff,2
8719432dcffffff,2
8719434daffffff,2
87194a133ffffff,2
87194ac25ffffff,2
87195128dffffff,2
871951392ffffff,2
871958a82ffffff,2
871959323ffffff,2
87195cc0dffffff,2
87182c421ffffff,2
871940733ffffff,2
871941261ffffff,2
87194249dffffff,2
871946245ffffff,2
87194a0e6ffffff,2
87194a194ffffff,2
87194ad2bffffff,2
87194e442ffffff,2
871951959ffffff,2
871951a2cffffff,2
871951ab3ffffff,2
871958730ffffff,2
871959172ffffff,2
87195b730ffffff,2
87195c8e3ffffff,2
87195d229ffffff,2
871972742ffffff,2
871825668ffffff,2
87182aad0ffffff,2
87182e05cffffff,2
87190dd2effffff,2
87194248bffffff,2
8719434dcffffff,2
8719436c8ffffff,2
8719436d9ffffff,2
87194ea14ffffff,2
8719590f3ffffff,2
87195ab24ffffff,2
87195ada5ffffff,2
87195c75effffff,2
87195d84affffff,2
87195d89dffffff,2
871972152ffffff,2
87197260effffff,2
871973356ffffff,2
87182e523ffffff,2
87182e933ffffff,2
871872922ffffff,2
87192b454ffffff,2
8719434d6ffffff,2
871943d00ffffff,2
87194a8b0ffffff,2
87194aa15ffffff,2
87194e792ffffff,2
8719569a3ffffff,2
87195862cffffff,2
87195cb24ffffff,2
87195d2d0ffffff,2
87195e69effffff,2
871972714ffffff,2
87194219effffff,2
871942284ffffff,2
871942431ffffff,2
8719432c0ffffff,2
87194a735ffffff,2
87194ac16ffffff,2
87194e134ffffff,2
87194e140ffffff,2
871951a28ffffff,2
871956832ffffff,2
871958444ffffff,2
87195aa00ffffff,2
87195c4abffffff,2
87195d259ffffff,2
87195d96effffff,2
87195dad2ffffff,2
871972398ffffff,2
871973372ffffff,2
87182c128ffffff,2
87182c803ffffff,2
87190978dffffff,2
8719428e6ffffff,2
87194a558ffffff,2
87194e68effffff,2
871958735ffffff,2
87195b40dffffff,2
87195c005ffffff,2
87195c073ffffff,2
87195c0eaffffff,2
87195cd15ffffff,2
87195d859ffffff,2
87195dbb6ffffff,2
871972391ffffff,2
871973360ffffff,2
871973370ffffff,2
87182a3a3ffffff,2
87182aa46ffffff,2
87182ea59ffffff,2
8719420c1ffffff,2
871942cc1ffffff,2
871943c8cffffff,2
87194609affffff,2
871946cb2ffffff,2
87194a988ffffff,2
87194ace4ffffff,2
87194e6ebffffff,2
8719518c4ffffff,2
871951b8bffffff,2
871958074ffffff,2
87195908affffff,2
871959449ffffff,2
87195d19cffffff,2
8719723a0ffffff,2
871972bb4ffffff,2
87197689dffffff,2
872a4c109ffffff,2
871823869ffffff,2
87197248affffff,2
87194245effffff,2
87194a1a6ffffff,2
87194e651ffffff,2
871958840ffffff,2
87195906bffffff,2
87195ac26ffffff,2
87195c055ffffff,2
87195c275ffffff,2
87195c466ffffff,2
87195c956ffffff,2
87195d245ffffff,2
87195d246ffffff,2
87195da2dffffff,2
8719721abffffff,2
871825191ffffff,2
87182c150ffffff,2
87182e609ffffff,2
871870d33ffffff,2
871941425ffffff,2
871942796ffffff,2
871942d53ffffff,2
87194acaeffffff,2
871951aa0ffffff,2
871952c40ffffff,2
871952d63ffffff,2
87195c31cffffff,2
87195ccebffffff,2
87195db9bffffff,2
8719762aeffffff,2
871821a94ffffff,2
87182a3b1ffffff,2
8718740eeffffff,2
8719410edffffff,2
871941780ffffff,2
87194256dffffff,2
87194ad69ffffff,2
871958235ffffff,2
871958440ffffff,2
8719597a5ffffff,2
8719597b2ffffff,2
87195ab9effffff,2
87195c06affffff,2
87195c0f2ffffff,2
87195ccb5ffffff,2
87195d30cffffff,2
87195d558ffffff,2
87195d748ffffff,2
87195dae8ffffff,2
87195eb58ffffff,2
87197272cffffff,2
87192ba88ffffff,2
87194169affffff,2
8719420b0ffffff,2
8719427b2ffffff,2
871942ce1ffffff,2
87194acadffffff,2
871951854ffffff,2
871956ac8ffffff,2
87195b080ffffff,2
87195b465ffffff,2
87195c206ffffff,2
87195d880ffffff,2
87195d909ffffff,2
87195e0a6ffffff,2
871973425ffffff,2
871909b8bffffff,2
871943d04ffffff,2
871946541ffffff,2
87194ac12ffffff,2
871958a21ffffff,2
8719599adffffff,2
87195c006ffffff,2
87195c4f4ffffff,2
87195d388ffffff,2
87195d735ffffff,2
87195db53ffffff,2
87195e942ffffff,2
871828c04ffffff,2
871942c6affffff,2
87194e6ecffffff,2
871951b2affffff,2
871958360ffffff,2
8719588c1ffffff,2
8719588c3ffffff,2
871959aa5ffffff,2
87195cc74ffffff,2
87182ab9bffffff,2
87182e0cbffffff,2
87192c60affffff,2
871942153ffffff,2
87194241dffffff,2
871943125ffffff,2
8719465a4ffffff,2
871946ad3ffffff,2
871948408ffffff,2
87194e4b2ffffff,2
871954da4ffffff,2
871955243ffffff,2
871955660ffffff,2
87195c35effffff,2
87195db89ffffff,2
8719723a3ffffff,2
871972ae6ffffff,2
871973341ffffff,2
871821748ffffff,2
87182c10cffffff,2
87182c8f6ffffff,2
87194210cffffff,2
871942386ffffff,2
871942555ffffff,2
871942a94ffffff,2
871948cf6ffffff,2
87194ad72ffffff,2
87194e0d1ffffff,2
87194e488ffffff,2
87194e694ffffff,2
87194e833ffffff,2
871951056ffffff,2
87195316cffffff,2
871954325ffffff,2
87195451effffff,2
871959101ffffff,2
8709a096bffffff,2
87182315affffff,2
871825443ffffff,2
871825ad9ffffff,2
87190c332ffffff,2
871942662ffffff,2
87194359dffffff,2
87194a91bffffff,2
87194e6e5ffffff,2
871951ab5ffffff,2
871958325ffffff,2
871959145ffffff,2
87195b781ffffff,2
87195cd1dffffff,2
87195da02ffffff,2
87182a8e4ffffff,2
87194042effffff,2
87194340bffffff,2
871948532ffffff,2
871952992ffffff,2
871955cecffffff,2
871958163ffffff,2
87195816dffffff,2
87195b125ffffff,2
87195daa9ffffff,2
87195e900ffffff,2
871972ad6ffffff,2
8719768e8ffffff,2
871823611ffffff,2
8718280aeffffff,2
87190e866ffffff,2
87194331dffffff,2
87194ac04ffffff,2
8719510ebffffff,2
871951b4cffffff,2
8719543a6ffffff,2
871955d86ffffff,2
871958796ffffff,2
871959929ffffff,2
871959b1affffff,2
87195d78dffffff,2
87195dbb4ffffff,2
87195e3aeffffff,2
8719728a4ffffff,2
871823833ffffff,2
871943d2effffff,2
87194a453ffffff,2
87194ad9bffffff,2
87194e2a6ffffff,2
871951121ffffff,2
871954db3ffffff,2
87195ba0effffff,2
87195d85bffffff,2
871972154ffffff,2
87190d966ffffff,2
871943203ffffff,2
87194a550ffffff,2
87194ac59ffffff,2
87194e4dbffffff,2
87194e695ffffff,2
87194ecaaffffff,2
87195bce5ffffff,2
87195c95dffffff,2
87195da1cffffff,2
87180cd09ffffff,2
87192b680ffffff,2
8719405a9ffffff,2
871942c4dffffff,2
871942cddffffff,2
8719430c4ffffff,2
87194a08bffffff,2
87194e655ffffff,2
871955458ffffff,2
871958852ffffff,2
871959173ffffff,2
87195bd8bffffff,2
87195c04bffffff,2
87195c8edffffff,2
87195d853ffffff,2
87195dae0ffffff,2
871976296ffffff,2
87182e1abffffff,2
87182ec6affffff,2
871874a2cffffff,2
871941350ffffff,2
8719424d8ffffff,2
87194254affffff,2
8719430f5ffffff,2
871943b29ffffff,2
871973259ffffff,2
87194e2ccffffff,2
8719518b3ffffff,2
8719587b0ffffff,2
87195959dffffff,2
871959948ffffff,2
87195bc61ffffff,2
87195cc05ffffff,2
87195d196ffffff,2
87195d30dffffff,2
87192b933ffffff,2
87194a1b4ffffff,2
87194aca0ffffff,2
87194ad1bffffff,2
87194e4b0ffffff,2
8719510e8ffffff,2
871951a61ffffff,2
871954d24ffffff,2
87195c076ffffff,2
87195c398ffffff,2
87195dc4bffffff,2
87197270dffffff,2
8719727acffffff,2
871942090ffffff,2
8719421acffffff,2
87194269effffff,2
87194ec9dffffff,2
871951059ffffff,2
8719518e9ffffff,2
871951a88ffffff,2
871951b06ffffff,2
871951b33ffffff,2
871955c11ffffff,2
871958373ffffff,2
87195bcd3ffffff,2
87195d96affffff,2
871972756ffffff,2
87197336affffff,2
871821013ffffff,2
87182c155ffffff,2
87182c8c2ffffff,2
87182e931ffffff,2
87190c035ffffff,2
87194204effffff,2
87194254bffffff,2
87194a004ffffff,2
87194a921ffffff,2
87194e444ffffff,2
871951070ffffff,2
87195a160ffffff,2
87195c2f4ffffff,2
87195c318ffffff,2
87195c96cffffff,2
87195cac6ffffff,2
87195d34effffff,2
87195d722ffffff,2
871972bb5ffffff,2
871973201ffffff,2
871801944ffffff,2
871828ce3ffffff,2
87182e582ffffff,2
87190c780ffffff,2
871940734ffffff,2
8719421aaffffff,2
871943004ffffff,2
87194ac6affffff,2
87194e656ffffff,2
871951160ffffff,2
871952cd5ffffff,2
871958270ffffff,2
87195830cffffff,2
871958a49ffffff,2
87195a888ffffff,2
87195bc70ffffff,2
87195c344ffffff,2
87182e40bffffff,2
871909a48ffffff,2
871941051ffffff,2
871942093ffffff,2
8719420a8ffffff,2
8719420edffffff,2
8719424d1ffffff,2
87194ad18ffffff,2
871951798ffffff,2
871954d73ffffff,2
871955adbffffff,2
871955c5dffffff,2
871958b68ffffff,2
87195999affffff,2
87195b00affffff,2
87195cd71ffffff,2
87195d2a2ffffff,2
871973269ffffff,2
871976b94ffffff,2
87182c81bffffff,2
87182c8ddffffff,2
871874aebffffff,2
87190986effffff,2
87194009bffffff,2
87194ab98ffffff,2
871959171ffffff,2
87195a166ffffff,2
87195a8d9ffffff,2
871973268ffffff,2
871825012ffffff,2
87182a718ffffff,2
8719414a1ffffff,2
871942223ffffff,2
871942b13ffffff,2
871942cd8ffffff,2
871943590ffffff,2
87194ad0cffffff,2
87194ad95ffffff,2
87194e6d3ffffff,2
871951943ffffff,2
871954da6ffffff,2
87195839dffffff,2
871972768ffffff,2
8709a6b60ffffff,2
8718236a5ffffff,2
87182a760ffffff,2
87182c52bffffff,2
87182eb69ffffff,2
8718746f6ffffff,2
871942426ffffff,2
871942b0dffffff,2
87194e02bffffff,2
871951b99ffffff,2
8719590e8ffffff,2
87195cac2ffffff,2
87195d44effffff,2
871972775ffffff,2
87182525dffffff,2
871828790ffffff,2
8718740d8ffffff,2
871874618ffffff,2
871874addffffff,2
87192b6ebffffff,2
871942989ffffff,2
871942d4cffffff,2
871948476ffffff,2
87194a182ffffff,2
87194a885ffffff,2
87194a923ffffff,2
87194e6aaffffff,2
87195182effffff,2
8719590c0ffffff,2
87195acc3ffffff,2
87195c171ffffff,2
87195cb55ffffff,2
871972014ffffff,2
871972145ffffff,2
871874ae2ffffff,2
87190b324ffffff,2
871941704ffffff,2
871942380ffffff,2
8719424d9ffffff,2
8719426b6ffffff,2
871942c51ffffff,2
8719434f3ffffff,2
87194a588ffffff,2
87194ac51ffffff,2
87194e0edffffff,2
87195169affffff,2
871951891ffffff,2
8719519a5ffffff,2
871951aaeffffff,2
871951b5affffff,2
871958380ffffff,2
87195ab66ffffff,2
87195b8c3ffffff,2
87195c262ffffff,2
87195d2f0ffffff,2
871874925ffffff,2
871943818ffffff,2
871950b25ffffff,2
871955604ffffff,2
8719556b1ffffff,2
871958102ffffff,2
87195aa33ffffff,2
87195cb32ffffff,2
87195cb45ffffff,2
87195d453ffffff,2
87195d86dffffff,2
87195dc13ffffff,2
871805ba8ffffff,2
87182c166ffffff,2
871908911ffffff,2
87192b086ffffff,2
8719410eaffffff,2
87194132affffff,2
871942134ffffff,2
871942a86ffffff,2
871942cc5ffffff,2
871942ceeffffff,2
871943493ffffff,2
871946cddffffff,2
871946ccaffffff,2
87194e0e0ffffff,2
87194e39cffffff,2
87194e622ffffff,2
87194ec91ffffff,2
871951312ffffff,2
8719518e8ffffff,2
871951aeaffffff,2
871958d8dffffff,2
871959026ffffff,2
871959034ffffff,2
871959933ffffff,2
87195ab01ffffff,2
87195c0cbffffff,2
87195d38bffffff,2
87195da8affffff,2
87195dac5ffffff,2
871972312ffffff,2
871976648ffffff,2
871825858ffffff,3
871909042ffffff,3
871909998ffffff,3
8719421b4ffffff,3
871946ad0ffffff,3
871955b54ffffff,3
87195902dffffff,3
87195a2d5ffffff,3
87195cc28ffffff,3
87195dd70ffffff,3
871972704ffffff,3
871973d22ffffff,3
871976310ffffff,3
871825859ffffff,3
87182a314ffffff,3
871874168ffffff,3
87187431effffff,3
87194e6a1ffffff,3
871958809ffffff,3
871959024ffffff,3
871959badffffff,3
87195c3aaffffff,3
87195cd80ffffff,3
87182e8a6ffffff,3
8719421a9ffffff,3
871942785ffffff,3
871946380ffffff,3
871946acbffffff,3
87194ad8dffffff,3
87195124cffffff,3
87195189cffffff,3
8719590ccffffff,3
871972620ffffff,3
87182a489ffffff,3
871942832ffffff,3
87194a19bffffff,3
87194ad29ffffff,3
87194ed1dffffff,3
871951063ffffff,3
871951123ffffff,3
87195840bffffff,3
871959ab1ffffff,3
87195c3adffffff,3
87195dae3ffffff,3
87197272effffff,3
87194ac98ffffff,3
871951044ffffff,3
8719524dcffffff,3
871954175ffffff,3
8719597acffffff,3
87195b46affffff,3
87195d88cffffff,3
87195e859ffffff,3
8719720d9ffffff,3
871823324ffffff,3
87194042affffff,3
871943489ffffff,3
87195d36dffffff,3
87194e658ffffff,3
871958d02ffffff,3
87195d719ffffff,3
87195d808ffffff,3
871972018ffffff,3
871801156ffffff,3
8718233a8ffffff,3
87182a66bffffff,3
87182c720ffffff,3
87195c934ffffff,3
87195d256ffffff,3
87195d8abffffff,3
871942913ffffff,3
8719433a6ffffff,3
8719433b5ffffff,3
87194a564ffffff,3
87194ac24ffffff,3
871972123ffffff,3
871972743ffffff,3
8719763a9ffffff,3
87182c548ffffff,3
87194105effffff,3
87194a826ffffff,3
87194aa16ffffff,3
87194e6dbffffff,3
87194e875ffffff,3
87195a42cffffff,3
87195c0ebffffff,3
87195d2abffffff,3
87195d882ffffff,3
87195d883ffffff,3
87182a322ffffff,3
8719422c6ffffff,3
871942c42ffffff,3
871953af5ffffff,3
871958608ffffff,3
87195dd66ffffff,3
87182c09affffff,3
871942c53ffffff,3
87194e58dffffff,3
871958674ffffff,3
871959161ffffff,3
871959a15ffffff,3
87195b711ffffff,3
871973163ffffff,3
871973175ffffff,3
871940721ffffff,3
8719423b1ffffff,3
87194ac2bffffff,3
87194e49effffff,3
87194e526ffffff,3
871955399ffffff,3
871958b1bffffff,3
8719597a3ffffff,3
87195b090ffffff,3
87195da8dffffff,3
87182ac6effffff,3
871951ac1ffffff,3
871958851ffffff,3
871805b44ffffff,3
87182a28effffff,3
87182e6eeffffff,3
871909a9affffff,3
871909ad4ffffff,3
87194256bffffff,3
87194a0a6ffffff,3
8719590d2ffffff,3
87195b565ffffff,3
87195d361ffffff,3
871909a66ffffff,3
87192ba51ffffff,3
871943595ffffff,3
87194ad19ffffff,3
87194ecebffffff,3
871950865ffffff,3
871951834ffffff,3
871959720ffffff,3
87195cb9bffffff,3
87195d19affffff,3
871972455ffffff,3
871972783ffffff,3
8718250adffffff,3
871874614ffffff,3
87192b32effffff,3
87194e662ffffff,3
87194e6b2ffffff,3
87194e6c0ffffff,3
87194ed95ffffff,3
871954d54ffffff,3
87195d84bffffff,3
87192b71bffffff,3
871940401ffffff,3
87194054affffff,3
871951b25ffffff,3
87194655bffffff,3
87194a165ffffff,3
87195c62effffff,3
87195d09effffff,3
87195dd75ffffff,3
871973336ffffff,3
8719735a0ffffff,3
8719766c5ffffff,3
8719422a3ffffff,3
871946549ffffff,3
87194654affffff,3
87194a565ffffff,3
87195181dffffff,3
871951850ffffff,3
871951852ffffff,3
871951b82ffffff,3
87195b15affffff,3
87195d376ffffff,3
87187404dffffff,3
8719282a0ffffff,3
87194376effffff,3
87194a0f5ffffff,3
87194ad54ffffff,3
87194e6d1ffffff,3
8719580b6ffffff,3
87195994effffff,3
87195c690ffffff,3
87195c908ffffff,3
87195cd85ffffff,3
87190c6d6ffffff,3
87194e640ffffff,3
87194e6f6ffffff,3
871951b69ffffff,3
871952434ffffff,3
87195b61bffffff,3
87195c2a0ffffff,3
87195c413ffffff,3
87195d364ffffff,3
871801a84ffffff,3
871805aa0ffffff,3
87194a8b2ffffff,3
87194a904ffffff,3
871951804ffffff,3
871952c66ffffff,3
871959a89ffffff,3
871973adbffffff,3
871821cd6ffffff,3
871909ad2ffffff,3
8719422b1ffffff,3
8719430f0ffffff,3
871946474ffffff,3
87194aaa3ffffff,3
871953ae5ffffff,3
87195a412ffffff,3
87195ab74ffffff,3
87182a658ffffff,3
871909ad3ffffff,3
87192b60cffffff,3
871943656ffffff,3
87194aa14ffffff,3
87194e0deffffff,3
87194e61cffffff,3
87194e68cffffff,3
871951b5bffffff,3
871955650ffffff,3
87195c382ffffff,3
87182c12affffff,3
871909b41ffffff,3
871942018ffffff,3
871959154ffffff,3
87195c95bffffff,3
8719728b2ffffff,3
8718250acffffff,3
87182ea40ffffff,3
871909398ffffff,3
871909b63ffffff,3
8719424ceffffff,3
871951b6bffffff,3
87195c0d4ffffff,3
87195d98affffff,3
87195da23ffffff,3
871973a8bffffff,3
87182c023ffffff,3
871953b6bffffff,3
87195c0cdffffff,3
87195d261ffffff,3
87197320cffffff,3
8718746ebffffff,3
87194adb3ffffff,3
871951a1affffff,3
87195246cffffff,3
87195b966ffffff,3
87195c829ffffff,3
87195d061ffffff,3
87195da46ffffff,3
87195da95ffffff,3
87195db2affffff,3
871972726ffffff,3
87190d8dbffffff,3
8719420cdffffff,3
8719427a3ffffff,3
871946548ffffff,3
871948c1dffffff,3
871951170ffffff,3
87195a142ffffff,3
87195aa03ffffff,3
87195c16bffffff,3
87195c3acffffff,3
8719724e1ffffff,3
8709a6b6effffff,3
87182880bffffff,3
8719436cbffffff,3
871951105ffffff,3
871951165ffffff,3
87195b854ffffff,3
8719720b3ffffff,3
87182c305ffffff,3
87194284effffff,3
87194322bffffff,3
871958395ffffff,3
871958448ffffff,3
871958a66ffffff,3
871973223ffffff,3
871941356ffffff,3
8719460a2ffffff,3
871946c96ffffff,3
871955772ffffff,3
87195c558ffffff,3
87195d749ffffff,3
87195d75cffffff,3
87194c5adffffff,3
87194ec12ffffff,3
87195bc45ffffff,3
87195d096ffffff,3
87195d211ffffff,3
871972304ffffff,3
871870d76ffffff,3
87194ad89ffffff,3
87194e692ffffff,3
8719569a1ffffff,3
871959b0dffffff,3
87195dadcffffff,3
87195e575ffffff,3
8719724d5ffffff,3
8719424cbffffff,3
871946acaffffff,3
871948cd0ffffff,3
87194aca6ffffff,3
87194e745ffffff,3
87195bd45ffffff,3
87195c828ffffff,3
87195da19ffffff,3
871874a5cffffff,3
8719088c3ffffff,3
87194104effffff,3
8719425a2ffffff,3
871942ca2ffffff,3
87194e2f5ffffff,3
871951858ffffff,3
871952c62ffffff,3
87195d360ffffff,3
871941ac6ffffff,3
8719424deffffff,3
871943031ffffff,3
87194e759ffffff,3
8719586b5ffffff,3
87195c883ffffff,3
87195ca0effffff,3
871973213ffffff,3
87194200affffff,3
871942088ffffff,3
8719424d4ffffff,3
871942583ffffff,3
87194a7b3ffffff,3
87194ac1cffffff,3
87194accaffffff,3
8719512f2ffffff,3
87195caa9ffffff,3
87195d2adffffff,3
87195d2e8ffffff,3
871874755ffffff,3
871946c8effffff,3
87194a103ffffff,3
87194e6c3ffffff,3
8719580d2ffffff,3
871958aa2ffffff,3
87195c0e5ffffff,3
87194ac35ffffff,3
8719518f5ffffff,3
87195c0ccffffff,3
87195c296ffffff,3
87195d19effffff,3
87195d4c5ffffff,3
87195dac0ffffff,3
8719727b5ffffff,3
87197300cffffff,3
871801a48ffffff,3
871805baaffffff,3
8719402c2ffffff,3
8719434cbffffff,3
871946096ffffff,3
87194e6c4ffffff,3
87195c224ffffff,3
87195ca4affffff,3
871825013ffffff,3
871870d81ffffff,3
87194a5a3ffffff,3
871951053ffffff,3
8719513b0ffffff,3
87195c1a0ffffff,3
87195d264ffffff,3
871828964ffffff,3
87182a04dffffff,3
87194a06bffffff,3
871951b42ffffff,3
871954d15ffffff,3
871955756ffffff,3
87195575bffffff,3
8719582e1ffffff,3
87195ab06ffffff,3
87195b850ffffff,3
871972069ffffff,3
8718215a0ffffff,3
871909ae5ffffff,3
8719435b1ffffff,3
87194e69effffff,3
87195178dffffff,3
871959b9effffff,3
87195c048ffffff,3
87195c394ffffff,3
871972605ffffff,3
871909aecffffff,3
871942cdcffffff,3
871942ce9ffffff,3
871942cf5ffffff,3
87194acb6ffffff,3
87195c049ffffff,3
87195c915ffffff,3
8719728a6ffffff,3
87182579dffffff,3
87182c44dffffff,3
871929768ffffff,3
8719410e9ffffff,3
871948503ffffff,3
87194e0a8ffffff,3
87195ab62ffffff,3
87195d2e4ffffff,3
871908274ffffff,3
87194618cffffff,3
87194a952ffffff,3
87194a96dffffff,3
87194e2a5ffffff,3
87195915cffffff,3
87195b863ffffff,3
87195c00cffffff,3
87195d240ffffff,3
87195d875ffffff,3
87195db08ffffff,3
87195db6bffffff,3
87197201dffffff,3
871972c26ffffff,3
871828103ffffff,3
87182a312ffffff,3
87194a915ffffff,3
871953aabffffff,3
87195c523ffffff,3
87197279dffffff,3
871940d99ffffff,3
871946464ffffff,3
87194e070ffffff,3
87194ed45ffffff,3
871953a0cffffff,3
87195cab2ffffff,3
87195d2c9ffffff,3
87182e6e0ffffff,3
871942393ffffff,3
871943625ffffff,3
87195910cffffff,3
87195c386ffffff,3
87195c961ffffff,3
8719768dbffffff,3
87182ca80ffffff,3
871942b28ffffff,3
87194ac02ffffff,3
871951760ffffff,3
871952d64ffffff,3
871958329ffffff,3
871958621ffffff,3
871959ba8ffffff,3
87195b78effffff,3
871973258ffffff,3
87197335effffff,3
87182eb42ffffff,4
871948c1cffffff,4
87194e6a6ffffff,4
871951d49ffffff,4
8719527a9ffffff,4
8719599a9ffffff,4
87195d715ffffff,4
87182a909ffffff,4
871943655ffffff,4
871948562ffffff,4
87194a112ffffff,4
87194a903ffffff,4
87194ac31ffffff,4
87195189dffffff,4
87195844effffff,4
87195cb76ffffff,4
87195d2dcffffff,4
871946542ffffff,4
87195112effffff,4
871959141ffffff,4
871959a88ffffff,4
87195ab55ffffff,4
87195c11dffffff,4
87195cacaffffff,4
87195db8bffffff,4
871941ad9ffffff,4
87194ac23ffffff,4
871951b5effffff,4
87195584cffffff,4
8719723a1ffffff,4
871825045ffffff,4
87195c2b2ffffff,4
87195ccb0ffffff,4
87195d809ffffff,4
87182a74bffffff,4
871909744ffffff,4
8719519aeffffff,4
871958452ffffff,4
87195cca6ffffff,4
87194ad8effffff,4
871954d16ffffff,4
871955d06ffffff,4
87195804affffff,4
87195836cffffff,4
871874955ffffff,4
871946742ffffff,4
87194a724ffffff,4
87194ad71ffffff,4
87194e0d6ffffff,4
871951009ffffff,4
871951b54ffffff,4
87195901affffff,4
87195c648ffffff,4
87195da25ffffff,4
8719768c0ffffff,4
8718280d4ffffff,4
87194e6f5ffffff,4
87195ca03ffffff,4
87195daccffffff,4
87195dba0ffffff,4
87182aa71ffffff,4
87182c9b2ffffff,4
87182e591ffffff,4
871909ac8ffffff,4
87194e499ffffff,4
871959589ffffff,4
871959799ffffff,4
87195ab4dffffff,4
87195ab6effffff,4
871943623ffffff,4
87195879effffff,4
87195b852ffffff,4
87195ca1affffff,4
87194046affffff,4
871940723ffffff,4
87194a824ffffff,4
871958240ffffff,4
871976001ffffff,4
871976165ffffff,4
87182c8f3ffffff,4
87182e989ffffff,4
871942784ffffff,4
87194acc9ffffff,4
87195111dffffff,4
87195b469ffffff,4
87195cc33ffffff,4
87195dd73ffffff,4
87194ad9cffffff,4
871951125ffffff,4
871954da1ffffff,4
87195dcd0ffffff,4
871942182ffffff,4
871942549ffffff,4
87194a731ffffff,4
8719518e0ffffff,4
871958481ffffff,4
87195b79cffffff,4
87195d105ffffff,4
87195dad3ffffff,4
87195daedffffff,4
87197276dffffff,4
871973351ffffff,4
87182c156ffffff,4
871953071ffffff,4
871959732ffffff,4
87195bd8affffff,4
87195dba6ffffff,4
87190b919ffffff,4
87194e2a4ffffff,4
87195106bffffff,4
871972248ffffff,4
871940406ffffff,4
87194ad93ffffff,4
87195115bffffff,4
871951b62ffffff,4
87195c336ffffff,4
871972453ffffff,4
871909360ffffff,4
8719422b5ffffff,4
871943349ffffff,4
87194a81affffff,4
8719512f0ffffff,4
871972705ffffff,4
87182a561ffffff,4
8718740eaffffff,4
871909a09ffffff,4
871909b4effffff,4
871951800ffffff,4
87195dad8ffffff,4
87195db1affffff,4
87182c564ffffff,4
8719434c0ffffff,4
87194e769ffffff,4
87195c310ffffff,4
871976c71ffffff,4
87182a316ffffff,4
871909ad8ffffff,4
8719424dbffffff,4
87194e6d4ffffff,4
87195ab94ffffff,4
87195c4f6ffffff,4
87195c952ffffff,4
8719420caffffff,4
87194e2e5ffffff,4
87194e72dffffff,4
87195a8ceffffff,4
87195dad0ffffff,4
871940700ffffff,4
871942d73ffffff,4
87194a089ffffff,4
87194e846ffffff,4
87195d368ffffff,4
87195d445ffffff,4
8719768ccffffff,4
87195da0effffff,4
87195eccdffffff,4
8719421b1ffffff,4
871951055ffffff,4
8719542c8ffffff,4
87195d790ffffff,4
87182c1aeffffff,4
871943268ffffff,4
87194ad8bffffff,4
8719597a2ffffff,4
87195d282ffffff,4
871976a93ffffff,4
871942ce0ffffff,4
8719435a2ffffff,4
871946504ffffff,4
8719484a3ffffff,4
87194eb35ffffff,4
871951041ffffff,4
871973a8affffff,4
87182c140ffffff,4
871942114ffffff,4
8719529a5ffffff,4
87195dadeffffff,4
8709a6b61ffffff,4
87182c8e2ffffff,4
87182eb43ffffff,4
8719484a5ffffff,4
87194e573ffffff,4
871959ba6ffffff,4
87195c0f4ffffff,4
8719424e3ffffff,4
87194a0d6ffffff,4
87194a7a1ffffff,4
87194e68affffff,4
871953b6effffff,4
87195910bffffff,4
87195cc76ffffff,4
87182a333ffffff,4
871959061ffffff,4
87195ba52ffffff,4
871870d8cffffff,4
87187468bffffff,4
87194e0d0ffffff,4
8719598d9ffffff,4
87195a171ffffff,4
87195d309ffffff,4
871909442ffffff,4
871941112ffffff,4
87194e6adffffff,4
871955cedffffff,4
87195876cffffff,4
871958980ffffff,4
87195ca34ffffff,4
87195d6eeffffff,4
87195dd1bffffff,4
871942ab4ffffff,4
87194ad70ffffff,4
871828c51ffffff,4
871909041ffffff,4
87190932cffffff,4
871928c58ffffff,4
871951b6effffff,4
87195c046ffffff,4
87195cadaffffff,4
87195da65ffffff,4
87195dacdffffff,4
871973228ffffff,4
871909ad5ffffff,4
871909ae8ffffff,4
87194e758ffffff,4
87194e850ffffff,4
87195189effffff,4
8719583b0ffffff,4
871958a70ffffff,4
87182c0aaffffff,4
871942552ffffff,4
8719429aeffffff,4
871946cd8ffffff,4
871955d8cffffff,4
87195a580ffffff,4
87194e6f2ffffff,4
871951b52ffffff,4
8719582e5ffffff,4
87195cad1ffffff,4
87182ea44ffffff,4
87194a931ffffff,4
871955655ffffff,4
87195d290ffffff,4
87195b12affffff,4
871973243ffffff,4
871973350ffffff,4
871821890ffffff,4
871943648ffffff,4
871954accffffff,4
87195832bffffff,4
87195d001ffffff,4
87182e590ffffff,4
87194acccffffff,4
87194e163ffffff,4
87195842bffffff,4
871959951ffffff,4
87192b681ffffff,4
87194e68dffffff,4
87182c11cffffff,4
87187416cffffff,4
871942b2bffffff,4
87194349dffffff,4
87194ad1affffff,4
87194ad90ffffff,4
871951894ffffff,4
871951a1effffff,4
87195c363ffffff,4
87195da8cffffff,4
871973262ffffff,4
871828d06ffffff,4
87194e75cffffff,4
8719518a3ffffff,4
871951a15ffffff,4
871959129ffffff,4
87195b9a9ffffff,4
87195cbb4ffffff,4
871972390ffffff,4
87194a8b6ffffff,4
87194e451ffffff,4
871955671ffffff,4
87194ac22ffffff,4
87194e659ffffff,4
871951051ffffff,4
871959448ffffff,4
871959ab5ffffff,4
87195da9cffffff,4
87195dd64ffffff,4
8718236acffffff,4
87190b322ffffff,4
87194a196ffffff,4
871951230ffffff,4
871955765ffffff,4
871958233ffffff,4
8719588eaffffff,4
871959841ffffff,4
871959b46ffffff,4
87195b56effffff,4
871973274ffffff,4
87194325cffffff,4
87195832cffffff,4
87195c099ffffff,4
87195dac1ffffff,4
87195dd60ffffff,4
8719762a1ffffff,4
8718230f5ffffff,5
871874a15ffffff,5
871941acbffffff,5
87194a902ffffff,5
87194e2dcffffff,5
87182e6c2ffffff,5
87194a4c8ffffff,5
871951a13ffffff,5
8719587b5ffffff,5
871972769ffffff,5
871942392ffffff,5
871943336ffffff,5
87194364effffff,5
87194ac11ffffff,5
87195a118ffffff,5
87195d465ffffff,5
87194e131ffffff,5
8719510c0ffffff,5
87195cb63ffffff,5
87197279cffffff,5
871909b59ffffff,5
8719435aeffffff,5
871946191ffffff,5
87195cc23ffffff,5
871805b41ffffff,5
87182811cffffff,5
87182e141ffffff,5
871941760ffffff,5
87194ad82ffffff,5
87195da44ffffff,5
871952d6bffffff,5
871959111ffffff,5
871951916ffffff,5
87195564effffff,5
87195d2a0ffffff,5
871820a43ffffff,5
87182c2caffffff,5
87194ec92ffffff,5
871958b5affffff,5
871972884ffffff,5
87182c11effffff,5
871955475ffffff,5
87195b613ffffff,5
871972104ffffff,5
8719420c8ffffff,5
87194ad94ffffff,5
871951a2dffffff,5
871951b48ffffff,5
87195c1a3ffffff,5
87195c345ffffff,5
87195cac0ffffff,5
871951b0bffffff,5
871940705ffffff,5
871941360ffffff,5
8719464a2ffffff,5
8719512b0ffffff,5
87195b6b6ffffff,5
87182c105ffffff,5
871942c43ffffff,5
87194654effffff,5
871958876ffffff,5
87194e535ffffff,5
87194ec93ffffff,5
87195d351ffffff,5
871973230ffffff,5
8719404e6ffffff,5
871958230ffffff,5
871959ab2ffffff,5
87195d899ffffff,5
871973271ffffff,5
871958c2affffff,5
87195c8eeffffff,5
87195dae1ffffff,5
87195dd71ffffff,5
871805b40ffffff,5
87182e6c0ffffff,5
871943c8effffff,5
87194a991ffffff,5
87194ace2ffffff,5
87194ad2cffffff,5
87194e495ffffff,5
8719526c8ffffff,5
87195daebffffff,5
871972886ffffff,5
87194ac32ffffff,5
87194e2e6ffffff,5
87195d311ffffff,5
871973342ffffff,5
87195ac55ffffff,5
87195d962ffffff,5
87197276affffff,5
871909a41ffffff,5
871909aebffffff,5
871942100ffffff,5
87194304effffff,5
871951aa4ffffff,5
8719580f0ffffff,5
8719590d6ffffff,5
871959a9dffffff,5
87182e6c6ffffff,5
871940405ffffff,5
8719422e2ffffff,5
871943621ffffff,5
8719580cdffffff,5
87194c49bffffff,5
8718238f4ffffff,5
87194360dffffff,5
8719518dbffffff,5
87195b680ffffff,5
87195991effffff,5
87182c0aeffffff,5
87182c108ffffff,5
871942cceffffff,5
87195dae6ffffff,5
871973349ffffff,5
87194e6cbffffff,5
871972a83ffffff,5
871954da0ffffff,5
871958b5bffffff,5
871973368ffffff,5
871973ad2ffffff,5
87182c1b1ffffff,5
871946562ffffff,5
871951b43ffffff,5
871972791ffffff,5
871973246ffffff,5
8719735b0ffffff,5
87194a518ffffff,5
87194e650ffffff,5
87195910dffffff,5
871909b6effffff,5
87192b38cffffff,5
87194040cffffff,5
871951b72ffffff,5
871951d6affffff,5
87182c891ffffff,5
871909255ffffff,5
87194348bffffff,5
87194ab99ffffff,5
87194e458ffffff,5
871955b4dffffff,5
8719587a0ffffff,5
87195da60ffffff,5
871874b26ffffff,5
87194e696ffffff,5
871958a34ffffff,5
87190d176ffffff,5
871959035ffffff,5
87190932dffffff,5
871942d20ffffff,5
87194e6d5ffffff,5
871958805ffffff,5
87195c95cffffff,5
871909ae1ffffff,5
87194e855ffffff,5
87195c753ffffff,5
87195d198ffffff,5
87195dae2ffffff,5
871908b6cffffff,5
8719424c0ffffff,5
8719587b4ffffff,5
871959d4effffff,5
87182c171ffffff,5
871951ba9ffffff,5
871958232ffffff,5
87194a48effffff,5
87194e69cffffff,5
871951054ffffff,5
87195578bffffff,5
87195916bffffff,5
8719768ebffffff,5
87195cd19ffffff,5
871951045ffffff,5
871959b98ffffff,5
87182c122ffffff,5
8719416d3ffffff,5
871955383ffffff,5
871972002ffffff,5
871973206ffffff,5
8719421a2ffffff,5
871948cc6ffffff,5
87194e48affffff,5
871958550ffffff,5
87195c3a2ffffff,5
871943582ffffff,5
871946611ffffff,5
87194e0d5ffffff,5
871958594ffffff,5
87195c958ffffff,5
87195db49ffffff,5
87182c12dffffff,5
87182e6f3ffffff,5
871870daaffffff,5
87194a900ffffff,5
87194e6f0ffffff,5
871951d65ffffff,5
87195d30effffff,5
87197335affffff,5
87195daf6ffffff,5
87194e872ffffff,6
87195a552ffffff,6
871825a60ffffff,6
87187471affffff,6
87195d34cffffff,6
87195daf4ffffff,6
871973340ffffff,6
87182e505ffffff,6
871909b8cffffff,6
87192b6c5ffffff,6
871946cb3ffffff,6
871951a29ffffff,6
87192b6eaffffff,6
87194adaaffffff,6
87195da12ffffff,6
8718746c0ffffff,6
871942cebffffff,6
87195992effffff,6
871972161ffffff,6
87194349bffffff,6
87195b91effffff,6
871951aadffffff,6
87182a3a1ffffff,6
87182c8c0ffffff,6
871942a56ffffff,6
871942ce8ffffff,6
87194aa12ffffff,6
871958714ffffff,6
87195c5aaffffff,6
8719434ddffffff,6
87195c41affffff,6
87182c32bffffff,6
871940421ffffff,6
87182c035ffffff,6
87182c114ffffff,6
87194e6aeffffff,6
871959c1bffffff,6
87197276cffffff,6
8719426a6ffffff,6
87195ab49ffffff,6
87195da50ffffff,6
8719726a9ffffff,6
8718280aaffffff,6
871959a05ffffff,6
871823029ffffff,6
87182e563ffffff,6
87195845dffffff,6
87195e466ffffff,6
87197336effffff,6
87182c8dcffffff,6
87194e7b1ffffff,6
87195d263ffffff,6
87197239effffff,6
871953a0bffffff,6
871959b84ffffff,6
87195cb2dffffff,6
871823688ffffff,6
871951ab0ffffff,6
8719588c5ffffff,6
871958391ffffff,6
87195ab6dffffff,6
87182c169ffffff,6
87182e816ffffff,6
871951bb0ffffff,6
87195c333ffffff,6
871874aceffffff,6
87195d485ffffff,6
87182c10dffffff,6
87182c8f0ffffff,6
871952d6cffffff,6
871959109ffffff,6
87195d2e2ffffff,6
87194ad8affffff,6
871955106ffffff,6
87195c00effffff,6
87195d820ffffff,6
87194e254ffffff,6
871951026ffffff,6
87194219cffffff,6
871946143ffffff,6
871958798ffffff,6
87195d382ffffff,6
871951b4bffffff,6
871942c4effffff,6
87195536effffff,6
87195d325ffffff,6
87192b748ffffff,6
87194ac0cffffff,6
87194e65cffffff,6
871958b66ffffff,6
87194aca4ffffff,6
87195c6d9ffffff,6
87195b463ffffff,6
87194a722ffffff,6
87195d09dffffff,6
87195d2a3ffffff,6
871973371ffffff,6
87182570cffffff,6
87182a3a5ffffff,6
871829928ffffff,6
87194a881ffffff,6
87194ada3ffffff,6
87195c1a2ffffff,6
87194305cffffff,6
871959b81ffffff,6
87195cd98ffffff,6
87195d8a3ffffff,6
87180132affffff,6
871951236ffffff,6
87195131affffff,6
871958103ffffff,6
871951b53ffffff,6
871951b60ffffff,6
87182c10effffff,6
871946599ffffff,6
87194e4b3ffffff,6
87195c953ffffff,6
87194ec8affffff,6
87195bc35ffffff,6
871821732ffffff,6
871943583ffffff,6
871955758ffffff,6
87182c10affffff,6
87182e86dffffff,6
87194e2f0ffffff,6
871951b08ffffff,6
871955620ffffff,6
8719464e6ffffff,6
87195b570ffffff,6
87182e5b1ffffff,6
871942149ffffff,6
87194ad03ffffff,6
87194ad0bffffff,6
87194e689ffffff,6
871828410ffffff,6
871874ac4ffffff,6
87195169bffffff,6
871973266ffffff,6
87182545cffffff,6
871946559ffffff,6
87194ad08ffffff,6
87195131bffffff,6
8718212e9ffffff,6
871942765ffffff,6
87194365affffff,6
871943761ffffff,6
871955b72ffffff,7
87195a158ffffff,7
87195c058ffffff,7
87195dac8ffffff,7
87194a555ffffff,7
87195d2b5ffffff,7
87190c8ebffffff,7
87197239dffffff,7
87195499effffff,7
871959b66ffffff,7
871972901ffffff,7
8719420ceffffff,7
871946566ffffff,7
871959ab0ffffff,7
871874032ffffff,7
87195c95effffff,7
87195d284ffffff,7
871951831ffffff,7
87195c316ffffff,7
87190c6d4ffffff,7
87194adb2ffffff,7
87194e786ffffff,7
8719583b2ffffff,7
87195dda4ffffff,7
871951062ffffff,7
8719584e5ffffff,7
871874745ffffff,7
871942c19ffffff,7
8719580c8ffffff,7
87195db0cffffff,7
87182e752ffffff,7
87195195dffffff,7
871943488ffffff,7
87194e680ffffff,7
871959baaffffff,7
87195cc01ffffff,7
871951076ffffff,7
871973346ffffff,7
87190986cffffff,7
87194ad02ffffff,7
87194e145ffffff,7
87195da58ffffff,7
871943472ffffff,7
871874124ffffff,7
871941631ffffff,7
871941106ffffff,7
87194ec99ffffff,7
87195cd9bffffff,7
8719435b3ffffff,7
871942406ffffff,7
87194eb26ffffff,7
87194e053ffffff,7
87195db5effffff,7
87187488affffff,7
871943736ffffff,7
87182c022ffffff,7
87192871dffffff,7
871948429ffffff,7
87194a0e9ffffff,7
871959105ffffff,7
87195912affffff,7
871952493ffffff,7
8719424eaffffff,7
871959322ffffff,7
8718743abffffff,7
871951890ffffff,7
87195844dffffff,7
87195abaaffffff,7
87195c3b5ffffff,7
871943171ffffff,7
871959ba3ffffff,7
871828c05ffffff,7
87194075cffffff,7
8719427a2ffffff,7
871942c5cffffff,7
87195906affffff,7
87195dbb0ffffff,7
87194321dffffff,7
87194ac36ffffff,7
871951a92ffffff,7
87182c8d8ffffff,7
8719414a5ffffff,7
87195d294ffffff,7
87194a92effffff,7
87194e688ffffff,7
87195cdb3ffffff,7
8719462aeffffff,7
8719424c5ffffff,7
871948c02ffffff,7
8719725adffffff,7
871908383ffffff,7
87194e38bffffff,7
871951806ffffff,7
871952d68ffffff,7
871951aacffffff,7
871954594ffffff,7
871825052ffffff,7
871943584ffffff,7
871948514ffffff,7
871953adcffffff,7
8719519a9ffffff,7
8719735b5ffffff,7
87195185effffff,7
87195a119ffffff,7
87194ac70ffffff,7
871958426ffffff,8
87195c0f0ffffff,8
87195d202ffffff,8
8719734a8ffffff,8
87194e531ffffff,8
87182cab3ffffff,8
87194e7b0ffffff,8
87195c3b1ffffff,8
87195da55ffffff,8
871942c5affffff,8
87194e660ffffff,8
871951b9dffffff,8
871952d45ffffff,8
87195dbadffffff,8
871909af4ffffff,8
87195da0dffffff,8
871958793ffffff,8
87195c476ffffff,8
871942cc3ffffff,8
87195124effffff,8
87182c789ffffff,8
871909a6affffff,8
87195da5cffffff,8
87194e684ffffff,8
871959cddffffff,8
87194acf5ffffff,8
87195d04dffffff,8
87182c1a3ffffff,8
87195da61ffffff,8
8719426a4ffffff,8
87195ab68ffffff,8
87195d2f4ffffff,8
871972745ffffff,8
87182a48bffffff,8
8719584ecffffff,8
871959b8effffff,8
87195d8ddffffff,8
87182cab0ffffff,8
87195d21bffffff,8
87195d21cffffff,8
87197322effffff,8
87182cab6ffffff,8
871951b76ffffff,8
871955089ffffff,8
871825a61ffffff,8
87195d2b4ffffff,8
871972ca0ffffff,8
871942912ffffff,8
87195b795ffffff,8
87195c393ffffff,8
87182e8a4ffffff,8
871951b73ffffff,8
87195d280ffffff,8
8719421abffffff,8
87194e871ffffff,8
87194e94dffffff,8
87195da63ffffff,8
87182c0e6ffffff,8
871973375ffffff,8
87194a790ffffff,8
87194ed41ffffff,8
87194ad56ffffff,8
87195b720ffffff,8
87194254dffffff,8
87195c391ffffff,8
8719720c9ffffff,8
8719518e5ffffff,8
87195d996ffffff,8
87195da45ffffff,8
871909ae3ffffff,8
87195ab6bffffff,8
87195d345ffffff,8
871828415ffffff,8
87182c6c4ffffff,8
8719429aaffffff,8
871955622ffffff,8
87195839effffff,8
871958a0bffffff,8
871959a14ffffff,8
871940720ffffff,8
87195d153ffffff,8
871825b11ffffff,8
87194e642ffffff,8
87195c3b6ffffff,8
87195d09bffffff,8
87195da59ffffff,8
871973292ffffff,8
87195e19cffffff,8
8719432c2ffffff,8
8719402c0ffffff,8
87195d825ffffff,8
87194e61effffff,9
871958c2bffffff,9
87195cd02ffffff,9
87194adaeffffff,9
87195da31ffffff,9
871909af3ffffff,9
87194ad88ffffff,9
87195d450ffffff,9
871942ce6ffffff,9
871946783ffffff,9
871958b92ffffff,9
87195cd99ffffff,9
871972636ffffff,9
871941acaffffff,9
87195cb64ffffff,9
87194269bffffff,9
87195d31affffff,9
8719768c8ffffff,9
87195c951ffffff,9
871951808ffffff,9
87195edb6ffffff,9
87195c0ddffffff,9
87194e455ffffff,9
87194e602ffffff,9
87195d36cffffff,9
87182a3b0ffffff,9
87194ad09ffffff,9
871951b55ffffff,9
871955644ffffff,9
871958b59ffffff,9
8719580f6ffffff,9
87195988bffffff,9
87195b614ffffff,9
871951d4dffffff,9
871951040ffffff,9
871942798ffffff,9
8719586b1ffffff,9
8719588e8ffffff,9
87195d706ffffff,9
871952491ffffff,9
87195d14cffffff,9
87195da54ffffff,9
87194ad91ffffff,9
87195dadbffffff,9
871972395ffffff,9
871972601ffffff,9
871958a74ffffff,9
872a4c146ffffff,9
871909a0dffffff,9
87194e0e4ffffff,9
87195c05cffffff,9
87187476effffff,9
87194a0d3ffffff,9
87182e595ffffff,9
87195d821ffffff,9
87194e144ffffff,9
87195844affffff,9
87194129affffff,9
871948545ffffff,9
87195daeeffffff,9
87195945cffffff,9
87195dd62ffffff,9
871955643ffffff,9
87182a05affffff,9
871972766ffffff,9
871951b71ffffff,9
871972cc0ffffff,9
871952d6affffff,10
87182a022ffffff,10
87194ada8ffffff,10
871955519ffffff,10
871958873ffffff,10
87194a88dffffff,10
871959ab6ffffff,10
87195d651ffffff,10
871942d52ffffff,10
87194a851ffffff,10
871874accffffff,10
87195d332ffffff,10
871909af2ffffff,10
871941af0ffffff,10
871958badffffff,10
871972006ffffff,10
87190d35cffffff,10
871959156ffffff,10
871959aa4ffffff,10
8719429adffffff,10
871959731ffffff,10
871972394ffffff,10
8719587a4ffffff,10
87195c343ffffff,10
87194aa10ffffff,10
87195d265ffffff,10
871940731ffffff,10
87194ad9effffff,10
87195d2e3ffffff,10
87195c85affffff,10
87195c3b2ffffff,10
871951235ffffff,10
87195b40cffffff,10
8718746c5ffffff,10
871942d56ffffff,10
87195d34bffffff,10
871828b85ffffff,10
871951104ffffff,10
87195d792ffffff,10
871959712ffffff,10
87195d296ffffff,10
871940704ffffff,10
871952d41ffffff,10
871909aceffffff,10
871973355ffffff,10
87182cc25ffffff,10
87195b189ffffff,10
8719726abffffff,10
87195b46bffffff,10
8718280adffffff,10
871805b5dffffff,10
87194aca1ffffff,10
87194ad2affffff,10
87195a140ffffff,10
871943581ffffff,11
87195cb75ffffff,11
87194ad1dffffff,11
871954595ffffff,11
87195841effffff,11
871959a16ffffff,11
871959b85ffffff,11
8718746eaffffff,11
871828c03ffffff,11
87182e5a2ffffff,11
87194a92affffff,11
87194e6e9ffffff,11
87182a90bffffff,11
8719424c1ffffff,11
87182aad6ffffff,11
87182c152ffffff,11
871959b09ffffff,11
87195d340ffffff,11
87197324affffff,11
871959911ffffff,11
87195cc0cffffff,11
87195848effffff,11
8719513b3ffffff,11
87195a173ffffff,11
87182cb93ffffff,11
8719724e8ffffff,11
87194e69dffffff,11
87195cd70ffffff,11
87194220bffffff,11
871801962ffffff,11
87194166dffffff,11
87195d2ebffffff,11
87194ad00ffffff,11
871958693ffffff,11
871942c5effffff,11
871972740ffffff,11
87182a749ffffff,11
87182a3a0ffffff,11
871874ac3ffffff,11
8719510c4ffffff,11
871959733ffffff,11
871948c19ffffff,11
87195c35cffffff,12
871951b84ffffff,12
871959063ffffff,12
87195dac4ffffff,12
871952d15ffffff,12
87182ac13ffffff,12
87195ab26ffffff,12
87195da6affffff,12
871955d8effffff,12
87182c146ffffff,12
871959b80ffffff,12
871874ac1ffffff,12
871943609ffffff,12
871909aeaffffff,12
871941630ffffff,12
8719485b4ffffff,12
87195d2eaffffff,12
8719768c9ffffff,12
87194e6caffffff,12
871942550ffffff,12
87195da40ffffff,12
871955673ffffff,12
871972905ffffff,12
871943ccbffffff,12
8719724f2ffffff,12
871801963ffffff,12
87194ad75ffffff,12
87194adb1ffffff,12
87194accbffffff,12
871943b5affffff,12
871950963ffffff,12
87195b08dffffff,12
87182c162ffffff,12
8719424e6ffffff,12
871909a1affffff,12
8719436a1ffffff,12
87182c1a9ffffff,12
871908b6effffff,12
87194ac33ffffff,12
87195c95affffff,12
871972793ffffff,13
871909242ffffff,13
87182a04bffffff,13
87194e623ffffff,13
87197324bffffff,13
871959710ffffff,13
8718215a1ffffff,13
871942096ffffff,13
871972019ffffff,13
87195b615ffffff,13
871909c82ffffff,13
871959b9affffff,13
87182c10bffffff,13
871951a60ffffff,13
87182c8d1ffffff,13
87195c314ffffff,13
87195c155ffffff,13
87195ad91ffffff,13
871972771ffffff,13
87195da1bffffff,13
871973220ffffff,13
8719728a5ffffff,13
871943d1cffffff,13
871943c81ffffff,13
871942546ffffff,13
87195daceffffff,13
87194305dffffff,13
87182c8deffffff,13
87195c82cffffff,13
871972386ffffff,13
8719422a2ffffff,13
871942c52ffffff,13
87195b46effffff,13
87195d34affffff,13
8719429a8ffffff,14
87194326dffffff,14
87195cda6ffffff,14
87182c8f2ffffff,14
87194e2f4ffffff,14
87195c00bffffff,14
871909c9cffffff,14
87194a933ffffff,14
87195d286ffffff,14
87194ad25ffffff,14
87194e241ffffff,14
871941364ffffff,14
87194e691ffffff,14
87194a04dffffff,14
87195d124ffffff,14
87195d889ffffff,14
87195b7a9ffffff,14
871972754ffffff,14
871955640ffffff,14
87194ac2effffff,14
871951aa9ffffff,14
87194ad2dffffff,14
87195841cffffff,14
87194e68bffffff,14
8719429abffffff,14
871942c59ffffff,14
871959ba9ffffff,14
871942525ffffff,14
87194e685ffffff,14
871972744ffffff,14
871958393ffffff,14
871942524ffffff,14
871958850ffffff,14
87197665affffff,14
871959614ffffff,14
87195c050ffffff,14
87194ac21ffffff,14
87195d2c8ffffff,14
87195aaa8ffffff,15
871951805ffffff,15
87194aa85ffffff,15
87194adadffffff,15
871801898ffffff,15
87194ad11ffffff,15
871959168ffffff,15
87195da5bffffff,15
87194adacffffff,15
8719586b0ffffff,15
87195daecffffff,15
87182c12cffffff,15
87195b00effffff,15
87195dba5ffffff,15
8719464f5ffffff,15
87194e65dffffff,15
87194e690ffffff,15
87195c342ffffff,15
871951b50ffffff,15
871959b08ffffff,15
871951b64ffffff,15
87195da42ffffff,15
871951801ffffff,15
87182e98bffffff,15
87194a888ffffff,15
871959091ffffff,15
871951b63ffffff,15
871972790ffffff,15
87195b441ffffff,15
871955586ffffff,15
87190d364ffffff,15
87194ada9ffffff,15
87194a720ffffff,16
871959cceffffff,16
871951853ffffff,16
871972764ffffff,16
87194e6d6ffffff,16
87182e396ffffff,16
87195ab69ffffff,16
871951b56ffffff,16
87195d358ffffff,16
871946cd9ffffff,16
8718280acffffff,16
87182c145ffffff,16
871874b35ffffff,16
871948533ffffff,16
87195caf5ffffff,16
87182c172ffffff,16
87195632affffff,16
87195a503ffffff,16
87195da43ffffff,16
8719416c6ffffff,16
87195d2c5ffffff,16
87194a88bffffff,16
871955469ffffff,16
87182c129ffffff,16
87195db0bffffff,16
87194291affffff,16
87197322affffff,16
8719594e2ffffff,17
87195d342ffffff,17
871901358ffffff,17
87195c64bffffff,17
871972780ffffff,17
87195c2b6ffffff,17
87182c168ffffff,17
87195879bffffff,17
87182c8d3ffffff,17
87182e584ffffff,17
871958390ffffff,17
87195ccb2ffffff,17
871951b86ffffff,17
871909aedffffff,17
871958092ffffff,17
871951320ffffff,17
87195d6ecffffff,17
8719584eeffffff,17
871909ac6ffffff,17
87195249effffff,17
87190d809ffffff,18
871958aceffffff,18
87195da11ffffff,18
87195d88effffff,18
87194a01bffffff,18
871959714ffffff,18
8719590e2ffffff,18
87195d244ffffff,18
8719426a1ffffff,18
87195da6dffffff,18
8719586b6ffffff,18
871951b68ffffff,18
871948c11ffffff,18
8719484a0ffffff,18
87182c176ffffff,18
871958169ffffff,18
87195d093ffffff,18
871943599ffffff,18
87194ac26ffffff,18
871973d70ffffff,18
87194ad8cffffff,18
871909af0ffffff,19
87195d6d6ffffff,19
871972015ffffff,19
87194ad1cffffff,19
87194e013ffffff,19
87195cb62ffffff,19
8719429acffffff,19
871940722ffffff,19
871943658ffffff,19
871958392ffffff,19
87194ad06ffffff,19
871952d6effffff,19
87195c051ffffff,19
871801a25ffffff,19
87195d099ffffff,19
87195d2cdffffff,19
87195da18ffffff,19
8719720c6ffffff,19
87182e30affffff,19
871940724ffffff,19
87195b731ffffff,19
87194e69bffffff,19
87195cb14ffffff,20
87195da53ffffff,20
871958275ffffff,20
8719584c1ffffff,20
87195da5dffffff,20
871951046ffffff,20
871942c58ffffff,20
87182e5a3ffffff,20
87182a703ffffff,20
871959303ffffff,20
87194ad1effffff,20
87194ad26ffffff,20
871959b99ffffff,20
87195c05bffffff,20
87195d098ffffff,20
87194ec98ffffff,20
87182c8dbffffff,20
87194ad0effffff,20
87195cb66ffffff,20
87194ab03ffffff,20
87194ada6ffffff,20
871973363ffffff,21
87194855affffff,21
87194ad0affffff,21
8719584c9ffffff,21
87194ad20ffffff,21
87194ad24ffffff,21
87195bc6effffff,21
87194ac9dffffff,21
871951b70ffffff,21
871951b74ffffff,21
87195190bffffff,21
87194e7b5ffffff,21
8719424f5ffffff,21
87182a2acffffff,22
87194e693ffffff,22
871973420ffffff,22
87194ad64ffffff,22
871909accffffff,22
87194358effffff,22
87182c109ffffff,22
87182e22bffffff,22
871942ce2ffffff,22
871973229ffffff,22
87182c16affffff,22
871958800ffffff,22
87194ada2ffffff,22
87192888effffff,22
871940725ffffff,22
871942424ffffff,22
8719434dbffffff,22
871946c99ffffff,22
871955461ffffff,22
87195c395ffffff,22
87182acacffffff,22
8719726a8ffffff,22
871951803ffffff,23
871951a55ffffff,23
87195860affffff,23
871958c93ffffff,23
87195da22ffffff,23
87195b169ffffff,23
87195b445ffffff,23
87195b408ffffff,23
871973352ffffff,23
87195aa02ffffff,24
871805b4effffff,24
8719728f1ffffff,24
87195caa1ffffff,24
871943586ffffff,24
87187439cffffff,24
87194a906ffffff,24
87195d469ffffff,24
871958449ffffff,24
871958183ffffff,24
87182c173ffffff,24
871958446ffffff,24
87182c16effffff,24
8719728b3ffffff,24
871909071ffffff,24
87194ada0ffffff,25
87195cb40ffffff,25
87195c254ffffff,25
87194e681ffffff,25
871909aeeffffff,25
871959aa6ffffff,25
871954901ffffff,25
87195d2b2ffffff,25
87195c05affffff,25
87182e6c5ffffff,25
871941209ffffff,26
871959320ffffff,26
87195db48ffffff,26
871942cc2ffffff,26
87195da4bffffff,26
87195d16affffff,26
871972393ffffff,26
87195c0c8ffffff,26
871955584ffffff,26
871955d81ffffff,26
87194ad10ffffff,26
87195cadcffffff,26
8719587a1ffffff,26
87194ad86ffffff,26
87194e949ffffff,26
871941000ffffff,27
871954593ffffff,27
871942548ffffff,27
87194e698ffffff,27
87195d349ffffff,27
87195da64ffffff,27
87195d2e0ffffff,28
87195d24affffff,28
871821ac1ffffff,28
87182c144ffffff,28
87195832dffffff,28
87194adb5ffffff,28
87194adb6ffffff,28
871976bb6ffffff,28
871951b44ffffff,28
87194e69affffff,29
87195db24ffffff,29
87194ad35ffffff,29
871972033ffffff,29
87182c175ffffff,29
871959b9dffffff,29
87194ad12ffffff,30
87197276effffff,30
871958a75ffffff,30
87197322dffffff,30
87195d2e1ffffff,30
8719724dcffffff,30
87194adb4ffffff,30
87194a542ffffff,30
87195991cffffff,30
87195cb61ffffff,30
87195da68ffffff,30
8719590d4ffffff,31
87194ec9effffff,31
871951073ffffff,31
87194ad13ffffff,31
87194adabffffff,31
871909ac0ffffff,31
871942396ffffff,31
87195d90bffffff,32
87195cba4ffffff,32
871942cabffffff,32
87194e699ffffff,32
87195d2eeffffff,32
8719588c0ffffff,33
87195da69ffffff,33
87195da4effffff,33
87195da74ffffff,33
87195912bffffff,34
871948cccffffff,34
871946593ffffff,34
871942c92ffffff,34
87194ad31ffffff,34
87182c8daffffff,34
871955654ffffff,34
87195d2b0ffffff,34
871943580ffffff,34
871959722ffffff,34
87195c042ffffff,34
871951851ffffff,35
87195da5effffff,35
87194218effffff,35
87195da4cffffff,35
87194ad99ffffff,35
8719586e6ffffff,35
8719543b5ffffff,35
871972763ffffff,36
87194ed86ffffff,36
871973353ffffff,36
87194ada1ffffff,36
87194ad01ffffff,36
871942644ffffff,36
871876a48ffffff,36
87194acb5ffffff,37
871958b1affffff,37
87195b6adffffff,37
87195da62ffffff,37
871959b44ffffff,37
8719420cbffffff,37
87195cd81ffffff,37
871973366ffffff,38
87195844bffffff,38
871958710ffffff,38
87194ad04ffffff,39
871959aa2ffffff,39
871942698ffffff,40
871959babffffff,40
87182c16cffffff,40
871958443ffffff,40
8719092ccffffff,40
871828ba3ffffff,41
87182a04affffff,41
87195ca59ffffff,41
871942cd0ffffff,41
871958712ffffff,41
87194ad22ffffff,41
8719420c9ffffff,41
87194a725ffffff,41
871959025ffffff,41
87195e712ffffff,42
87182a58effffff,42
87195da4affffff,42
871972731ffffff,42
87195879affffff,42
871972760ffffff,43
871909ac1ffffff,43
87195da6bffffff,44
87194105affffff,44
87182c160ffffff,44
87195d2b3ffffff,44
87195d824ffffff,46
87195c82dffffff,46
87182c161ffffff,46
87194ad05ffffff,46
87194ac8bffffff,47
87195da6cffffff,47
871951b6affffff,47
87197322cffffff,48
871951a65ffffff,48
87194ad0dffffff,48
87194ac14ffffff,48
87195822dffffff,49
87192b6c1ffffff,49
87194261bffffff,49
87195c341ffffff,49
871959aa0ffffff,50
87194e011ffffff,50
871959704ffffff,50
87194ad33ffffff,51
8719519acffffff,51
87194ad9dffffff,52
87182e6e3ffffff,52
871958ba9ffffff,52
8719768cdffffff,53
871958854ffffff,53
87194ace6ffffff,54
87195d2ccffffff,54
87194a0d2ffffff,55
87197279effffff,55
87194ad15ffffff,55
871973240ffffff,55
87194e873ffffff,56
87195d24bffffff,56
871951234ffffff,57
87195dba4ffffff,57
87194ad2effffff,58
87182c170ffffff,59
871972cc1ffffff,59
871940735ffffff,60
87194348affffff,60
87195c059ffffff,61
87195c384ffffff,62
87195d2cbffffff,63
87194ac95ffffff,64
87194ad14ffffff,65
87194e75dffffff,65
871972396ffffff,66
87194ad21ffffff,68
871942cecffffff,68
87182c163ffffff,68
87194adb0ffffff,69
87194ec9bffffff,71
87195c4a9ffffff,71
871959304ffffff,71
87194ada5ffffff,73
871909ac4ffffff,74
87195d09affffff,75
871951b40ffffff,75
8719550d6ffffff,76
871972392ffffff,79
87194a1a4ffffff,79
87194ad34ffffff,80
871959b40ffffff,84
87182cb92ffffff,85
87187460affffff,86
87195b706ffffff,86
87195da35ffffff,88
87194ad36ffffff,89
871940726ffffff,90
87194ada4ffffff,91
871976bb2ffffff,91
871951b75ffffff,92
87195d2b1ffffff,94
87195da4dffffff,96
87194ad23ffffff,97
871958716ffffff,97
871959715ffffff,98
87195cd11ffffff,99
871943608ffffff,102
871828c00ffffff,103
871959a9cffffff,104
87194ad32ffffff,104
871958855ffffff,105
87195904cffffff,106
871955646ffffff,108
87194ad16ffffff,110
87194ad30ffffff,111
87195da48ffffff,111
87195da6effffff,111
87194ed6affffff,113
871959706ffffff,114
87195b440ffffff,116
87182e6c4ffffff,122
87182e586ffffff,123
8719728b1ffffff,126
87194e0d3ffffff,128
87195d048ffffff,130
8719586b4ffffff,132
87195b444ffffff,136
8719429a9ffffff,136
871942c5dffffff,137
8719720cbffffff,137
87194e652ffffff,139
871805b43ffffff,139
87194a721ffffff,152
87182a3a4ffffff,154
87195da49ffffff,165
871909ac5ffffff,165
871972761ffffff,187
87195c340ffffff,202
87182c174ffffff,216
87194ec9affffff,234
8719587a5ffffff,265
871972765ffffff,306